num_entries,insertion_time,query_time,memory,LF
5,506,78,16339.2,0.0012207
10,125,60,8169.6,0.00244141
15,98,61,5446.4,0.00366211
20,172,61,4084.8,0.00488281
25,101,61,3267.84,0.00610352
30,124,61,2723.2,0.00732422
35,138,79,2334.17,0.00854492
40,60,61,2042.4,0.00976562
45,135,62,1815.47,0.0109863
50,83,62,1633.92,0.012207
55,101,64,1485.38,0.0134277
60,159,64,1361.6,0.0146484
65,140,64,1256.86,0.0158691
70,57,63,1167.09,0.0170898
75,58,65,1089.28,0.0183105
80,62,66,1021.2,0.0195312
85,61,64,961.129,0.020752
90,73,68,907.733,0.0219727
95,67,68,859.958,0.0231934
100,63,70,816.96,0.0244141
105,73,71,778.057,0.0256348
110,87,72,742.691,0.0268555
115,84,72,710.4,0.0280762
120,72,73,680.8,0.0292969
125,92,73,653.568,0.0305176
130,121,72,628.431,0.0317383
135,64,72,605.156,0.032959
140,68,72,583.543,0.0341797
145,130,73,563.421,0.0354004
150,77,78,544.64,0.0366211
155,106,74,527.071,0.0378418
160,64,74,510.6,0.0390625
165,111,75,495.127,0.0402832
170,183,75,480.565,0.0415039
175,75,75,466.834,0.0427246
180,66,75,453.867,0.0439453
185,71,74,441.6,0.045166
190,68,74,429.979,0.0463867
195,71,74,418.954,0.0476074
200,134,74,408.48,0.0488281
205,70,75,398.517,0.0500488
210,72,75,389.029,0.0512695
215,66,77,379.981,0.0524902
220,71,74,371.345,0.0537109
225,96,75,363.093,0.0549316
230,65,75,355.2,0.0561523
235,72,75,347.643,0.057373
240,91,74,340.4,0.0585938
245,93,73,333.453,0.0598145
250,70,78,326.784,0.0610352
255,121,76,320.376,0.0622559
260,305,83,314.215,0.0634766
265,68,75,308.287,0.0646973
270,73,76,302.578,0.065918
275,68,79,297.076,0.0671387
280,93,76,291.771,0.0683594
285,67,80,286.653,0.0695801
290,91,77,281.71,0.0708008
295,87,77,276.936,0.0720215
300,67,79,272.32,0.0732422
305,84,79,267.856,0.0744629
310,68,77,263.535,0.0756836
315,64,78,259.352,0.0769043
320,68,77,255.3,0.078125
325,98,77,251.372,0.0793457
330,71,80,247.564,0.0805664
335,68,78,243.869,0.0817871
340,93,78,240.282,0.0830078
345,115,80,236.8,0.0842285
350,64,75,233.417,0.0854492
355,65,81,230.13,0.0866699
360,91,78,226.933,0.0878906
365,71,78,223.825,0.0891113
370,66,78,220.8,0.090332
375,94,81,217.856,0.0915527
380,67,80,214.989,0.0927734
385,64,78,212.197,0.0939941
390,66,80,209.477,0.0952148
395,64,82,206.825,0.0964355
400,117,81,204.24,0.0976562
405,70,80,201.719,0.098877
410,68,78,199.259,0.100098
415,69,80,196.858,0.101318
420,71,78,194.514,0.102539
425,67,79,192.226,0.10376
430,101,79,189.991,0.10498
435,69,79,187.807,0.106201
440,64,81,185.673,0.107422
445,101,80,183.587,0.108643
450,113,81,181.547,0.109863
455,66,79,179.552,0.111084
460,66,78,177.6,0.112305
465,86,83,175.69,0.113525
470,67,81,173.821,0.114746
475,106,84,171.992,0.115967
480,65,79,170.2,0.117188
485,65,77,168.445,0.118408
490,91,80,166.727,0.119629
495,102,78,165.042,0.12085
500,66,79,163.392,0.12207
505,85,80,161.774,0.123291
510,68,83,160.188,0.124512
515,102,78,158.633,0.125732
520,80,80,157.108,0.126953
525,70,77,155.611,0.128174
530,70,75,154.143,0.129395
535,170,79,152.703,0.130615
540,157,79,151.289,0.131836
545,130,78,149.901,0.133057
550,64,80,148.538,0.134277
555,87,78,147.2,0.135498
560,127,78,145.886,0.136719
565,93,78,144.595,0.137939
570,64,79,143.326,0.13916
575,88,81,142.08,0.140381
580,91,82,140.855,0.141602
585,65,79,139.651,0.142822
590,67,80,138.468,0.144043
595,64,81,137.304,0.145264
600,65,81,136.16,0.146484
605,105,77,135.035,0.147705
610,129,79,133.928,0.148926
615,97,82,132.839,0.150146
620,95,82,131.768,0.151367
625,87,81,130.714,0.152588
630,64,81,129.676,0.153809
635,91,80,128.655,0.155029
640,129,79,127.65,0.15625
645,93,79,126.66,0.157471
650,94,82,125.686,0.158691
655,105,83,124.727,0.159912
660,71,83,123.782,0.161133
665,105,83,122.851,0.162354
670,98,82,121.934,0.163574
675,64,79,121.031,0.164795
680,91,83,120.141,0.166016
685,65,80,119.264,0.167236
690,65,81,118.4,0.168457
695,65,83,117.548,0.169678
700,88,82,116.709,0.170898
705,85,79,115.881,0.172119
710,107,84,115.065,0.17334
715,110,81,114.26,0.174561
720,151,82,113.467,0.175781
725,140,85,112.684,0.177002
730,118,84,111.912,0.178223
735,103,82,111.151,0.179443
740,113,84,110.4,0.180664
745,90,81,109.659,0.181885
750,68,82,108.928,0.183105
755,94,83,108.207,0.184326
760,85,78,107.495,0.185547
765,83,83,106.792,0.186768
770,160,82,106.099,0.187988
775,131,83,105.414,0.189209
780,65,79,104.738,0.19043
785,85,84,104.071,0.19165
790,123,81,103.413,0.192871
795,134,82,102.762,0.194092
800,89,81,102.12,0.195312
805,89,85,101.486,0.196533
810,116,81,100.859,0.197754
815,65,80,100.24,0.198975
820,143,85,99.6293,0.200195
825,66,83,99.0255,0.201416
830,142,103,98.4289,0.202637
835,115,85,97.8395,0.203857
840,95,79,97.2571,0.205078
845,70,80,96.6817,0.206299
850,103,80,96.1129,0.20752
855,92,83,95.5509,0.20874
860,87,83,94.9953,0.209961
865,89,83,94.4462,0.211182
870,65,81,93.9034,0.212402
875,69,86,93.3669,0.213623
880,95,79,92.8364,0.214844
885,68,81,92.3119,0.216064
890,97,84,91.7933,0.217285
895,156,83,91.2804,0.218506
900,67,86,90.7733,0.219727
905,66,81,90.2718,0.220947
910,66,83,89.7758,0.222168
915,69,84,89.2852,0.223389
920,135,82,88.8,0.224609
925,86,82,88.32,0.22583
930,69,84,87.8452,0.227051
935,89,82,87.3754,0.228271
940,93,81,86.9106,0.229492
945,98,82,86.4508,0.230713
950,108,83,85.9958,0.231934
955,195,85,85.5455,0.233154
960,64,84,85.1,0.234375
965,67,84,84.6591,0.235596
970,150,84,84.2227,0.236816
975,65,82,83.7908,0.238037
980,95,84,83.3633,0.239258
985,66,85,82.9401,0.240479
990,65,84,82.5212,0.241699
995,67,83,82.1065,0.24292
1000,93,81,81.696,0.244141
1005,133,87,81.2896,0.245361
1010,93,86,80.8871,0.246582
1015,111,84,80.4887,0.247803
1020,94,83,80.0941,0.249023
1025,98,87,79.7034,0.250244
1030,99,84,79.3165,0.251465
1035,67,83,78.9333,0.252686
1040,65,85,78.5538,0.253906
1045,137,82,78.178,0.255127
1050,97,80,77.8057,0.256348
1055,67,82,77.437,0.257568
1060,103,84,77.0717,0.258789
1065,135,82,76.7099,0.26001
1070,179,85,76.3514,0.26123
1075,153,87,75.9963,0.262451
1080,100,84,75.6444,0.263672
1085,104,81,75.2959,0.264893
1090,131,87,74.9505,0.266113
1095,91,84,74.6082,0.267334
1100,163,85,74.2691,0.268555
1105,97,84,73.933,0.269775
1110,91,84,73.6,0.270996
1115,118,84,73.27,0.272217
1120,91,86,72.9429,0.273438
1125,66,90,72.6187,0.274658
1130,126,86,72.2973,0.275879
1135,91,85,71.9789,0.2771
1140,68,84,71.6632,0.27832
1145,105,84,71.3502,0.279541
1150,100,84,71.04,0.280762
1155,95,86,70.7325,0.281982
1160,131,88,70.4276,0.283203
1165,134,87,70.1253,0.284424
1170,118,85,69.8256,0.285645
1175,97,86,69.5285,0.286865
1180,97,84,69.2339,0.288086
1185,68,84,68.9418,0.289307
1190,95,87,68.6521,0.290527
1195,163,82,68.3649,0.291748
1200,128,85,68.08,0.292969
1205,158,84,67.7975,0.294189
1210,103,142,67.5174,0.29541
1215,91,90,67.2395,0.296631
1220,120,85,66.9639,0.297852
1225,107,89,66.6906,0.299072
1230,80,85,66.4195,0.300293
1235,131,90,66.1506,0.301514
1240,104,84,65.8839,0.302734
1245,94,87,65.6193,0.303955
1250,83,83,65.3568,0.305176
1255,130,84,65.0964,0.306396
1260,158,88,64.8381,0.307617
1265,68,83,64.5818,0.308838
1270,124,87,64.3276,0.310059
1275,109,83,64.0753,0.311279
1280,241,87,63.825,0.3125
1285,65,83,63.5767,0.313721
1290,101,91,63.3302,0.314941
1295,68,85,63.0857,0.316162
1300,103,84,62.8431,0.317383
1305,146,83,62.6023,0.318604
1310,146,87,62.3634,0.319824
1315,110,87,62.1262,0.321045
1320,122,88,61.8909,0.322266
1325,68,85,61.6574,0.323486
1330,104,86,61.4256,0.324707
1335,122,87,61.1955,0.325928
1340,188,81,60.9672,0.327148
1345,133,86,60.7405,0.328369
1350,108,88,60.5156,0.32959
1355,118,85,60.2923,0.330811
1360,89,88,60.0706,0.332031
1365,130,87,59.8505,0.333252
1370,163,86,59.6321,0.334473
1375,144,88,59.4153,0.335693
1380,142,84,59.2,0.336914
1385,155,89,58.9863,0.338135
1390,122,88,58.7741,0.339355
1395,104,84,58.5634,0.340576
1400,144,86,58.3543,0.341797
1405,139,92,58.1466,0.343018
1410,93,86,57.9404,0.344238
1415,134,85,57.7357,0.345459
1420,71,85,57.5324,0.34668
1425,159,89,57.3305,0.3479
1430,71,91,57.1301,0.349121
1435,64,87,56.931,0.350342
1440,101,87,56.7333,0.351562
1445,96,88,56.537,0.352783
1450,85,89,56.3421,0.354004
1455,107,91,56.1485,0.355225
1460,112,87,55.9562,0.356445
1465,79,92,55.7652,0.357666
1470,70,90,55.5755,0.358887
1475,174,89,55.3871,0.360107
1480,123,89,55.2,0.361328
1485,104,87,55.0141,0.362549
1490,135,86,54.8295,0.36377
1495,90,90,54.6462,0.36499
1500,104,88,54.464,0.366211
1505,133,87,54.2831,0.367432
1510,92,85,54.1033,0.368652
1515,74,88,53.9248,0.369873
1520,176,88,53.7474,0.371094
1525,99,89,53.5711,0.372314
1530,153,91,53.3961,0.373535
1535,130,88,53.2221,0.374756
1540,213,88,53.0494,0.375977
1545,85,86,52.8777,0.377197
1550,172,89,52.7071,0.378418
1555,129,91,52.5376,0.379639
1560,121,87,52.3692,0.380859
1565,109,86,52.2019,0.38208
1570,436,84,52.0357,0.383301
1575,156,87,51.8705,0.384521
1580,144,88,51.7063,0.385742
1585,100,86,51.5432,0.386963
1590,128,86,51.3811,0.388184
1595,159,88,51.2201,0.389404
1600,118,91,51.06,0.390625
1605,68,95,50.9009,0.391846
1610,134,88,50.7429,0.393066
1615,107,94,50.5858,0.394287
1620,102,91,50.4296,0.395508
1625,135,89,50.2745,0.396729
1630,170,89,50.1202,0.397949
1635,155,85,49.967,0.39917
1640,96,90,49.8146,0.400391
1645,205,88,49.6632,0.401611
1650,178,88,49.5127,0.402832
1655,124,87,49.3631,0.404053
1660,64,89,49.2145,0.405273
1665,103,94,49.0667,0.406494
1670,96,91,48.9198,0.407715
1675,116,89,48.7737,0.408936
1680,138,92,48.6286,0.410156
1685,93,91,48.4843,0.411377
1690,227,93,48.3408,0.412598
1695,66,90,48.1982,0.413818
1700,134,87,48.0565,0.415039
1705,114,91,47.9155,0.41626
1710,109,89,47.7754,0.41748
1715,121,90,47.6362,0.418701
1720,89,91,47.4977,0.419922
1725,87,88,47.36,0.421143
1730,131,89,47.2231,0.422363
1735,85,91,47.087,0.423584
1740,64,88,46.9517,0.424805
1745,108,90,46.8172,0.426025
1750,106,93,46.6834,0.427246
1755,145,91,46.5504,0.428467
1760,91,93,46.4182,0.429688
1765,147,93,46.2867,0.430908
1770,128,90,46.1559,0.432129
1775,184,91,46.0259,0.43335
1780,103,89,45.8966,0.43457
1785,138,91,45.7681,0.435791
1790,128,90,45.6402,0.437012
1795,230,91,45.5131,0.438232
1800,92,91,45.3867,0.439453
1805,115,91,45.2609,0.440674
1810,154,90,45.1359,0.441895
1815,152,93,45.0116,0.443115
1820,127,93,44.8879,0.444336
1825,68,93,44.7649,0.445557
1830,153,88,44.6426,0.446777
1835,115,91,44.521,0.447998
1840,160,92,44.4,0.449219
1845,74,89,44.2797,0.450439
1850,65,89,44.16,0.45166
1855,132,90,44.041,0.452881
1860,102,88,43.9226,0.454102
1865,127,89,43.8048,0.455322
1870,129,86,43.6877,0.456543
1875,100,94,43.5712,0.457764
1880,96,88,43.4553,0.458984
1885,201,94,43.3401,0.460205
1890,171,92,43.2254,0.461426
1895,152,88,43.1113,0.462646
1900,103,89,42.9979,0.463867
1905,123,88,42.885,0.465088
1910,96,90,42.7728,0.466309
1915,127,90,42.6611,0.467529
1920,97,91,42.55,0.46875
1925,87,111,42.4395,0.469971
1930,158,95,42.3295,0.471191
1935,163,96,42.2202,0.472412
1940,102,92,42.1113,0.473633
1945,70,89,42.0031,0.474854
1950,180,89,41.8954,0.476074
1955,125,89,41.7882,0.477295
1960,211,94,41.6816,0.478516
1965,100,87,41.5756,0.479736
1970,188,95,41.4701,0.480957
1975,223,92,41.3651,0.482178
1980,190,87,41.2606,0.483398
1985,211,91,41.1567,0.484619
1990,121,90,41.0533,0.48584
1995,149,90,40.9504,0.487061
2000,170,88,40.848,0.488281
2005,138,93,40.7461,0.489502
2010,116,92,40.6448,0.490723
2015,115,94,40.5439,0.491943
2020,171,92,40.4436,0.493164
2025,87,91,40.3437,0.494385
2030,153,88,40.2443,0.495605
2035,226,97,40.1455,0.496826
2040,223,97,40.0471,0.498047
2045,109,92,39.9491,0.499268
2050,220,92,39.8517,0.500488
2055,178,91,39.7547,0.501709
2060,72,94,39.6583,0.50293
2065,189,94,39.5622,0.50415
2070,118,100,39.4667,0.505371
2075,167,94,39.3716,0.506592
2080,169,96,39.2769,0.507812
2085,137,94,39.1827,0.509033
2090,166,94,39.089,0.510254
2095,102,93,38.9957,0.511475
2100,90,95,38.9029,0.512695
2105,150,94,38.8105,0.513916
2110,107,90,38.7185,0.515137
2115,93,93,38.627,0.516357
2120,151,94,38.5358,0.517578
2125,157,93,38.4452,0.518799
2130,196,94,38.3549,0.52002
2135,73,96,38.2651,0.52124
2140,121,92,38.1757,0.522461
2145,108,93,38.0867,0.523682
2150,96,92,37.9981,0.524902
2155,163,96,37.91,0.526123
2160,166,95,37.8222,0.527344
2165,110,93,37.7349,0.528564
2170,224,94,37.6479,0.529785
2175,135,93,37.5614,0.531006
2180,204,94,37.4752,0.532227
2185,137,95,37.3895,0.533447
2190,107,96,37.3041,0.534668
2195,127,98,37.2191,0.535889
2200,171,96,37.1345,0.537109
2205,133,94,37.0503,0.53833
2210,159,91,36.9665,0.539551
2215,106,93,36.8831,0.540771
2220,147,93,36.8,0.541992
2225,123,94,36.7173,0.543213
2230,155,91,36.635,0.544434
2235,184,92,36.553,0.545654
2240,93,91,36.4714,0.546875
2245,99,97,36.3902,0.548096
2250,121,99,36.3093,0.549316
2255,121,89,36.2288,0.550537
2260,276,91,36.1487,0.551758
2265,142,109,36.0689,0.552979
2270,127,95,35.9894,0.554199
2275,109,91,35.9103,0.55542
2280,262,92,35.8316,0.556641
2285,119,98,35.7532,0.557861
2290,112,91,35.6751,0.559082
2295,130,97,35.5974,0.560303
2300,85,91,35.52,0.561523
2305,233,93,35.443,0.562744
2310,162,92,35.3662,0.563965
2315,119,96,35.2898,0.565186
2320,130,92,35.2138,0.566406
2325,92,98,35.1381,0.567627
2330,70,93,35.0627,0.568848
2335,182,96,34.9876,0.570068
2340,123,93,34.9128,0.571289
2345,154,104,34.8384,0.57251
2350,143,106,34.7643,0.57373
2355,106,103,34.6904,0.574951
2360,208,101,34.6169,0.576172
2365,171,106,34.5438,0.577393
2370,217,104,34.4709,0.578613
2375,195,106,34.3983,0.579834
2380,206,102,34.3261,0.581055
2385,180,94,34.2541,0.582275
2390,113,99,34.1824,0.583496
2395,182,102,34.1111,0.584717
2400,150,100,34.04,0.585938
2405,142,100,33.9692,0.587158
2410,280,104,33.8988,0.588379
2415,147,103,33.8286,0.5896
2420,89,110,33.7587,0.59082
2425,222,106,33.6891,0.592041
2430,185,99,33.6198,0.593262
2435,123,111,33.5507,0.594482
2440,163,99,33.482,0.595703
2445,221,108,33.4135,0.596924
2450,128,106,33.3453,0.598145
2455,215,107,33.2774,0.599365
2460,269,107,33.2098,0.600586
2465,142,107,33.1424,0.601807
2470,83,103,33.0753,0.603027
2475,249,106,33.0085,0.604248
2480,193,106,32.9419,0.605469
2485,177,108,32.8757,0.606689
2490,164,108,32.8096,0.60791
2495,147,104,32.7439,0.609131
2500,185,104,32.6784,0.610352
2505,150,102,32.6132,0.611572
2510,108,103,32.5482,0.612793
2515,176,103,32.4835,0.614014
2520,200,107,32.419,0.615234
2525,97,107,32.3549,0.616455
2530,225,106,32.2909,0.617676
2535,123,109,32.2272,0.618896
2540,197,106,32.1638,0.620117
2545,199,106,32.1006,0.621338
2550,209,105,32.0376,0.622559
2555,229,104,31.975,0.623779
2560,149,107,31.9125,0.625
2565,161,104,31.8503,0.626221
2570,205,108,31.7883,0.627441
2575,187,107,31.7266,0.628662
2580,129,123,31.6651,0.629883
2585,247,106,31.6039,0.631104
2590,75,106,31.5429,0.632324
2595,154,99,31.4821,0.633545
2600,178,102,31.4215,0.634766
2605,184,102,31.3612,0.635986
2610,176,106,31.3011,0.637207
2615,124,105,31.2413,0.638428
2620,153,103,31.1817,0.639648
2625,133,103,31.1223,0.640869
2630,216,104,31.0631,0.64209
2635,123,107,31.0042,0.643311
2640,196,102,30.9455,0.644531
2645,199,103,30.887,0.645752
2650,178,105,30.8287,0.646973
2655,171,101,30.7706,0.648193
2660,228,101,30.7128,0.649414
2665,140,105,30.6552,0.650635
2670,397,106,30.5978,0.651855
2675,169,108,30.5406,0.653076
2680,196,104,30.4836,0.654297
2685,199,103,30.4268,0.655518
2690,155,110,30.3703,0.656738
2695,247,107,30.3139,0.657959
2700,129,111,30.2578,0.65918
2705,193,107,30.2018,0.6604
2710,184,106,30.1461,0.661621
2715,244,105,30.0906,0.662842
2720,156,108,30.0353,0.664062
2725,190,108,29.9802,0.665283
2730,228,107,29.9253,0.666504
2735,342,102,29.8706,0.667725
2740,107,103,29.8161,0.668945
2745,162,102,29.7617,0.670166
2750,221,104,29.7076,0.671387
2755,245,108,29.6537,0.672607
2760,173,104,29.6,0.673828
2765,210,106,29.5465,0.675049
2770,161,103,29.4931,0.67627
2775,232,104,29.44,0.67749
2780,188,106,29.3871,0.678711
2785,137,99,29.3343,0.679932
2790,166,107,29.2817,0.681152
2795,186,103,29.2293,0.682373
2800,220,109,29.1771,0.683594
2805,221,105,29.1251,0.684814
2810,200,104,29.0733,0.686035
2815,203,109,29.0217,0.687256
2820,231,103,28.9702,0.688477
2825,254,104,28.9189,0.689697
2830,168,107,28.8678,0.690918
2835,189,107,28.8169,0.692139
2840,226,110,28.7662,0.693359
2845,260,106,28.7156,0.69458
2850,138,106,28.6653,0.695801
2855,216,103,28.6151,0.697021
2860,233,104,28.565,0.698242
2865,185,105,28.5152,0.699463
2870,259,107,28.4655,0.700684
2875,187,107,28.416,0.701904
2880,183,107,28.3667,0.703125
2885,217,106,28.3175,0.704346
2890,689,114,28.2685,0.705566
2895,168,110,28.2197,0.706787
2900,150,106,28.171,0.708008
2905,149,107,28.1225,0.709229
2910,210,108,28.0742,0.710449
2915,230,103,28.0261,0.71167
2920,172,106,27.9781,0.712891
2925,149,109,27.9303,0.714111
2930,291,105,27.8826,0.715332
2935,271,103,27.8351,0.716553
2940,271,103,27.7878,0.717773
2945,193,105,27.7406,0.718994
2950,285,108,27.6936,0.720215
2955,200,109,27.6467,0.721436
2960,205,108,27.6,0.722656
2965,185,108,27.5535,0.723877
2970,266,107,27.5071,0.725098
2975,259,111,27.4608,0.726318
2980,260,106,27.4148,0.727539
2985,259,107,27.3688,0.72876
2990,247,108,27.3231,0.72998
2995,234,107,27.2775,0.731201
3000,214,110,27.232,0.732422
3005,185,110,27.1867,0.733643
3010,354,112,27.1415,0.734863
3015,213,107,27.0965,0.736084
3020,231,111,27.0517,0.737305
3025,232,109,27.0069,0.738525
3030,161,109,26.9624,0.739746
3035,185,109,26.918,0.740967
3040,179,105,26.8737,0.742188
3045,207,104,26.8296,0.743408
3050,321,108,26.7856,0.744629
3055,295,110,26.7417,0.74585
3060,270,110,26.698,0.74707
3065,286,113,26.6545,0.748291
3070,222,105,26.6111,0.749512
3075,234,108,26.5678,0.750732
3080,205,114,26.5247,0.751953
3085,215,112,26.4817,0.753174
3090,192,112,26.4388,0.754395
3095,220,110,26.3961,0.755615
3100,280,110,26.3535,0.756836
3105,235,112,26.3111,0.758057
3110,257,111,26.2688,0.759277
3115,332,107,26.2266,0.760498
3120,176,111,26.1846,0.761719
3125,198,108,26.1427,0.762939
3130,259,111,26.101,0.76416
3135,259,112,26.0593,0.765381
3140,288,110,26.0178,0.766602
3145,198,106,25.9765,0.767822
3150,172,108,25.9352,0.769043
3155,220,109,25.8941,0.770264
3160,115,115,25.8532,0.771484
3165,224,113,25.8123,0.772705
3170,151,115,25.7716,0.773926
3175,266,109,25.731,0.775146
3180,179,132,25.6906,0.776367
3185,267,112,25.6502,0.777588
3190,286,110,25.61,0.778809
3195,227,109,25.57,0.780029
3200,224,108,25.53,0.78125
3205,253,113,25.4902,0.782471
3210,202,108,25.4505,0.783691
3215,284,110,25.4109,0.784912
3220,256,117,25.3714,0.786133
3225,195,110,25.3321,0.787354
3230,200,108,25.2929,0.788574
3235,296,113,25.2538,0.789795
3240,194,108,25.2148,0.791016
3245,175,115,25.176,0.792236
3250,280,112,25.1372,0.793457
3255,227,113,25.0986,0.794678
3260,300,110,25.0601,0.795898
3265,283,111,25.0217,0.797119
3270,249,118,24.9835,0.79834
3275,216,110,24.9453,0.799561
3280,209,112,24.9073,0.800781
3285,176,111,24.8694,0.802002
3290,293,114,24.8316,0.803223
3295,321,115,24.7939,0.804443
3300,187,116,24.7564,0.805664
3305,436,115,24.7189,0.806885
3310,197,114,24.6816,0.808105
3315,234,113,24.6443,0.809326
3320,193,109,24.6072,0.810547
3325,239,110,24.5702,0.811768
3330,347,116,24.5333,0.812988
3335,189,112,24.4966,0.814209
3340,229,114,24.4599,0.81543
3345,255,111,24.4233,0.81665
3350,344,113,24.3869,0.817871
3355,242,112,24.3505,0.819092
3360,216,113,24.3143,0.820312
3365,308,114,24.2782,0.821533
3370,245,115,24.2421,0.822754
3375,252,118,24.2062,0.823975
3380,168,114,24.1704,0.825195
3385,199,117,24.1347,0.826416
3390,328,112,24.0991,0.827637
3395,239,106,24.0636,0.828857
3400,329,108,24.0282,0.830078
3405,301,118,23.993,0.831299
3410,269,115,23.9578,0.83252
3415,299,111,23.9227,0.83374
3420,308,113,23.8877,0.834961
3425,275,113,23.8528,0.836182
3430,371,114,23.8181,0.837402
3435,372,111,23.7834,0.838623
3440,234,109,23.7488,0.839844
3445,314,117,23.7144,0.841064
3450,242,118,23.68,0.842285
3455,257,111,23.6457,0.843506
3460,359,114,23.6116,0.844727
3465,364,109,23.5775,0.845947
3470,232,138,23.5435,0.847168
3475,175,109,23.5096,0.848389
3480,176,107,23.4759,0.849609
3485,147,119,23.4422,0.85083
3490,486,114,23.4086,0.852051
3495,242,109,23.3751,0.853271
3500,386,110,23.3417,0.854492
3505,240,111,23.3084,0.855713
3510,236,113,23.2752,0.856934
3515,234,112,23.2421,0.858154
3520,319,112,23.2091,0.859375
3525,174,110,23.1762,0.860596
3530,251,110,23.1433,0.861816
3535,355,110,23.1106,0.863037
3540,442,115,23.078,0.864258
3545,249,113,23.0454,0.865479
3550,311,113,23.013,0.866699
3555,335,115,22.9806,0.86792
3560,240,117,22.9483,0.869141
3565,200,107,22.9161,0.870361
3570,572,112,22.884,0.871582
3575,321,116,22.852,0.872803
3580,443,112,22.8201,0.874023
3585,305,110,22.7883,0.875244
3590,459,111,22.7565,0.876465
3595,435,113,22.7249,0.877686
3600,475,117,22.6933,0.878906
3605,529,112,22.6619,0.880127
3610,311,117,22.6305,0.881348
3615,350,112,22.5992,0.882568
3620,264,113,22.568,0.883789
3625,284,110,22.5368,0.88501
3630,252,113,22.5058,0.88623
3635,327,117,22.4748,0.887451
3640,479,113,22.444,0.888672
3645,293,114,22.4132,0.889893
3650,255,114,22.3825,0.891113
3655,375,108,22.3518,0.892334
3660,302,117,22.3213,0.893555
3665,329,113,22.2909,0.894775
3670,311,111,22.2605,0.895996
3675,597,122,22.2302,0.897217
3680,588,108,22.2,0.898438
3685,384,107,22.1699,0.899658
3690,293,108,22.1398,0.900879
3695,446,109,22.1099,0.9021
3700,726,105,22.08,0.90332
3705,480,109,22.0502,0.904541
3710,523,106,22.0205,0.905762
3715,308,112,21.9908,0.906982
3720,358,118,21.9613,0.908203
3725,442,115,21.9318,0.909424
3730,559,112,21.9024,0.910645
3735,297,114,21.8731,0.911865
3740,372,117,21.8439,0.913086
3745,613,111,21.8147,0.914307
3750,804,106,21.7856,0.915527
3755,395,110,21.7566,0.916748
3760,541,124,21.7277,0.917969
3765,672,111,21.6988,0.919189
3770,662,110,21.67,0.92041
3775,403,118,21.6413,0.921631
3780,244,114,21.6127,0.922852
3785,249,121,21.5841,0.924072
3790,332,116,21.5557,0.925293
3795,351,115,21.5273,0.926514
3800,483,119,21.4989,0.927734
3805,356,112,21.4707,0.928955
3810,867,117,21.4425,0.930176
3815,595,120,21.4144,0.931396
3820,415,116,21.3864,0.932617
3825,948,112,21.3584,0.933838
3830,643,118,21.3305,0.935059
3835,1010,109,21.3027,0.936279
3840,631,103,21.275,0.9375
3845,221,106,21.2473,0.938721
3850,315,107,21.2197,0.939941
3855,448,106,21.1922,0.941162
3860,573,115,21.1648,0.942383
3865,1100,113,21.1374,0.943604
3870,496,115,21.1101,0.944824
3875,785,114,21.0828,0.946045
3880,636,117,21.0557,0.947266
3885,600,116,21.0286,0.948486
3890,893,112,21.0015,0.949707
3895,862,121,20.9746,0.950928
3900,687,117,20.9477,0.952148
3905,655,118,20.9209,0.953369
3910,752,117,20.8941,0.95459
3915,1311,117,20.8674,0.955811
3920,858,119,20.8408,0.957031
3925,975,117,20.8143,0.958252
3930,789,116,20.7878,0.959473
3935,1224,114,20.7614,0.960693
3940,737,116,20.735,0.961914
3945,1016,119,20.7087,0.963135
3950,1470,117,20.6825,0.964355
3955,1843,118,20.6564,0.965576
3960,792,116,20.6303,0.966797
3965,1245,117,20.6043,0.968018
3970,1378,122,20.5783,0.969238
3975,629,119,20.5525,0.970459
3980,2192,117,20.5266,0.97168
3985,1009,117,20.5009,0.9729
3990,603,115,20.4752,0.974121
3995,2224,119,20.4496,0.975342
4000,1512,135,20.424,0.976562
4005,1472,118,20.3985,0.977783
4010,1106,118,20.3731,0.979004
4015,2134,119,20.3477,0.980225
4020,1821,118,20.3224,0.981445
4025,2041,119,20.2971,0.982666
4030,1445,121,20.272,0.983887
4035,1038,120,20.2468,0.985107
4040,2614,120,20.2218,0.986328
4045,4007,120,20.1968,0.987549
4050,2388,116,20.1719,0.98877
4055,3668,120,20.147,0.98999
