num_entries,insertion_time,query_time,LF,memory
5,909,362,0.0012207,3276.8
10,325,164,0.00244141,1638.4
15,253,141,0.00366211,1092.27
20,368,152,0.00488281,819.2
25,203,152,0.00610352,655.36
30,231,150,0.00732422,546.133
35,264,150,0.00854492,468.114
40,584,149,0.00976562,409.6
45,217,138,0.0109863,364.089
50,270,138,0.012207,327.68
55,236,158,0.0134277,297.891
60,225,177,0.0146484,273.067
65,326,153,0.0158691,252.062
70,225,142,0.0170898,234.057
75,218,143,0.0183105,218.453
80,292,212,0.0195312,204.8
85,435,217,0.020752,192.753
90,320,263,0.0219727,182.044
95,327,246,0.0231934,172.463
100,245,164,0.0244141,163.84
105,222,163,0.0256348,156.038
110,242,167,0.0268555,148.945
115,215,145,0.0280762,142.47
120,274,172,0.0292969,136.533
125,189,156,0.0305176,131.072
130,411,176,0.0317383,126.031
135,227,154,0.032959,121.363
140,217,195,0.0341797,117.029
145,220,157,0.0354004,112.993
150,248,187,0.0366211,109.227
155,212,174,0.0378418,105.703
160,207,178,0.0390625,102.4
165,206,159,0.0402832,99.297
170,269,164,0.0415039,96.3765
175,270,194,0.0427246,93.6229
180,207,178,0.0439453,91.0222
185,409,296,0.045166,88.5622
190,383,279,0.0463867,86.2316
195,377,285,0.0476074,84.0205
200,378,260,0.0488281,81.92
205,348,267,0.0500488,79.922
210,320,244,0.0512695,78.019
215,358,285,0.0524902,76.2047
220,343,278,0.0537109,74.4727
225,366,240,0.0549316,72.8178
230,384,206,0.0561523,71.2348
235,362,269,0.057373,69.7191
240,354,225,0.0585938,68.2667
245,341,242,0.0598145,66.8735
250,373,249,0.0610352,65.536
255,331,227,0.0622559,64.251
260,761,1246,0.0634766,63.0154
265,383,285,0.0646973,61.8264
270,472,272,0.065918,60.6815
275,370,361,0.0671387,59.5782
280,346,279,0.0683594,58.5143
285,444,304,0.0695801,57.4877
290,371,265,0.0708008,56.4966
295,482,249,0.0720215,55.539
300,310,287,0.0732422,54.6133
305,362,322,0.0744629,53.718
310,435,284,0.0756836,52.8516
315,486,261,0.0769043,52.0127
320,345,314,0.078125,51.2
325,395,293,0.0793457,50.4123
330,392,321,0.0805664,49.6485
335,432,295,0.0817871,48.9075
340,330,325,0.0830078,48.1882
345,381,290,0.0842285,47.4899
350,443,281,0.0854492,46.8114
355,391,304,0.0866699,46.1521
360,402,275,0.0878906,45.5111
365,457,239,0.0891113,44.8877
370,383,291,0.090332,44.2811
375,397,274,0.0915527,43.6907
380,429,260,0.0927734,43.1158
385,367,285,0.0939941,42.5558
390,339,319,0.0952148,42.0103
395,472,234,0.0964355,41.4785
400,407,297,0.0976562,40.96
405,313,338,0.098877,40.4543
410,289,321,0.100098,39.961
415,438,270,0.101318,39.4795
420,433,273,0.102539,39.0095
425,365,317,0.10376,38.5506
430,500,265,0.10498,38.1023
435,342,353,0.106201,37.6644
440,337,263,0.107422,37.2364
445,442,241,0.108643,36.818
450,394,256,0.109863,36.4089
455,530,238,0.111084,36.0088
460,471,253,0.112305,35.6174
465,425,252,0.113525,35.2344
470,305,295,0.114746,34.8596
475,491,287,0.115967,34.4926
480,419,289,0.117188,34.1333
485,368,338,0.118408,33.7814
490,607,280,0.119629,33.4367
495,371,262,0.12085,33.099
500,412,276,0.12207,32.768
505,346,298,0.123291,32.4436
510,419,283,0.124512,32.1255
515,586,546,0.125732,31.8136
520,362,277,0.126953,31.5077
525,510,267,0.128174,31.2076
530,455,302,0.129395,30.9132
535,355,299,0.130615,30.6243
540,504,332,0.131836,30.3407
545,394,300,0.133057,30.0624
550,368,295,0.134277,29.7891
555,376,246,0.135498,29.5207
560,384,187,0.136719,29.2571
565,299,229,0.137939,28.9982
570,298,256,0.13916,28.7439
575,337,197,0.140381,28.4939
580,577,304,0.141602,28.2483
585,464,254,0.142822,28.0068
590,426,287,0.144043,27.7695
595,302,180,0.145264,27.5361
600,711,275,0.146484,27.3067
605,388,314,0.147705,27.081
610,350,303,0.148926,26.859
615,480,289,0.150146,26.6407
620,691,276,0.151367,26.4258
625,416,321,0.152588,26.2144
630,347,398,0.153809,26.0063
635,526,310,0.155029,25.8016
640,499,330,0.15625,25.6
645,413,253,0.157471,25.4016
650,578,223,0.158691,25.2062
655,460,270,0.159912,25.0137
660,422,305,0.161133,24.8242
665,510,404,0.162354,24.6376
670,375,348,0.163574,24.4537
675,462,273,0.164795,24.2726
680,327,380,0.166016,24.0941
685,395,315,0.167236,23.9182
690,532,286,0.168457,23.7449
695,354,283,0.169678,23.5741
700,491,317,0.170898,23.4057
705,382,347,0.172119,23.2397
710,456,334,0.17334,23.0761
715,408,345,0.174561,22.9147
720,433,333,0.175781,22.7556
725,306,297,0.177002,22.5986
730,382,311,0.178223,22.4438
735,458,311,0.179443,22.2912
740,494,313,0.180664,22.1405
745,535,270,0.181885,21.9919
750,392,353,0.183105,21.8453
755,491,309,0.184326,21.7007
760,438,275,0.185547,21.5579
765,618,349,0.186768,21.417
770,496,291,0.187988,21.2779
775,480,257,0.189209,21.1406
780,439,384,0.19043,21.0051
785,536,315,0.19165,20.8713
790,494,386,0.192871,20.7392
795,465,310,0.194092,20.6088
800,490,319,0.195312,20.48
805,443,263,0.196533,20.3528
810,734,318,0.197754,20.2272
815,637,252,0.198975,20.1031
820,472,340,0.200195,19.9805
825,343,300,0.201416,19.8594
830,495,346,0.202637,19.7398
835,583,297,0.203857,19.6216
840,644,328,0.205078,19.5048
845,476,267,0.206299,19.3893
850,356,246,0.20752,19.2753
855,504,312,0.20874,19.1626
860,345,287,0.209961,19.0512
865,234,220,0.211182,18.941
870,343,189,0.212402,18.8322
875,531,257,0.213623,18.7246
880,314,230,0.214844,18.6182
885,516,279,0.216064,18.513
890,330,255,0.217285,18.409
895,524,288,0.218506,18.3061
900,545,270,0.219727,18.2044
905,438,255,0.220947,18.1039
910,611,265,0.222168,18.0044
915,477,262,0.223389,17.906
920,344,255,0.224609,17.8087
925,342,256,0.22583,17.7124
930,430,271,0.227051,17.6172
935,508,318,0.228271,17.523
940,439,299,0.229492,17.4298
945,336,272,0.230713,17.3376
950,631,318,0.231934,17.2463
955,449,362,0.233154,17.156
960,411,336,0.234375,17.0667
965,394,302,0.235596,16.9782
970,403,378,0.236816,16.8907
975,702,383,0.238037,16.8041
980,389,333,0.239258,16.7184
985,566,349,0.240479,16.6335
990,553,331,0.241699,16.5495
995,773,276,0.24292,16.4663
1000,643,338,0.244141,16.384
1005,488,400,0.245361,16.3025
1010,331,277,0.246582,16.2218
1015,518,356,0.247803,16.1419
1020,651,348,0.249023,16.0627
1025,779,414,0.250244,15.9844
1030,477,318,0.251465,15.9068
1035,555,328,0.252686,15.83
1040,621,326,0.253906,15.7538
1045,420,396,0.255127,15.6785
1050,584,344,0.256348,15.6038
1055,561,361,0.257568,15.5299
1060,502,342,0.258789,15.4566
1065,635,345,0.26001,15.384
1070,668,364,0.26123,15.3121
1075,694,374,0.262451,15.2409
1080,434,340,0.263672,15.1704
1085,522,250,0.264893,15.1005
1090,558,241,0.266113,15.0312
1095,816,300,0.267334,14.9626
1100,392,289,0.268555,14.8945
1105,1093,387,0.269775,14.8271
1110,252,242,0.270996,14.7604
1115,570,262,0.272217,14.6942
1120,519,289,0.273438,14.6286
1125,328,267,0.274658,14.5636
1130,610,336,0.275879,14.4991
1135,382,282,0.2771,14.4352
1140,533,308,0.27832,14.3719
1145,556,284,0.279541,14.3092
1150,364,272,0.280762,14.247
1155,630,295,0.281982,14.1853
1160,375,254,0.283203,14.1241
1165,308,351,0.284424,14.0635
1170,479,315,0.285645,14.0034
1175,376,315,0.286865,13.9438
1180,497,280,0.288086,13.8847
1185,409,260,0.289307,13.8262
1190,720,293,0.290527,13.7681
1195,488,354,0.291748,13.7105
1200,426,332,0.292969,13.6533
1205,498,360,0.294189,13.5967
1210,339,405,0.29541,13.5405
1215,582,223,0.296631,13.4848
1220,491,300,0.297852,13.4295
1225,275,281,0.299072,13.3747
1230,584,321,0.300293,13.3203
1235,470,255,0.301514,13.2664
1240,436,385,0.302734,13.2129
1245,414,292,0.303955,13.1598
1250,446,268,0.305176,13.1072
1255,483,336,0.306396,13.055
1260,660,254,0.307617,13.0032
1265,505,300,0.308838,12.9518
1270,355,270,0.310059,12.9008
1275,298,316,0.311279,12.8502
1280,633,310,0.3125,12.8
1285,442,275,0.313721,12.7502
1290,645,333,0.314941,12.7008
1295,407,299,0.316162,12.6517
1300,650,377,0.317383,12.6031
1305,556,322,0.318604,12.5548
1310,391,345,0.319824,12.5069
1315,385,272,0.321045,12.4593
1320,735,427,0.322266,12.4121
1325,685,326,0.323486,12.3653
1330,541,354,0.324707,12.3188
1335,571,290,0.325928,12.2727
1340,624,301,0.327148,12.2269
1345,745,409,0.328369,12.1814
1350,514,395,0.32959,12.1363
1355,732,431,0.330811,12.0915
1360,608,361,0.332031,12.0471
1365,786,418,0.333252,12.0029
1370,451,490,0.334473,11.9591
1375,640,350,0.335693,11.9156
1380,516,402,0.336914,11.8725
1385,572,384,0.338135,11.8296
1390,393,375,0.339355,11.7871
1395,454,394,0.340576,11.7448
1400,534,307,0.341797,11.7029
1405,457,291,0.343018,11.6612
1410,642,502,0.344238,11.6199
1415,605,345,0.345459,11.5788
1420,882,279,0.34668,11.538
1425,499,362,0.3479,11.4975
1430,787,346,0.349121,11.4573
1435,437,394,0.350342,11.4174
1440,700,298,0.351562,11.3778
1445,466,361,0.352783,11.3384
1450,662,291,0.354004,11.2993
1455,529,317,0.355225,11.2605
1460,549,427,0.356445,11.2219
1465,588,312,0.357666,11.1836
1470,645,367,0.358887,11.1456
1475,501,458,0.360107,11.1078
1480,593,390,0.361328,11.0703
1485,609,388,0.362549,11.033
1490,471,483,0.36377,10.996
1495,801,417,0.36499,10.9592
1500,721,467,0.366211,10.9227
1505,584,464,0.367432,10.8864
1510,563,279,0.368652,10.8503
1515,521,308,0.369873,10.8145
1520,633,194,0.371094,10.7789
1525,559,337,0.372314,10.7436
1530,303,312,0.373535,10.7085
1535,703,288,0.374756,10.6736
1540,841,344,0.375977,10.639
1545,847,445,0.377197,10.6045
1550,768,382,0.378418,10.5703
1555,434,302,0.379639,10.5363
1560,496,508,0.380859,10.5026
1565,439,281,0.38208,10.469
1570,461,387,0.383301,10.4357
1575,612,353,0.384521,10.4025
1580,539,409,0.385742,10.3696
1585,502,305,0.386963,10.3369
1590,442,282,0.388184,10.3044
1595,622,340,0.389404,10.2721
1600,750,326,0.390625,10.24
1605,709,258,0.391846,10.2081
1610,594,287,0.393066,10.1764
1615,392,352,0.394287,10.1449
1620,718,291,0.395508,10.1136
1625,597,332,0.396729,10.0825
1630,667,331,0.397949,10.0515
1635,427,323,0.39917,10.0208
1640,659,225,0.400391,9.99024
1645,679,319,0.401611,9.95988
1650,556,397,0.402832,9.9297
1655,539,310,0.404053,9.8997
1660,673,316,0.405273,9.86988
1665,562,405,0.406494,9.84024
1670,599,341,0.407715,9.81078
1675,557,391,0.408936,9.78149
1680,603,389,0.410156,9.75238
1685,1083,410,0.411377,9.72344
1690,911,250,0.412598,9.69467
1695,684,323,0.413818,9.66608
1700,330,428,0.415039,9.63765
1705,659,396,0.41626,9.60938
1710,395,326,0.41748,9.58129
1715,1030,335,0.418701,9.55335
1720,624,404,0.419922,9.52558
1725,526,377,0.421143,9.49797
1730,1432,384,0.422363,9.47052
1735,648,318,0.423584,9.44323
1740,567,351,0.424805,9.41609
1745,818,346,0.426025,9.38911
1750,638,321,0.427246,9.36229
1755,774,404,0.428467,9.33561
1760,564,414,0.429688,9.30909
1765,622,251,0.430908,9.28272
1770,620,271,0.432129,9.2565
1775,503,323,0.43335,9.23042
1780,460,316,0.43457,9.20449
1785,641,460,0.435791,9.17871
1790,759,347,0.437012,9.15307
1795,1057,464,0.438232,9.12758
1800,782,366,0.439453,9.10222
1805,731,274,0.440674,9.07701
1810,1432,418,0.441895,9.05193
1815,752,345,0.443115,9.027
1820,795,295,0.444336,9.0022
1825,725,357,0.445557,8.97753
1830,871,328,0.446777,8.95301
1835,975,371,0.447998,8.92861
1840,495,349,0.449219,8.90435
1845,697,447,0.450439,8.88022
1850,669,343,0.45166,8.85622
1855,713,307,0.452881,8.83235
1860,581,375,0.454102,8.8086
1865,689,351,0.455322,8.78499
1870,723,269,0.456543,8.7615
1875,616,350,0.457764,8.73813
1880,640,285,0.458984,8.71489
1885,592,469,0.460205,8.69178
1890,974,536,0.461426,8.66878
1895,830,394,0.462646,8.64591
1900,662,634,0.463867,8.62316
1905,700,371,0.465088,8.60052
1910,967,360,0.466309,8.57801
1915,779,459,0.467529,8.55561
1920,744,331,0.46875,8.53333
1925,709,334,0.469971,8.51117
1930,567,556,0.471191,8.48912
1935,745,484,0.472412,8.46718
1940,1266,393,0.473633,8.44536
1945,674,403,0.474854,8.42365
1950,1132,426,0.476074,8.40205
1955,956,361,0.477295,8.38056
1960,710,421,0.478516,8.35918
1965,1299,348,0.479736,8.33791
1970,510,348,0.480957,8.31675
1975,883,456,0.482178,8.2957
1980,1010,419,0.483398,8.27475
1985,869,410,0.484619,8.2539
1990,443,473,0.48584,8.23317
1995,479,334,0.487061,8.21253
2000,654,394,0.488281,8.192
2005,737,404,0.489502,8.17157
2010,629,439,0.490723,8.15124
2015,511,319,0.491943,8.13102
2020,511,366,0.493164,8.11089
2025,589,366,0.494385,8.09086
2030,789,353,0.495605,8.07094
2035,660,360,0.496826,8.05111
2040,594,447,0.498047,8.03137
2045,898,444,0.499268,8.01174
2050,1245,378,0.500488,7.9922
2055,959,422,0.501709,7.97275
2060,825,495,0.50293,7.9534
2065,610,424,0.50415,7.93414
2070,477,420,0.505371,7.91498
2075,763,430,0.506592,7.8959
2080,730,452,0.507812,7.87692
2085,734,370,0.509033,7.85803
2090,717,533,0.510254,7.83923
2095,800,410,0.511475,7.82053
2100,855,410,0.512695,7.8019
2105,795,290,0.513916,7.78337
2110,515,548,0.515137,7.76493
2115,629,474,0.516357,7.74657
2120,543,477,0.517578,7.7283
2125,585,379,0.518799,7.71012
2130,438,491,0.52002,7.69202
2135,701,395,0.52124,7.674
2140,1031,448,0.522461,7.65607
2145,1172,414,0.523682,7.63823
2150,852,501,0.524902,7.62047
2155,924,392,0.526123,7.60278
2160,692,337,0.527344,7.58519
2165,1043,475,0.528564,7.56767
2170,684,384,0.529785,7.55023
2175,749,438,0.531006,7.53287
2180,752,435,0.532227,7.5156
2185,802,301,0.533447,7.4984
2190,691,414,0.534668,7.48128
2195,677,312,0.535889,7.46424
2200,992,363,0.537109,7.44727
2205,573,303,0.53833,7.43039
2210,723,308,0.539551,7.41357
2215,1169,356,0.540771,7.39684
2220,629,302,0.541992,7.38018
2225,838,436,0.543213,7.3636
2230,796,442,0.544434,7.34709
2235,1013,395,0.545654,7.33065
2240,741,434,0.546875,7.31429
2245,598,493,0.548096,7.298
2250,767,435,0.549316,7.28178
2255,802,379,0.550537,7.26563
2260,761,324,0.551758,7.24956
2265,1144,428,0.552979,7.23355
2270,1034,415,0.554199,7.21762
2275,643,416,0.55542,7.20176
2280,825,357,0.556641,7.18596
2285,972,434,0.557861,7.17024
2290,1291,343,0.559082,7.15459
2295,774,521,0.560303,7.139
2300,804,421,0.561523,7.12348
2305,1166,325,0.562744,7.10803
2310,826,376,0.563965,7.09264
2315,700,340,0.565186,7.07732
2320,439,536,0.566406,7.06207
2325,561,426,0.567627,7.04688
2330,696,413,0.568848,7.03176
2335,702,404,0.570068,7.0167
2340,564,467,0.571289,7.00171
2345,988,443,0.57251,6.98678
2350,628,393,0.57373,6.97191
2355,997,463,0.574951,6.95711
2360,739,512,0.576172,6.94237
2365,673,349,0.577393,6.9277
2370,678,271,0.578613,6.91308
2375,540,426,0.579834,6.89853
2380,710,505,0.581055,6.88403
2385,673,497,0.582275,6.8696
2390,928,265,0.583496,6.85523
2395,470,411,0.584717,6.84092
2400,664,519,0.585938,6.82667
2405,816,514,0.587158,6.81247
2410,864,329,0.588379,6.79834
2415,605,505,0.5896,6.78427
2420,572,351,0.59082,6.77025
2425,709,391,0.592041,6.75629
2430,439,401,0.593262,6.74239
2435,578,348,0.594482,6.72854
2440,492,439,0.595703,6.71475
2445,562,542,0.596924,6.70102
2450,1204,253,0.598145,6.68735
2455,764,444,0.599365,6.67373
2460,835,266,0.600586,6.66016
2465,963,477,0.601807,6.64665
2470,611,384,0.603027,6.6332
2475,680,364,0.604248,6.6198
2480,595,437,0.605469,6.60645
2485,736,346,0.606689,6.59316
2490,504,304,0.60791,6.57992
2495,685,559,0.609131,6.56673
2500,504,367,0.610352,6.5536
2505,633,325,0.611572,6.54052
2510,867,389,0.612793,6.52749
2515,1070,452,0.614014,6.51451
2520,734,566,0.615234,6.50159
2525,829,547,0.616455,6.48871
2530,786,475,0.617676,6.47589
2535,756,514,0.618896,6.46312
2540,1093,413,0.620117,6.45039
2545,1168,394,0.621338,6.43772
2550,782,371,0.622559,6.4251
2555,579,486,0.623779,6.41252
2560,1369,547,0.625,6.4
2565,952,460,0.626221,6.38752
2570,1042,451,0.627441,6.3751
2575,873,297,0.628662,6.36272
2580,931,440,0.629883,6.35039
2585,1321,444,0.631104,6.3381
2590,698,324,0.632324,6.32587
2595,803,342,0.633545,6.31368
2600,1394,439,0.634766,6.30154
2605,747,394,0.635986,6.28944
2610,809,429,0.637207,6.27739
2615,1123,633,0.638428,6.26539
2620,901,378,0.639648,6.25344
2625,769,387,0.640869,6.24152
2630,712,407,0.64209,6.22966
2635,704,503,0.643311,6.21784
2640,1292,500,0.644531,6.20606
2645,603,329,0.645752,6.19433
2650,662,535,0.646973,6.18264
2655,899,469,0.648193,6.171
2660,551,326,0.649414,6.1594
2665,404,411,0.650635,6.14784
2670,751,424,0.651855,6.13633
2675,689,428,0.653076,6.12486
2680,943,541,0.654297,6.11343
2685,1032,418,0.655518,6.10205
2690,896,432,0.656738,6.09071
2695,803,391,0.657959,6.07941
2700,1052,406,0.65918,6.06815
2705,1104,448,0.6604,6.05693
2710,461,485,0.661621,6.04576
2715,877,356,0.662842,6.03462
2720,732,423,0.664062,6.02353
2725,765,431,0.665283,6.01248
2730,548,343,0.666504,6.00147
2735,1051,404,0.667725,5.99049
2740,527,383,0.668945,5.97956
2745,1222,562,0.670166,5.96867
2750,857,476,0.671387,5.95782
2755,746,347,0.672607,5.94701
2760,1556,482,0.673828,5.93623
2765,834,345,0.675049,5.9255
2770,736,462,0.67627,5.9148
2775,759,533,0.67749,5.90414
2780,1038,498,0.678711,5.89353
2785,676,440,0.679932,5.88294
2790,810,405,0.681152,5.8724
2795,1009,339,0.682373,5.8619
2800,1017,427,0.683594,5.85143
2805,1182,292,0.684814,5.841
2810,706,381,0.686035,5.8306
2815,623,299,0.687256,5.82025
2820,628,592,0.688477,5.80993
2825,566,557,0.689697,5.79965
2830,914,474,0.690918,5.7894
2835,905,578,0.692139,5.77919
2840,1078,489,0.693359,5.76901
2845,679,405,0.69458,5.75888
2850,936,459,0.695801,5.74877
2855,725,527,0.697021,5.7387
2860,1185,546,0.698242,5.72867
2865,1152,534,0.699463,5.71867
2870,934,475,0.700684,5.70871
2875,875,540,0.701904,5.69878
2880,838,515,0.703125,5.68889
2885,843,490,0.704346,5.67903
2890,1656,483,0.694712,5.75779
2895,1113,403,0.695913,5.74784
2900,952,500,0.697115,5.73793
2905,948,548,0.698317,5.72806
2910,1055,509,0.699519,5.71821
2915,954,366,0.700721,5.7084
2920,1238,442,0.701923,5.69863
2925,1106,480,0.703125,5.68889
2930,610,564,0.704327,5.67918
2935,1362,472,0.705529,5.66951
2940,764,497,0.706731,5.65986
2945,929,388,0.707933,5.65025
2950,1332,481,0.709135,5.64068
2955,1293,662,0.710337,5.63113
2960,976,519,0.711538,5.62162
2965,1543,575,0.71274,5.61214
2970,1850,680,0.713942,5.60269
2975,704,548,0.715144,5.59328
2980,1107,520,0.716346,5.58389
2985,1521,526,0.717548,5.57454
2990,1476,497,0.71875,5.56522
2995,738,487,0.719952,5.55593
3000,1162,352,0.721154,5.54667
3005,729,364,0.722356,5.53744
3010,1156,371,0.723558,5.52824
3015,1257,440,0.72476,5.51907
3020,684,534,0.725962,5.50993
3025,881,532,0.727163,5.50083
3030,722,546,0.728365,5.49175
3035,1021,397,0.729567,5.4827
3040,947,451,0.730769,5.47368
3045,781,609,0.731971,5.4647
3050,868,550,0.733173,5.45574
3055,937,556,0.734375,5.44681
3060,977,518,0.735577,5.43791
3065,656,421,0.736779,5.42904
3070,1125,567,0.737981,5.4202
3075,1272,842,0.739183,5.41138
3080,1068,459,0.740385,5.4026
3085,1426,529,0.741587,5.39384
3090,991,485,0.742788,5.38511
3095,1135,418,0.74399,5.37641
3100,1103,538,0.745192,5.36774
3105,1018,526,0.746394,5.3591
3110,965,367,0.747596,5.35048
3115,1222,355,0.748798,5.34189
3120,875,609,0.75,5.33333
3125,728,808,0.751202,5.3248
3130,1374,522,0.752404,5.31629
3135,1075,497,0.753606,5.30781
3140,849,630,0.754808,5.29936
3145,1410,553,0.75601,5.29094
3150,921,562,0.757212,5.28254
3155,948,421,0.758413,5.27417
3160,1146,630,0.759615,5.26582
3165,1346,491,0.760817,5.2575
3170,827,473,0.762019,5.24921
3175,1198,503,0.763221,5.24094
3180,1299,391,0.764423,5.2327
3185,1266,569,0.765625,5.22449
3190,1156,577,0.766827,5.2163
3195,1506,551,0.756392,5.28826
3200,1318,417,0.757576,5.28
3205,1193,626,0.758759,5.27176
3210,1259,459,0.759943,5.26355
3215,851,708,0.761127,5.25537
3220,2122,384,0.762311,5.2472
3225,1199,462,0.763494,5.23907
3230,675,454,0.764678,5.23096
3235,1317,579,0.765862,5.22287
3240,1540,447,0.767045,5.21481
3245,1260,649,0.756763,5.28567
3250,1100,474,0.757929,5.27754
3255,878,459,0.759095,5.26943
3260,1260,592,0.760261,5.26135
3265,992,404,0.761427,5.25329
3270,1108,570,0.762593,5.24526
3275,1106,572,0.763759,5.23725
3280,1144,567,0.764925,5.22927
3285,962,463,0.766091,5.22131
3290,1076,472,0.767257,5.21337
3295,1434,493,0.768424,5.20546
3300,913,489,0.76959,5.19758
3305,1252,308,0.770756,5.18971
3310,371,564,0.771922,5.18187
3315,563,475,0.773088,5.17406
3320,1281,451,0.774254,5.16627
3325,845,662,0.77542,5.1585
3330,2077,580,0.776586,5.15075
3335,1045,390,0.777752,5.14303
3340,832,546,0.778918,5.13533
3345,990,490,0.780084,5.12765
3350,572,596,0.78125,5.12
3355,769,510,0.782416,5.11237
3360,778,330,0.783582,5.10476
3365,678,530,0.784748,5.09718
3370,823,346,0.785914,5.08961
3375,1205,537,0.78708,5.08207
3380,988,467,0.788246,5.07456
3385,1785,345,0.789412,5.06706
3390,806,572,0.790578,5.05959
3395,1884,573,0.791744,5.05214
3400,1025,321,0.79291,5.04471
3405,1158,509,0.794076,5.0373
3410,1016,438,0.795243,5.02991
3415,1370,437,0.796409,5.02255
3420,880,400,0.797575,5.0152
3425,1195,574,0.798741,5.00788
3430,1050,376,0.799907,5.00058
3435,1357,489,0.801073,4.9933
3440,1309,389,0.802239,4.98605
3445,902,566,0.803405,4.97881
3450,721,656,0.804571,4.97159
3455,1218,605,0.805737,4.9644
3460,2491,479,0.806903,4.95723
3465,1169,522,0.808069,4.95007
3470,1090,513,0.809235,4.94294
3475,1736,493,0.798483,5.0095
3480,1638,699,0.799632,5.0023
3485,1303,486,0.800781,4.99512
3490,1274,607,0.80193,4.98797
3495,1014,325,0.803079,4.98083
3500,1316,538,0.804228,4.97371
3505,709,451,0.805377,4.96662
3510,825,409,0.806526,4.95954
3515,1176,523,0.807675,4.95249
3520,1044,503,0.808824,4.94545
3525,996,421,0.809972,4.93844
3530,1465,534,0.811121,4.93144
3535,955,500,0.81227,4.92447
3540,844,410,0.813419,4.91751
3545,1221,625,0.814568,4.91058
3550,1141,474,0.815717,4.90366
3555,907,658,0.816866,4.89677
3560,993,663,0.806159,4.9618
3565,1226,609,0.807292,4.95484
3570,1098,304,0.808424,4.9479
3575,1169,474,0.797991,5.01259
3580,1758,457,0.799107,5.00559
3585,1212,741,0.800223,4.99861
3590,1029,553,0.801339,4.99164
3595,1159,776,0.802455,4.9847
3600,1332,631,0.803571,4.97778
3605,1247,365,0.804688,4.97087
3610,1317,512,0.805804,4.96399
3615,1029,580,0.80692,4.95712
3620,1951,627,0.808036,4.95028
3625,1381,396,0.809152,4.94345
3630,1382,583,0.810268,4.93664
3635,1230,399,0.811384,4.92985
3640,1319,500,0.8125,4.92308
3645,1224,459,0.813616,4.91632
3650,849,566,0.814732,4.90959
3655,1222,511,0.804357,4.97291
3660,1017,471,0.794271,5.03607
3665,1284,487,0.784461,5.09905
3670,1799,523,0.785531,5.0921
3675,1086,710,0.786601,5.08517
3680,1899,635,0.766667,5.21739
3685,1474,519,0.767708,5.21031
3690,1407,453,0.76875,5.20325
3695,1010,498,0.769792,5.19621
3700,861,562,0.770833,5.18919
3705,972,413,0.771875,5.18219
3710,1002,569,0.772917,5.1752
3715,1889,574,0.773958,5.16824
3720,1333,388,0.775,5.16129
3725,898,689,0.765831,5.22309
3730,1391,541,0.756899,5.28472
3735,630,621,0.757914,5.27764
3740,1227,439,0.758929,5.27059
3745,2198,690,0.7502,5.33191
3750,893,660,0.751202,5.3248
3755,1321,581,0.752204,5.31771
3760,819,365,0.753205,5.31064
3765,1141,337,0.754207,5.30359
3770,1707,613,0.755208,5.29655
3775,1084,515,0.75621,5.28954
3780,1419,479,0.757212,5.28254
3785,718,595,0.758213,5.27556
3790,1464,619,0.759215,5.2686
3795,1028,487,0.750593,5.32912
3800,734,302,0.751582,5.32211
3805,553,304,0.752571,5.31511
3810,1002,648,0.75356,5.30814
3815,1055,772,0.754549,5.30118
3820,1173,666,0.755538,5.29424
3825,1301,466,0.74707,5.35425
3830,1513,378,0.748047,5.34726
3835,1326,662,0.739776,5.40704
3840,1065,537,0.740741,5.4
3845,1225,723,0.741705,5.39298
3850,753,424,0.74267,5.38597
3855,1412,562,0.743634,5.37899
3860,803,504,0.744599,5.37202
3865,1897,760,0.745563,5.36507
3870,2042,428,0.746528,5.35814
3875,821,354,0.747492,5.35123
3880,1174,580,0.748457,5.34433
3885,932,624,0.740282,5.40335
3890,1344,496,0.741235,5.3964
3895,1628,549,0.742188,5.38947
3900,1403,619,0.74314,5.38256
3905,1366,502,0.735128,5.44123
3910,1002,684,0.736069,5.43427
3915,2076,449,0.737011,5.42733
3920,1580,471,0.737952,5.42041
3925,1192,551,0.738893,5.4135
3930,1077,611,0.739834,5.40662
3935,1504,525,0.740776,5.39975
3940,949,509,0.741717,5.39289
3945,1654,485,0.742658,5.38606
3950,1436,542,0.743599,5.37924
3955,1114,506,0.744541,5.37244
3960,1364,575,0.736607,5.4303
3965,851,613,0.737537,5.42346
3970,1609,621,0.738467,5.41662
3975,1071,490,0.739397,5.40981
3980,1066,465,0.740327,5.40302
3985,780,322,0.741257,5.39624
3990,1472,688,0.733456,5.45363
3995,743,642,0.725836,5.51089
4000,769,576,0.726744,5.504
4005,1101,483,0.727653,5.49713
4010,703,383,0.720187,5.55411
4015,1330,486,0.721085,5.5472
4020,1390,549,0.721983,5.5403
4025,1018,612,0.722881,5.53342
4030,1293,676,0.715554,5.59007
4035,780,467,0.716442,5.58315
4040,1158,505,0.71733,5.57624
4045,1258,638,0.710147,5.63263
4050,1496,429,0.711025,5.62568
4055,1868,468,0.711903,5.61874
4060,1298,594,0.704861,5.67488
4065,851,566,0.705729,5.6679
4070,1239,544,0.706597,5.66093
4075,1254,512,0.707465,5.65399
4080,964,395,0.708333,5.64706
4085,963,685,0.709201,5.64015
4090,1262,698,0.694633,5.75844
4095,1548,643,0.695482,5.7514
4100,1226,536,0.696332,5.74439
4105,958,805,0.697181,5.73739
4110,1195,521,0.69803,5.73041
4115,1235,594,0.698879,5.72345
4120,1223,734,0.699728,5.7165
4125,1394,461,0.700577,5.70958
4130,1566,485,0.701427,5.70266
4135,1263,519,0.702276,5.69577
4140,1577,459,0.703125,5.68889
4145,1198,650,0.703974,5.68203
4150,1310,541,0.697245,5.73687
4155,1317,634,0.690658,5.79158
4160,1803,505,0.691489,5.78462
4165,1797,359,0.69232,5.77767
4170,1401,527,0.685855,5.83213
4175,1213,662,0.679525,5.88647
4180,1285,482,0.680339,5.87943
4185,835,499,0.681152,5.8724
4190,1414,585,0.668048,5.98759
4195,1327,643,0.66209,6.04148
4200,1017,478,0.662879,6.03429
4205,1711,549,0.657031,6.08799
4210,1138,851,0.657813,6.08076
4215,1419,715,0.652073,6.13428
4220,1639,509,0.646446,6.18768
4225,1433,610,0.647212,6.18036
4230,1593,495,0.647978,6.17305
4235,1345,422,0.648744,6.16576
4240,1730,651,0.64951,6.15849
4245,1226,682,0.650276,6.15124
4250,1510,450,0.651042,6.144
4255,1388,470,0.651808,6.13678
4260,1118,502,0.646238,6.18967
4265,1330,538,0.640775,6.24244
4270,1463,485,0.635417,6.29508
4275,1627,519,0.636161,6.28772
4280,1192,722,0.636905,6.28037
4285,1434,839,0.637649,6.27305
4290,1304,735,0.638393,6.26573
4295,1243,638,0.639137,6.25844
4300,1638,715,0.639881,6.25116
4305,1181,866,0.634581,6.30337
4310,1257,796,0.635318,6.29606
4315,1606,596,0.636055,6.28876
4320,1672,547,0.636792,6.28148
4325,1263,664,0.625723,6.3926
4330,1520,1078,0.626447,6.38522
4335,1890,456,0.62717,6.37785
4340,2198,493,0.627894,6.37051
4345,1603,530,0.628617,6.36318
4350,1467,802,0.62934,6.35586
4355,1798,758,0.630064,6.34856
4360,1668,588,0.630787,6.34128
4365,682,645,0.63151,6.33402
4370,1186,746,0.632234,6.32677
4375,1735,725,0.632957,6.31954
4380,1811,539,0.633681,6.31233
4385,1126,881,0.634404,6.30513
4390,1197,647,0.635127,6.29795
4395,1108,513,0.635851,6.29078
4400,1612,581,0.630734,6.34182
4405,1436,746,0.631451,6.33462
4410,2005,676,0.62642,6.38549
4415,1472,514,0.627131,6.37826
4420,1182,643,0.627841,6.37104
4425,1306,618,0.628551,6.36384
4430,1512,302,0.629261,6.35666
4435,1217,668,0.629972,6.34949
4440,1471,589,0.630682,6.34234
4445,1143,642,0.631392,6.33521
4450,1151,479,0.626408,6.38562
4455,1566,548,0.627111,6.37845
4460,1607,507,0.62221,6.4287
4465,1173,545,0.622907,6.4215
4470,1625,313,0.618086,6.47159
4475,1411,980,0.618778,6.46436
4480,1220,503,0.619469,6.45714
4485,1386,532,0.62016,6.44994
4490,1647,423,0.620852,6.44276
4495,1433,1001,0.621543,6.4356
4500,1286,566,0.622235,6.42844
4505,860,757,0.622926,6.42131
4510,1206,581,0.623617,6.41419
4515,996,646,0.624309,6.40709
4520,816,515,0.625,6.4
4525,1486,475,0.625691,6.39293
4530,1322,409,0.620888,6.44238
4535,1170,473,0.616168,6.49173
4540,1369,632,0.61153,6.54097
4545,1202,396,0.612204,6.53377
4550,1398,726,0.612877,6.52659
4555,1166,483,0.613551,6.51943
4560,1677,636,0.614224,6.51228
4565,1510,590,0.614898,6.50515
4570,2051,788,0.615571,6.49803
4575,1178,655,0.616245,6.49093
4580,903,764,0.616918,6.48384
4585,1729,848,0.612313,6.53261
4590,1424,680,0.607786,6.58126
4595,935,670,0.603335,6.62982
4600,1613,673,0.603992,6.62261
4605,2182,474,0.604648,6.61542
4610,1306,728,0.60026,6.66377
4615,1439,834,0.600911,6.65655
4620,1899,594,0.601562,6.64935
4625,1672,396,0.602214,6.64216
4630,1298,798,0.602865,6.63499
4635,2517,507,0.603516,6.62783
4640,1422,809,0.604167,6.62069
4645,997,691,0.604818,6.61356
4650,1699,515,0.605469,6.60645
4655,2092,571,0.60612,6.59936
4660,1726,827,0.606771,6.59227
4665,1170,670,0.607422,6.58521
4670,2232,634,0.603048,6.63298
4675,1642,593,0.603693,6.62588
4680,1697,487,0.604339,6.6188
4685,1627,604,0.604985,6.61174
4690,1546,640,0.60563,6.60469
4695,1838,875,0.606276,6.59766
4700,1603,789,0.606921,6.59064
4705,1294,490,0.607567,6.58363
4710,1412,700,0.608213,6.57665
4715,1529,594,0.608858,6.56967
4720,1400,586,0.609504,6.56271
4725,2964,403,0.61015,6.55577
4730,1464,490,0.610795,6.54884
4735,1330,515,0.611441,6.54192
4740,1663,796,0.612087,6.53502
4745,1503,711,0.612732,6.52813
4750,1251,628,0.613378,6.52126
4755,1821,561,0.608991,6.56824
4760,1479,558,0.609631,6.56134
4765,1180,629,0.610272,6.55446
4770,1658,622,0.610912,6.54759
4775,1452,708,0.60658,6.59435
4780,1337,655,0.607215,6.58745
4785,1177,913,0.607851,6.58056
4790,1791,658,0.608486,6.5737
4795,1099,659,0.609121,6.56684
4800,1672,656,0.609756,6.56
4805,881,693,0.610391,6.55317
4810,1267,417,0.611026,6.54636
4815,1502,365,0.611662,6.53956
4820,1236,739,0.612297,6.53278
4825,1202,681,0.612932,6.52601
4830,900,448,0.613567,6.51925
4835,1559,564,0.614202,6.51251
4840,1388,688,0.614837,6.50579
4845,1884,601,0.610509,6.55191
4850,2161,707,0.60625,6.59794
4855,1490,575,0.606875,6.59114
4860,979,965,0.6075,6.58436
4865,1114,679,0.608125,6.5776
4870,1374,661,0.60875,6.57084
4875,2027,642,0.609375,6.5641
4880,1603,423,0.61,6.55738
4885,1304,529,0.610625,6.55067
4890,1991,688,0.61125,6.54397
4895,2310,564,0.611875,6.53728
4900,1099,621,0.6125,6.53061
4905,1120,384,0.608259,6.57615
4910,2018,797,0.608879,6.56945
4915,3039,657,0.609499,6.56277
4920,1095,662,0.610119,6.5561
4925,1525,843,0.610739,6.54944
4930,1326,725,0.611359,6.5428
4935,1105,414,0.611979,6.53617
4940,1105,896,0.612599,6.52955
4945,945,727,0.613219,6.52295
4950,1160,480,0.613839,6.51636
4955,806,1072,0.614459,6.50979
4960,982,486,0.615079,6.50323
4965,1715,306,0.615699,6.49668
4970,1461,446,0.616319,6.49014
4975,1801,918,0.616939,6.48362
4980,1032,694,0.61756,6.47711
4985,1246,898,0.61818,6.47061
4990,1230,482,0.6188,6.46413
4995,1681,725,0.61942,6.45766
5000,825,568,0.62004,6.4512
5005,1554,595,0.62066,6.44476
5010,1060,709,0.62128,6.43832
5015,1493,625,0.6219,6.4319
5020,1679,801,0.62252,6.4255
5025,1441,921,0.62314,6.4191
5030,1371,645,0.62376,6.41272
5035,1321,620,0.62438,6.40636
5040,1191,617,0.625,6.4
5045,1270,512,0.62562,6.39366
