num_entries,insertion_time,query_time,update_time,memory,memory_including_ptr,FPR,tail-99-q,tail-99.9-q,tail-99-u,tail-99.9-u
2,1110,61,424,36880,104016,1.49012e-08,73,302,30938,59965
3,238,50,901,24586.7,69344,2.23517e-08,74,177,30872,50148
4,233,56,1147,18440,52008,2.98023e-08,88,105,31110,56202
5,239,6477,702,14752,41606.4,3.72529e-08,86,104,31179,55954
6,221,10191,1624,12293.3,34672,4.47035e-08,81,89,35174,59797
7,239,17385,1158,10537.1,29718.9,5.21541e-08,82,88,35078,59763
8,85,8587,1953,9220,26004,5.96046e-08,74,103,35165,59847
9,73,20146,1486,8195.56,23114.7,6.70552e-08,73,88,35161,59915
10,110,19011,2524,7376,20803.2,7.45058e-08,82,92,35140,59669
11,164,14309,1552,6705.45,18912,8.19564e-08,81,101,35491,60539
12,57,20292,3087,6146.67,17336,8.9407e-08,83,97,35568,60085
13,65,22976,2334,5673.85,16002.5,9.68575e-08,85,90,56095,126891
14,2085,16609,4164,5268.57,14859.4,1.04308e-07,198,234,36110,62611
15,407,13271,2052,4917.33,13868.8,1.11759e-07,83,94,36512,59822
16,202,20349,4021,4610,13002,1.19209e-07,79,96,35161,59080
17,183,16396,4847,4338.82,12237.2,1.2666e-07,351,493,56255,90332
18,1404,21922,6252,4097.78,11557.3,1.3411e-07,385,492,58229,59544
19,311,32639,3436,3882.11,10949.1,1.41561e-07,35226,35984,35156,59023
20,69,14966,5177,3688,10401.6,1.49012e-07,84,96,35115,59502
21,163,13637,3985,3512.38,9906.29,1.56462e-07,84,95,58898,59816
22,142,26257,4076,3352.73,9456,1.63913e-07,79,87,35188,59500
23,73,16777,5133,3206.96,9044.87,1.71363e-07,84,88,34983,58529
24,60,13759,3216,3073.33,8668,1.78814e-07,78,87,35208,59311
25,93,14179,5129,2950.4,8321.28,1.86265e-07,80,94,35093,58890
26,168,15423,3371,2836.92,8001.23,1.93715e-07,79,92,35209,59175
27,63,15242,5748,2731.85,7704.89,2.01166e-07,77,91,35236,59328
28,60,14012,3838,2634.29,7429.71,2.08616e-07,82,90,35171,59338
29,71,15608,6197,2543.45,7173.52,2.16067e-07,78,88,35196,59342
30,125,14797,3937,2458.67,6934.4,2.23517e-07,84,95,35152,59191
31,65,13636,6506,2379.35,6710.71,2.30968e-07,80,92,35230,58891
32,134,14099,4260,2305,6501,2.38419e-07,83,99,35195,59541
33,57,17060,6977,2235.15,6304,2.45869e-07,84,134,35211,59149
34,57,18779,7512,2169.41,6118.59,2.5332e-07,56037,60444,55739,60084
35,400,16839,6930,2107.43,5943.77,2.6077e-07,86,105,35214,60064
36,149,19646,5068,2048.89,5778.67,2.68221e-07,35419,36003,35298,59933
37,204,16608,6751,1993.51,5622.49,2.75671e-07,81,93,35461,60186
38,194,29088,6311,1941.05,5474.53,2.83122e-07,35520,39036,35364,60168
39,178,15887,6317,1891.28,5334.15,2.90573e-07,84,103,35257,60136
40,147,15833,7459,1844,5200.8,2.98023e-07,88,103,35356,60307
41,133,16515,5687,1799.02,5073.95,3.05474e-07,83,97,35227,60145
42,107,16233,10415,1756.19,4953.14,3.12924e-07,84,96,56313,99076
43,1596,18104,5590,1715.35,4837.95,3.20375e-07,85,101,35193,58977
44,207,16270,8633,1676.36,4728,3.27826e-07,81,92,35267,59255
45,238,19361,6273,1639.11,4622.93,3.35276e-07,34865,50596,35197,59396
46,153,13990,9260,1603.48,4522.43,3.42727e-07,82,97,35244,59162
47,102,22496,7308,1569.36,4426.21,3.50177e-07,52601,55106,35304,60036
48,519,16798,9439,1536.67,4334,3.57628e-07,80,92,54971,60093
49,277,17457,6616,1505.31,4245.55,3.65078e-07,46652,50764,35399,60183
50,228,16794,9311,1475.2,4160.64,3.72529e-07,82,93,35979,59788
51,157,19152,7119,1446.27,4079.06,3.7998e-07,35358,50927,35248,59830
52,109,15627,9415,1418.46,4000.62,3.8743e-07,86,109,35440,60293
54,122,22153,7470,1365.93,3852.44,4.02331e-07,35488,35836,35337,61437
55,114,16357,9505,1341.09,3782.4,4.09782e-07,81,91,35445,60050
56,157,26427,8672,1317.14,3714.86,4.17233e-07,35547,39285,35564,60629
57,122,17746,9032,1294.04,3649.68,4.24683e-07,84,111,35783,60104
58,216,33577,9432,1271.72,3586.76,4.32134e-07,35657,52984,35483,60688
59,171,15580,8849,1250.17,3525.97,4.39584e-07,83,99,35557,60059
61,85,16893,10465,1209.18,3410.36,4.54485e-07,82,91,35596,60077
62,86,26744,8102,1189.68,3355.35,4.61936e-07,46688,51611,44972,61326
63,465,24099,12860,1170.79,3302.1,4.69387e-07,481,592,43193,61290
64,229,18094,7915,1152.5,3250.5,4.76837e-07,35411,50839,35636,61636
66,176,16237,11562,1117.58,3152,4.91738e-07,83,94,35555,61616
67,152,28414,8391,1100.9,3104.96,4.99189e-07,48974,57510,35338,59713
69,248,16836,12138,1068.99,3014.96,5.1409e-07,34909,51113,35226,58443
70,160,17119,9510,1053.71,2971.89,5.21541e-07,34923,35168,56656,95365
72,1196,18497,17145,1024.44,2889.33,5.36442e-07,481,659,54694,69592
73,148,19338,9430,1010.41,2849.75,5.43892e-07,35140,37171,35239,63291
75,164,17914,12803,983.467,2773.76,5.58794e-07,34925,49675,37562,66707
76,89,23276,9989,970.526,2737.26,5.66244e-07,56255,65899,35948,59732
78,371,17114,12393,945.641,2667.08,5.81145e-07,35020,50709,35920,61662
79,152,26705,11202,933.671,2633.32,5.88596e-07,35658,40422,39355,56256
81,106,19334,12056,910.617,2568.3,6.03497e-07,35154,50788,39196,59350
83,135,29758,12457,888.675,2506.41,6.18398e-07,35818,38871,39409,59533
84,137,21541,16434,878.095,2476.57,6.25849e-07,50662,60149,56319,72032
86,159,34166,13863,857.674,2418.98,6.4075e-07,36138,40055,36097,59251
88,103,17720,12258,838.182,2364,6.55651e-07,34909,49955,36390,66534
90,151,15518,13282,819.556,2311.47,6.70552e-07,83,96,41816,65192
92,149,28450,11584,801.739,2261.22,6.85453e-07,35000,36598,50317,57394
94,615,23432,18042,784.681,2213.11,7.00355e-07,43492,52319,35495,66439
96,280,20225,11789,768.333,2167,7.15256e-07,35222,39831,39142,65404
98,148,16921,14646,752.653,2122.78,7.30157e-07,88,101,36256,67127
100,143,21670,11870,737.6,2080.32,7.45058e-07,35176,50750,36463,56751
102,135,17279,15205,723.137,2039.53,7.59959e-07,34909,48001,36291,65825
104,139,20910,12689,709.231,2000.31,7.7486e-07,35294,38805,35591,65787
106,114,18682,16005,695.849,1962.57,7.89762e-07,34797,48328,35208,66857
108,152,20343,13399,682.963,1926.22,8.04663e-07,35290,53117,37565,52989
110,144,19358,15643,670.545,1891.2,8.19564e-07,35113,48348,35405,66791
113,123,21567,21430,652.743,1840.99,8.41916e-07,35287,38817,50939,64272
115,269,19218,18617,641.391,1808.97,8.56817e-07,45572,52518,54186,68747
117,371,27023,14483,630.427,1778.05,8.71718e-07,35900,50360,36350,53133
120,138,17933,16794,614.667,1733.6,8.9407e-07,35256,50942,36159,58633
122,158,26261,16140,604.59,1705.18,9.08971e-07,35327,39280,37967,62806
125,100,28126,17214,590.08,1664.26,9.31323e-07,35248,46768,39459,67220
128,262,28889,22294,576.25,1625.25,9.53674e-07,35400,38936,53464,71876
130,580,19606,17902,567.385,1600.25,9.68575e-07,35173,36082,36171,53444
133,162,31499,16770,554.586,1564.15,9.90927e-07,35494,39172,59783,114459
136,470,20992,16409,542.353,1529.65,1.01328e-06,35467,39171,38065,62960
139,150,45970,21057,530.647,1496.63,1.03563e-06,37428,50735,35690,55765
142,264,19778,15745,519.437,1465.01,1.05798e-06,35170,51045,35633,52935
145,163,17220,20529,508.69,1434.7,1.08033e-06,34746,48903,56176,75625
148,262,31356,16442,498.378,1405.62,1.10269e-06,35180,36286,35339,51043
151,321,19527,19284,488.477,1377.7,1.12504e-06,35169,50635,37193,53033
154,129,21404,15963,478.961,1350.86,1.14739e-06,35337,39156,35821,51800
157,80,21148,20284,469.809,1325.04,1.16974e-06,35056,51011,56479,117267
160,1042,23646,16648,461,1300.2,1.19209e-06,35335,39141,42041,52121
164,143,18998,21144,449.756,1268.49,1.2219e-06,35287,50374,35713,52340
167,140,36490,24409,441.677,1245.7,1.24425e-06,49643,58786,47345,70135
171,347,18466,21353,431.345,1216.56,1.27405e-06,35253,50847,35745,53832
174,145,25329,17389,423.908,1195.59,1.2964e-06,35518,37462,59226,112095
178,216,21503,22550,414.382,1168.72,1.3262e-06,54811,57198,37697,52643
182,102,24096,26220,405.275,1143.03,1.35601e-06,35749,47692,56175,70459
185,213,20037,20662,398.703,1124.5,1.37836e-06,35245,50504,36633,54786
189,135,28128,19029,390.265,1100.7,1.40816e-06,35420,38757,35690,53024
193,113,31136,21953,382.176,1077.89,1.43796e-06,35436,35886,37036,52138
197,246,28833,19767,374.416,1056,1.46776e-06,35492,39458,35713,51861
201,284,20732,21677,366.965,1034.99,1.49757e-06,35395,39543,36025,53266
206,127,33451,22703,358.058,1009.86,1.53482e-06,35991,50851,38937,52970
210,128,20832,20944,351.238,990.629,1.56462e-06,35517,38004,35862,53167
214,96,40705,22943,344.673,972.112,1.59442e-06,35867,47941,36600,52917
219,193,23302,22629,336.804,949.918,1.63168e-06,35341,38881,40398,52967
223,174,30706,21244,330.762,932.879,1.66148e-06,36641,39231,37754,53430
228,105,23619,22149,323.509,912.421,1.69873e-06,35418,36911,36434,54078
233,107,33451,24046,316.567,892.841,1.73599e-06,36045,50512,37273,53098
238,101,20969,22049,309.916,874.084,1.77324e-06,35525,37926,38322,53684
243,175,34414,23725,303.539,856.099,1.81049e-06,36359,99917,36562,52337
248,170,23849,22641,297.419,838.839,1.84774e-06,35902,51266,36155,54280
253,138,32919,26183,291.542,822.261,1.885e-06,56604,102430,36131,51646
258,209,24643,25153,285.891,806.326,1.92225e-06,56373,108026,37451,55643
264,288,34349,24434,279.394,788,1.96695e-06,36083,52105,35846,52975
269,127,25163,25485,274.201,773.353,2.00421e-06,35653,45732,37986,52681
275,4350,35198,24488,268.218,756.48,2.04891e-06,36197,53319,38001,54224
281,198,25484,23287,262.491,740.327,2.09361e-06,35748,39110,36117,52762
287,75,21372,27801,257.003,724.85,2.13832e-06,35292,36613,35964,52998
293,140,23852,24282,251.741,710.007,2.18302e-06,36065,50044,38891,53297
299,121,22968,29264,246.689,695.759,2.22772e-06,56256,98349,36503,54046
305,394,28603,24986,241.836,682.072,2.27243e-06,35494,44976,38618,52669
311,122,21565,25291,237.17,668.913,2.31713e-06,35303,38659,38795,52880
318,83,27802,25241,231.95,654.189,2.36928e-06,35435,38332,46114,53283
325,113,24302,26201,226.954,640.098,2.42144e-06,50989,62849,36075,53993
331,93,26026,23520,222.84,628.495,2.46614e-06,35511,47673,37278,53158
338,160,24568,27112,218.225,615.479,2.5183e-06,35440,50997,42928,80305
345,137,37311,24642,213.797,602.991,2.57045e-06,35826,49266,36068,52218
353,130,20961,27648,208.952,589.326,2.63005e-06,35420,46452,35869,53556
360,163,37098,25083,204.889,577.867,2.68221e-06,38837,51584,39188,53337
368,187,25213,27708,200.435,565.304,2.74181e-06,35335,48180,57424,120238
375,234,28669,25062,196.693,554.752,2.79397e-06,35891,48741,44594,53191
383,102,22640,27998,192.585,543.164,2.85357e-06,35496,51259,35887,53181
391,85,25044,27083,188.645,532.051,2.91318e-06,35470,39138,36111,55226
399,136,25835,28960,184.862,521.383,2.97278e-06,35633,49521,56166,172970
408,685,35500,27685,180.784,509.882,3.03984e-06,36459,49169,38695,54035
416,124,23343,40661,177.308,500.077,3.09944e-06,58491,104449,40575,55204
425,191,27386,27125,173.553,489.487,3.1665e-06,37849,44019,51593,56786
434,218,26932,33611,169.954,479.336,3.23355e-06,57513,117149,44892,55200
443,221,35364,30051,166.501,469.598,3.30061e-06,56809,83259,58476,185168
452,288,22912,32262,163.186,460.248,3.36766e-06,36601,39671,68778,189620
462,513,40431,39179,159.654,450.286,3.44217e-06,56298,82971,57167,89477
472,897,33513,31753,156.271,440.746,3.51667e-06,55143,69000,48310,55768
482,213,27367,35867,153.029,431.602,3.59118e-06,38000,55727,50949,72734
492,270,32204,37199,149.919,422.829,3.66569e-06,57104,129585,51861,74024
502,243,28916,40205,146.932,414.406,3.74019e-06,57204,79032,49437,55254
512,2850,35779,41036,144.062,406.312,3.8147e-06,57070,109343,69587,230913
523,211,35785,28972,141.033,397.767,3.89665e-06,57180,72533,70918,167371
534,3889,40347,40372,138.127,389.573,3.97861e-06,60955,156518,57786,111894
545,323,42290,34046,135.339,381.71,4.06057e-06,55252,55694,48174,54745
557,188,42156,30300,132.424,373.487,4.14997e-06,56982,58829,51731,53265
569,262,31420,40085,129.631,365.61,4.23938e-06,49323,51570,56509,108777
581,595,41767,34144,126.954,358.059,4.32879e-06,70660,126122,49021,55216
593,143,29001,28781,124.384,350.813,4.41819e-06,36101,51263,72006,198912
605,451,47191,33633,121.917,343.855,4.5076e-06,61828,209325,49176,55450
618,263,33243,34088,119.353,336.621,4.60446e-06,51781,269189,49555,53798
631,175,33930,33153,116.894,329.686,4.70132e-06,57396,73634,72008,151391
644,335,33052,31535,114.534,323.031,4.79817e-06,50812,51647,51343,70244
658,1170,41239,32559,112.097,316.158,4.90248e-06,57187,72974,59701,228366
671,229,35150,32713,109.925,310.033,4.99934e-06,56257,70025,51782,55528
686,146,44772,32078,107.522,303.254,5.1111e-06,62142,109817,51503,53418
700,188,28877,31904,105.371,297.189,5.21541e-06,51387,51702,49419,53086
715,162,32422,32250,103.161,290.954,5.32717e-06,35871,39828,51282,53620
730,140,28749,31924,101.041,284.975,5.43892e-06,36464,51430,51528,53370
745,128,33917,32723,99.0067,279.238,5.55068e-06,51235,51659,56998,107543
761,563,30706,37272,96.9251,273.367,5.66989e-06,57111,113152,51401,71324
777,221,32228,31080,94.9292,267.737,5.7891e-06,49263,51408,71867,178975
793,426,34757,39002,93.0139,262.335,5.90831e-06,71944,110497,51331,54386
810,204,36057,41623,91.0617,256.83,6.03497e-06,57000,105213,62612,93990
827,1681,37104,36384,89.1898,251.55,6.16163e-06,64292,161833,52101,56219
844,183,45163,33581,87.3934,246.483,6.28829e-06,50927,63724,52011,55283
862,238,42226,37200,85.5684,241.336,6.4224e-06,69837,166187,69599,162356
880,184,42663,38681,83.8182,236.4,6.55651e-06,61157,175947,81916,166100
898,221,46274,41646,82.1381,231.661,6.69062e-06,60247,60384,80786,115841
917,123,54068,50619,80.4362,226.862,6.83218e-06,80296,159450,62015,80746
936,220,41376,45304,78.8034,222.256,6.97374e-06,60119,60312,61040,82876
956,167,40803,42262,77.1548,217.607,7.12276e-06,81408,178314,61393,79867
976,159,55667,52557,75.5738,213.148,7.27177e-06,81885,114527,81530,189075
996,189,45275,53753,74.0562,208.867,7.42078e-06,60211,90509,81790,188183
1017,185,40803,38078,72.527,204.555,7.57724e-06,80978,85014,61093,64887
1039,162,42637,53665,70.9913,200.223,7.74115e-06,60791,66044,61385,108414
1061,181,59090,58175,69.5193,196.072,7.90507e-06,80502,115223,80394,213488
1083,1243,50114,49061,68.1071,192.089,8.06898e-06,61082,203727,61872,80514
1106,145,45947,45628,66.6908,188.094,8.24034e-06,82341,194408,81616,164705
1129,157,67044,57064,65.3322,184.262,8.41171e-06,61972,75952,60516,60916
1153,177,43815,44783,63.9722,180.427,8.59052e-06,81135,83900,82861,191867
1177,1317,53344,42668,62.6678,176.748,8.76933e-06,80690,123612,60997,75323
1201,182,54246,53027,61.4155,173.216,8.94815e-06,82159,87719,61523,75449
1227,218,48980,48986,60.1141,169.545,9.14186e-06,60593,61040,85661,169463
1252,1511,53840,45518,58.9137,166.16,9.32813e-06,63159,85767,81580,123261
1279,192,57174,46224,57.6701,162.652,9.52929e-06,60654,63697,60639,61302
1306,176,58085,57520,56.4778,159.289,9.73046e-06,82074,136730,82068,146926
1333,188,40848,43742,55.3338,156.063,9.93162e-06,81598,141855,81355,118324
1361,377,50403,57033,54.1954,152.852,1.01402e-05,81867,140294,79297,154267
1390,185,59988,51585,53.0647,149.663,1.03563e-05,61747,75024,86439,208329
1419,539,43805,42500,51.9803,146.605,1.05724e-05,81810,235561,63686,77642
1449,1101,50413,45769,50.9041,143.569,1.07959e-05,60820,61177,61377,76291
1479,121,61054,50912,49.8715,140.657,1.10194e-05,60644,63114,63465,94322
1510,159,44997,49518,48.8477,137.77,1.12504e-05,60524,61839,61835,80267
1542,138,43016,43432,47.834,134.911,1.14888e-05,61059,77555,83406,102079
1574,183,59803,48716,46.8615,132.168,1.17272e-05,63017,74158,82016,170482
1607,1109,60008,63863,45.8992,129.454,1.19731e-05,63673,78787,61822,75688
1641,190,43331,45099,44.9482,126.771,1.22264e-05,81447,108796,61835,75429
1676,154,51216,48159,44.0095,124.124,1.24872e-05,81976,116285,61028,80201
1711,163,51561,64687,43.1093,121.585,1.27479e-05,61602,81036,81617,87592
1747,155,50200,44175,42.221,119.08,1.30162e-05,63180,109783,82509,238478
1783,1015,60028,47728,41.3685,116.675,1.32844e-05,82021,141883,61701,80003
1821,179,53261,50782,40.5052,114.241,1.35675e-05,60837,66324,60664,64446
1859,132,48591,51576,39.6772,111.905,1.38506e-05,60775,62980,62678,80047
1898,165,44163,48676,38.862,109.606,1.41412e-05,60693,75005,62076,76686
1938,126,52481,49347,38.0599,107.344,1.44392e-05,61408,63125,82370,192827
1979,196,59409,55791,37.2713,105.12,1.47447e-05,62736,75223,61594,80056
2020,156,44345,52802,36.5149,102.986,1.50502e-05,89398,210380,80966,149532
2063,380,51767,49593,35.7538,100.84,1.53705e-05,61139,63314,68243,82327
2106,778,65154,58040,35.0237,98.7806,1.56909e-05,81104,188321,63996,98233
2150,173,56294,53442,34.307,96.7591,1.60187e-05,60820,75906,77217,218221
2195,203,57488,49104,33.6036,94.7754,1.6354e-05,61095,68862,84425,233134
2242,915,56583,51963,32.8992,92.7886,1.67042e-05,61773,67781,81671,151125
2289,185,58809,62867,32.2237,90.8834,1.70544e-05,61154,61712,61764,80920
2337,148,49889,52125,31.5618,89.0167,1.7412e-05,82216,226128,63450,98879
2386,778,53767,59064,30.9137,87.1886,1.77771e-05,81597,112578,63741,275333
2436,397,57903,62220,30.2791,85.399,1.81496e-05,63975,77414,61919,79189
2487,196,47453,53231,29.6582,83.6478,1.85296e-05,60844,64479,61365,79510
2539,677,52425,50185,29.0508,81.9346,1.8917e-05,60818,62109,60895,79033
2593,153,54406,63406,28.4458,80.2283,1.93194e-05,61138,63104,61326,79844
2647,174,47668,56771,27.8655,78.5916,1.97217e-05,81054,104506,80728,224097
2703,781,58616,59461,27.2882,76.9634,2.01389e-05,65771,137023,62139,79282
2760,205,51927,55655,26.7246,75.3739,2.05636e-05,81737,156707,90214,232469
2818,206,65762,57230,26.1746,73.8226,2.09957e-05,70727,252470,80982,124283
2877,2341,55498,48251,25.6378,72.3087,2.14353e-05,60863,62779,81963,173032
2937,203,58917,52162,25.1141,70.8315,2.18824e-05,75683,147330,62032,76524
2999,229,56751,63740,24.5949,69.3671,2.23443e-05,61792,66343,81836,116242
3062,234,51027,53844,24.0888,67.9399,2.28137e-05,90549,227839,63646,169978
3126,231,50667,49879,23.5956,66.5489,2.32905e-05,61853,76039,82298,288226
3192,275,55601,59747,23.1078,65.1729,2.37823e-05,61828,64329,84757,189745
3259,540,62094,69157,22.6327,63.8331,2.42814e-05,78088,145647,70271,86748
3327,667,58189,50284,22.1701,62.5284,2.47881e-05,82206,143743,62171,80262
3397,244,52406,53481,21.7133,61.2399,2.53096e-05,61661,75907,61901,78820
3469,265,55376,55193,21.2626,59.9689,2.58461e-05,61712,81154,62844,81602
3542,244,49386,55466,20.8244,58.7329,2.639e-05,61080,66829,63890,80354
3616,580,54080,58939,20.3982,57.531,2.69413e-05,62600,76599,61970,79965
3692,336,52454,60621,19.9783,56.3467,2.75075e-05,62248,135646,61868,77995
3770,491,55579,56674,19.565,55.1809,2.80887e-05,61315,64249,82014,212672
3849,461,54477,50557,19.1634,54.0483,2.86773e-05,61023,61367,62887,80701
3892,1286,53400,52931,18.9517,53.4512,2.89977e-05,100225,228666,62661,82301
3930,6013,56842,60969,34.63,102.148,2.92808e-05,82936,180659,61891,80052
4012,148,51638,58756,33.9222,100.06,2.98917e-05,61436,67336,85478,192073
4096,225,54015,51476,33.2266,98.0078,3.05176e-05,82078,161281,79648,219354
4183,650,55976,54397,32.5355,95.9694,3.11658e-05,61290,66436,62552,80418
4270,144,64554,57711,31.8726,94.0141,3.1814e-05,61690,75581,63675,80267
4360,142,50345,53381,31.2147,92.0734,3.24845e-05,61352,64300,62146,79820
4452,141,56914,52490,30.5696,90.1707,3.317e-05,82032,82826,152504,298445
4545,1250,60887,55121,29.9441,88.3256,3.38629e-05,62426,78141,74534,138101
4641,1889,65450,66137,29.3247,86.4986,3.45781e-05,61650,74797,66631,95147
4738,455,53680,53204,28.7244,84.7277,3.53009e-05,61507,82135,62578,80271
4838,150,64970,57410,28.1306,82.9764,3.60459e-05,82018,83918,63851,119247
4939,178,57783,56414,27.5554,81.2796,3.67984e-05,61834,64397,61425,80422
5043,158,51885,59511,26.9871,79.6034,3.75733e-05,94981,228333,82651,148091
5149,238,64343,56389,26.4315,77.9647,3.8363e-05,61441,74500,82359,235743
5257,184,64812,55961,25.8885,76.3629,3.91677e-05,82538,265521,93022,224342
5368,1420,63044,56988,25.3532,74.7839,3.99947e-05,62418,117712,85983,249813
5481,453,55339,65898,24.8305,73.2421,4.08366e-05,83216,202101,81616,105715
5596,446,55511,53043,24.3202,71.737,4.16934e-05,61961,78129,62360,80418
5713,420,59185,57730,23.8222,70.2678,4.25652e-05,62298,71088,81785,141864
5833,420,59376,65603,23.3321,68.8222,4.34592e-05,62007,74218,63798,83695
5956,432,54420,55047,22.8502,67.4009,4.43757e-05,61181,64787,81862,140036
6081,1854,60533,54822,22.3805,66.0155,4.5307e-05,61399,66519,90992,304850
6209,222,61194,55897,21.9191,64.6545,4.62607e-05,82085,142389,61717,79935
6339,211,66549,58732,21.4696,63.3286,4.72292e-05,62128,71874,64654,100941
6473,209,53493,62411,21.0252,62.0176,4.82276e-05,119554,288289,81741,225135
6609,240,55344,65371,20.5925,60.7414,4.92409e-05,61184,118108,83420,202948
6747,1483,59187,64853,20.1713,59.499,5.02691e-05,62580,76108,82153,155715
6889,286,65215,59140,19.7556,58.2726,5.1327e-05,92742,243110,61988,79996
7034,477,57061,59366,19.3483,57.0714,5.24074e-05,81934,105550,81457,103375
7182,586,56180,65255,18.9496,55.8953,5.35101e-05,82941,136735,81459,134594
7333,701,57864,57276,18.5594,54.7443,5.46351e-05,82630,180735,61617,80017
7487,610,59340,65928,18.1776,53.6183,5.57825e-05,81951,137795,81435,149786
7644,710,62545,57224,17.8043,52.517,5.69522e-05,73077,191467,94204,268821
7783,920,56659,56051,17.4863,51.5791,5.79879e-05,62254,66341,87169,195440
7805,18574,58148,58398,32.3772,99.9605,5.81518e-05,63096,77057,82616,271783
7968,161,63721,58780,31.7149,97.9157,5.93662e-05,87776,250018,62080,79851
8136,338,55391,56916,31.06,95.8938,6.06179e-05,61156,62417,83189,150607
8307,650,59009,55755,30.4206,93.9198,6.1892e-05,61304,64050,89635,213731
8481,1468,63736,56765,29.7965,91.9929,6.31884e-05,81823,143508,63420,178108
8660,303,58603,58317,29.1806,90.0915,6.4522e-05,87067,262856,83312,149819
8842,314,55499,58963,28.58,88.2371,6.5878e-05,61262,63770,82410,149904
9027,164,56010,57057,27.9942,86.4287,6.72564e-05,82253,210566,62232,79499
9217,302,63661,63987,27.4172,84.6471,6.8672e-05,81510,151754,104602,277550
9411,381,58922,66406,26.852,82.9021,7.01174e-05,61746,76427,80318,234270
9608,356,62139,66681,26.3014,81.2023,7.15852e-05,82040,117789,67804,80246
9810,179,55276,61166,25.7598,79.5303,7.30902e-05,82182,183499,61892,79969
10016,316,65526,63703,25.23,77.8946,7.4625e-05,61787,74860,80688,137107
10227,693,60047,58322,24.7095,76.2875,7.61971e-05,62512,74105,61988,81958
10442,290,67275,61106,24.2007,74.7167,7.7799e-05,86462,229758,82062,184353
10661,607,60705,61803,23.7036,73.1819,7.94306e-05,82402,277010,81921,132119
10885,346,57568,63666,23.2158,71.6759,8.10996e-05,84199,236900,66322,108419
11114,321,67563,59997,22.7374,70.199,8.28058e-05,62136,73832,84809,189535
11347,1161,57415,60998,22.2706,68.7576,8.45417e-05,82184,138471,82250,148907
11586,312,65381,60614,21.8112,67.3392,8.63224e-05,81350,103662,82657,134884
11829,328,58446,58150,21.3631,65.9559,8.81329e-05,75159,130617,81458,136421
12078,1560,70337,48626,20.9227,64.5961,8.99881e-05,62324,72533,72947,114661
12331,343,43055,43393,20.4934,63.2708,9.18731e-05,66362,110520,53229,66785
12591,291,42578,43135,20.0702,61.9643,9.38103e-05,52495,55459,53850,71847
12855,285,42768,41422,19.658,60.6917,9.57772e-05,52348,54797,72939,134419
13125,340,42365,42152,19.2536,59.4432,9.77889e-05,52328,55103,78211,241438
13401,377,59099,42748,18.8571,58.2189,9.98452e-05,54036,80835,57429,202726
13683,383,43113,42879,18.4685,57.0191,0.000101946,73180,227123,73367,126545
13970,552,42791,55487,18.089,55.8477,0.000104085,52588,65299,72274,107498
14264,415,43938,54253,17.7162,54.6966,0.000106275,73559,229403,70572,76168
14563,510,53174,51672,17.3525,53.5736,0.000108503,52857,55419,60939,91322
14869,1097,49015,43110,16.9954,52.471,0.000110783,52717,68014,53524,71455
15182,593,42423,50026,16.645,51.3893,0.000113115,72604,127006,66067,92083
15501,882,42898,51131,16.3024,50.3317,0.000115491,72450,140687,75396,179481
15565,1503,42827,52892,16.2354,50.1248,0.000115968,72903,93285,53982,72031
15826,3512,41807,42961,29.6767,96.1355,0.000117913,52042,53387,52717,55331
16159,201,49284,49668,29.0652,94.1543,0.000120394,53381,54190,73793,195671
16498,434,44147,43545,28.4679,92.2197,0.00012292,73417,275865,54856,72225
16845,231,44364,49278,27.8815,90.32,0.000125505,76173,203666,68854,112651
17199,323,50086,43379,27.3076,88.461,0.000128143,56290,125726,72745,123853
17560,293,48313,43294,26.7462,86.6424,0.000130832,53020,65875,79622,196776
17929,481,50645,51670,26.1958,84.8592,0.000133581,73435,186302,72405,206447
18306,403,46483,44455,25.6563,83.1115,0.00013639,72659,191591,69219,129741
18691,287,43242,51488,25.1278,81.3996,0.000139259,53197,73475,72718,146413
19083,333,43580,51765,24.6116,79.7275,0.000142179,52563,72154,72464,150119
19484,348,43213,43937,24.1051,78.0866,0.000145167,72891,116384,53478,71205
19894,230,43461,52100,23.6083,76.4773,0.000148222,52729,55910,72836,178683
20312,688,45957,44643,23.1225,74.9035,0.000151336,52880,71673,53061,69772
20739,222,51394,45418,22.6464,73.3613,0.000154518,72924,121668,76591,176427
21174,908,52631,52125,22.1812,71.8542,0.000157759,72018,74058,52314,62437
21619,305,47266,43780,21.7246,70.3751,0.000161074,75599,190297,72903,108965
22074,1263,48829,44708,21.2768,68.9245,0.000164464,73059,112302,53022,69364
22537,311,43282,43292,20.8397,67.5085,0.000167914,52190,57747,72242,122828
23011,1153,46132,44949,20.4104,66.1179,0.000171445,52673,64445,74583,191549
23494,372,44288,52035,19.9908,64.7587,0.000175044,72607,127375,65777,163842
23988,719,44322,46224,19.5791,63.425,0.000178725,73623,164790,53809,69505
24492,431,42919,47342,19.1762,62.1199,0.00018248,72550,106451,72901,131808
25007,373,54261,44331,18.7813,60.8406,0.000186317,72136,91224,52641,113345
25532,312,53339,43629,18.3951,59.5895,0.000190228,52278,66116,52577,70018
26069,308,43809,43200,18.0162,58.362,0.000194229,73590,155513,53105,67305
26616,326,52885,54492,17.6459,57.1626,0.000198305,77634,246938,53689,70134
27176,394,44988,54260,17.2823,55.9847,0.000202477,52499,65985,53556,76374
27747,386,44001,44119,16.9267,54.8326,0.000206731,83878,245957,73194,198004
28330,406,44885,53553,16.5783,53.7042,0.000211075,52150,59253,72806,112302
28925,429,44529,44232,16.2373,52.5995,0.000215508,52636,68117,52749,77022
29533,483,44766,43384,15.903,51.5166,0.000220038,52140,71176,72867,129152
30153,543,44572,44253,15.576,50.4573,0.000224657,52361,54969,73186,119995
30787,682,52613,57260,15.2553,49.4183,0.000229381,72764,182840,68921,121348
31130,806,44686,44851,15.0872,48.8738,0.000231937,52809,65915,73292,125225
31434,5628,43823,54765,27.7071,94.5249,0.000234202,52122,60845,72636,126030
32094,405,44422,44286,27.1373,92.581,0.000239119,52242,58242,52243,68390
32768,262,45010,53388,26.5791,90.6768,0.000244141,52257,54456,72934,136791
33457,461,44557,45412,26.0317,88.8094,0.000249274,73224,223391,64709,198870
34160,300,44258,45776,25.496,86.9817,0.000254512,51995,65117,52719,67050
34878,262,43763,51479,24.9712,85.1911,0.000259861,52113,55379,52791,70504
35611,301,45198,46646,24.4572,83.4376,0.000265323,73212,165778,52314,68473
36359,260,44605,47355,23.954,81.7211,0.000270896,73096,176297,72580,134650
37123,295,45168,53515,23.461,80.0392,0.000276588,52092,69016,73197,236726
37903,325,44275,45203,22.9782,78.3921,0.000282399,72939,122378,53573,71025
38699,338,45102,45314,22.5056,76.7797,0.00028833,52080,57196,73044,118488
39512,304,45333,44638,22.0425,75.1998,0.000294387,52037,54027,73002,129286
40343,340,45731,54504,21.5885,73.6508,0.000300579,52025,57754,72944,116844
41190,324,45194,45562,21.1445,72.1363,0.000306889,72522,157926,52286,64519
42056,283,53593,45733,20.7091,70.6509,0.000313342,72860,76765,52559,69613
42939,279,44800,57135,20.2833,69.1981,0.00031992,73999,196427,52488,64354
43842,318,45416,45693,19.8655,67.7728,0.000326648,72289,179732,54434,68476
44763,391,45323,48855,19.4568,66.3784,0.00033351,72796,119859,52424,68227
45703,311,44872,45401,19.0566,65.0132,0.000340514,52047,67705,73075,124774
46664,1236,45964,55383,18.6642,63.6743,0.000347674,72713,130512,75368,217590
47644,351,45437,50060,18.2802,62.3645,0.000354975,71666,112934,53037,68297
48645,1163,52287,55738,17.9041,61.0812,0.000362433,72944,187479,71562,179197
49668,387,46136,51546,17.5353,59.8231,0.000370055,73291,168903,54255,72899
50711,354,45445,54397,17.1747,58.5927,0.000377826,73240,127424,72954,118463
51777,404,45507,53674,16.8211,57.3864,0.000385769,51999,66876,73240,191020
52865,387,46028,45423,16.4749,56.2054,0.000393875,52477,67193,73166,131926
53975,390,49768,56415,16.1361,55.0495,0.000402145,72452,160062,73473,115228
55109,415,47308,46190,15.804,53.9167,0.000410594,72947,223887,98679,295072
56267,441,46333,46975,15.4788,52.8071,0.000419222,52563,115126,73276,114237
57450,479,55738,50524,15.16,51.7197,0.000428036,69206,71329,89626,221886
58657,470,45972,46501,14.8481,50.6554,0.000437029,52745,67440,74350,247454
59889,629,46417,46291,14.5426,49.6134,0.000446208,70750,127732,53100,66505
61148,698,46261,46434,14.2432,48.5919,0.000455588,52370,66938,72497,108927
62260,866,46284,45580,13.9888,47.724,0.000463873,52327,54833,91060,230166
62433,49635,58348,46215,25.7571,92.9893,0.000465162,55209,71645,73325,106852
63744,352,46080,45461,25.2274,91.0768,0.00047493,53187,85068,73263,148426
65084,321,54935,48390,24.708,89.2016,0.000484914,53684,70830,73726,113047
66451,310,46052,46918,24.1997,87.3666,0.000495099,73266,113357,54165,72660
67848,300,55133,47502,23.7015,85.5677,0.000505507,79551,234953,53328,74859
69273,311,47178,55327,23.2139,83.8075,0.000516124,52677,75054,55237,69578
70729,238,47162,46809,22.736,82.0823,0.000526972,52688,71087,52638,69986
72215,969,51582,49552,22.2682,80.3933,0.000538044,72101,127987,72677,244670
73732,359,46911,48018,21.81,78.7392,0.000549346,73638,187563,74720,192177
75282,455,47554,56717,21.361,77.118,0.000560895,52261,56794,71725,159629
76863,329,54734,47114,20.9216,75.5318,0.000572674,59968,213192,73325,113299
78478,383,47870,46630,20.491,73.9774,0.000584707,52397,114401,55197,65535
80127,295,47199,47705,20.0693,72.455,0.000596993,73184,130369,79170,209460
81811,1167,52922,47395,19.6562,70.9636,0.000609539,71945,223325,55631,107381
83530,369,46854,47740,19.2517,69.5032,0.000622347,52100,62633,52468,54434
85285,270,47275,46925,18.8556,68.0729,0.000635423,52273,63298,89604,234648
87077,1065,48773,46800,18.4675,66.672,0.000648774,53610,74323,74892,206179
88907,416,51304,56994,18.0874,65.2997,0.000662409,57992,80790,55148,69604
90775,420,47968,55907,17.7152,63.9559,0.000676326,73277,198526,78713,181906
92682,542,55355,52288,17.3507,62.64,0.000690535,72399,119689,72925,92284
94630,409,46791,47862,16.9935,61.3505,0.000705048,56383,119324,77069,202389
96618,369,47621,55020,16.6439,60.0882,0.00071986,78441,181086,62853,76830
98648,405,48048,49396,16.3014,58.8517,0.000734985,73601,138276,73219,135601
100721,1408,48161,62000,15.9658,57.6404,0.00075043,72495,193945,62809,103308
102838,360,47561,47861,15.6372,56.4538,0.000766203,79774,221779,54947,70735
104998,383,47751,50623,15.3155,55.2925,0.000782296,74022,142216,72392,109642
107205,444,47857,47864,15.0002,54.1542,0.000798739,73133,139048,76362,212722
109457,713,47906,47914,14.6916,53.04,0.000815518,52703,99386,54620,70371
111757,420,47832,48741,14.3892,51.9484,0.000832655,79709,251469,73597,119583
114105,519,47258,60377,14.0931,50.8795,0.000850148,73109,118236,72796,100036
116503,666,48567,47991,13.803,49.8322,0.000868015,85555,229127,58270,118112
118951,546,47972,48291,13.519,48.8067,0.000886254,52718,66356,55731,70703
121450,574,47855,52023,13.2408,47.8024,0.000904873,53331,70676,55188,98991
124002,3977,48550,48344,12.9683,46.8186,0.000923887,52569,72432,73922,172630
124519,5869,48534,48976,12.9145,46.6242,0.000927739,73049,147447,73157,111966
126608,3542,48354,55976,23.3118,89.5936,0.000943303,81951,181509,73851,169014
129268,327,57371,56986,22.8321,87.75,0.000963122,53568,76372,95698,207123
131984,323,48715,57761,22.3622,85.9442,0.000983357,71967,122877,72002,234217
134757,1390,52168,48870,21.9021,84.1757,0.00100402,53268,102051,52856,71695
137589,414,48324,54686,21.4512,82.4431,0.00102512,80693,242322,72757,101030
140480,1033,48370,48994,21.0098,80.7465,0.00104666,73891,189396,66429,191059
143432,395,59408,48961,20.5774,79.0846,0.00106865,72734,102321,63454,119919
146446,384,58101,48048,20.1539,77.457,0.00109111,73044,127471,52995,108547
149523,404,48296,57738,19.7391,75.863,0.00111403,53487,93125,73607,202162
152664,391,48484,50766,19.333,74.3022,0.00113744,72934,224450,72878,164198
155872,453,49099,48990,18.9351,72.7729,0.00116134,52347,57182,52714,72733
159147,403,48135,57040,18.5455,71.2754,0.00118574,75302,237564,73425,224119
162491,414,48205,48214,18.1638,69.8086,0.00121065,74633,101422,77785,213695
165906,366,48662,49150,17.7899,68.3716,0.0012361,69967,182882,55827,128128
169392,1408,51095,48631,17.4238,66.9646,0.00126207,52766,98662,72881,128825
172951,359,48833,48314,17.0653,65.5866,0.00128859,52392,67108,58195,101480
176585,341,48056,49156,16.7141,64.2368,0.00131566,73632,191857,72444,198300
180296,1212,59057,58870,16.3701,62.9147,0.00134331,69253,73065,78072,260333
184084,991,52271,50613,16.0332,61.62,0.00137153,66335,209421,73753,98726
187952,370,48808,54585,15.7032,60.3519,0.00140035,72488,238199,68762,100656
191901,396,49318,53772,15.3801,59.11,0.00142977,52387,64229,76014,172057
195933,500,49762,49139,15.0636,57.8936,0.00145981,72914,135469,61635,73677
200050,434,48448,48924,14.7536,56.7021,0.00149049,52351,66523,52793,69085
204254,410,56673,48791,14.4499,55.5351,0.00152181,57603,90620,75762,154523
208546,432,56888,51176,14.1525,54.3921,0.00155379,52891,64743,73115,146868
212928,494,48786,58321,13.8613,53.2728,0.00158644,73143,101044,74225,234514
217402,490,48795,51960,13.576,52.1764,0.00161977,74153,189797,55211,100779
221970,532,48722,58836,13.2966,51.1027,0.00165381,73446,180170,57525,81991
226634,577,55472,54053,13.023,50.051,0.00168855,58711,99358,72546,126884
231396,666,48708,57806,12.755,49.021,0.00172403,77116,128357,53766,73364
236258,586,55013,49699,12.4925,48.0122,0.00176026,70700,129129,106015,185975
241222,1008,48955,49372,12.2354,47.0242,0.00179724,52157,65825,77859,185012
246291,833,49360,56735,11.9836,46.0563,0.00183501,73589,100859,75540,172132
249037,1095,49434,49458,11.8515,45.5485,0.00185547,52624,58561,72776,127620
251466,9582,51275,56306,21.3793,88.1096,0.00187357,53943,68318,70420,101407
256750,393,53276,50584,20.9393,86.2963,0.00191294,83129,191849,55099,69177
262144,392,48861,49181,20.5084,84.5206,0.00195312,52103,53818,54219,88179
267653,353,49391,50216,20.0863,82.781,0.00199417,77643,276329,57973,88751
273277,367,49625,59806,19.6729,81.0774,0.00203607,73346,128187,66093,101685
279019,484,49106,49336,19.2681,79.4088,0.00207885,52828,100365,52883,71689
284882,470,49156,49523,18.8715,77.7746,0.00212254,52225,100034,69053,127596
290867,431,49563,54828,18.4832,76.1743,0.00216713,72971,125352,71755,102206
296979,442,49101,58402,18.1028,74.6065,0.00221267,52400,68163,55301,87984
303219,426,49405,49270,17.7303,73.0712,0.00225916,52563,91607,73183,129273
309591,743,49701,51195,17.3654,71.5672,0.00230663,91250,191138,73471,137466
316096,481,51880,49648,17.008,70.0945,0.0023551,72785,93480,83019,246553
322738,471,59089,58391,16.658,68.6519,0.00240459,74607,166850,73442,138902
329519,633,50549,55102,16.3152,67.2391,0.00245511,52491,87506,63818,115895
336443,1072,51677,49914,15.9794,65.8554,0.0025067,72028,161598,70467,91879
343512,470,49487,49967,15.6506,64.5002,0.00255936,73431,165942,71628,125005
350730,1052,55898,56691,15.3285,63.1727,0.00261314,68497,103567,55291,80463
358100,511,53964,49634,15.013,61.8726,0.00266805,71101,203010,74075,129809
365624,530,49360,49574,14.7041,60.5993,0.00272411,90509,199974,63177,99203
373307,545,49818,56441,14.4014,59.3522,0.00278135,84400,175301,55680,94040
381151,463,49798,52212,14.1051,58.1307,0.0028398,70623,122075,76543,163923
389159,577,49424,49753,13.8148,56.9345,0.00289946,52803,100978,80043,197046
397337,838,49388,54507,13.5305,55.7627,0.00296039,52843,67373,70441,118525
405685,599,51921,54004,13.2521,54.6152,0.00302259,81866,188825,53697,70863
414210,577,56363,58743,12.9793,53.4912,0.0030861,77947,165140,73562,213564
422913,599,49462,55345,12.7122,52.3904,0.00315095,72963,163179,82149,195902
431799,1072,60839,50285,12.4506,51.3122,0.00321715,62026,101553,63668,100579
440872,725,55449,49839,12.1944,50.2563,0.00328475,53290,66786,86429,285522
450136,602,57926,51075,11.9434,49.222,0.00335377,67231,101635,61067,101677
459594,609,50161,50233,11.6976,48.209,0.00342424,53379,87214,79575,190293
469251,887,50182,49908,11.4569,47.2169,0.00349619,73400,102194,64263,101489
479111,1776,61713,50255,11.2211,46.2452,0.00356966,72945,220788,62709,99494
489179,856,49838,50107,10.9902,45.2934,0.00364467,74941,200428,65814,101384
498074,1071,49964,50085,10.7939,44.4845,0.00371094,76233,191626,56993,100287
499457,18850,54662,58813,19.4239,86.6121,0.00372124,72826,73343,71819,196254
509952,571,49700,56023,19.0242,84.8296,0.00379944,53126,103406,57053,100649
520667,576,53317,66771,18.6327,83.0839,0.00387927,73049,98672,76106,140655
531607,492,51997,50431,18.2492,81.3741,0.00396078,66267,99727,73502,125405
542777,519,50905,50037,17.8737,79.6995,0.004044,52311,67070,57135,101439
554182,563,58908,49925,17.5058,78.0593,0.00412898,73274,145498,53510,71253
565827,534,50273,50292,17.1455,76.4528,0.00421574,52450,100896,53722,98702
577716,533,57839,52093,16.7927,74.8794,0.00430432,70884,103036,56059,101090
589855,527,64199,50420,16.4471,73.3384,0.00439476,62607,99924,90889,174791
602249,623,49738,50421,16.1086,71.8292,0.0044871,73350,118104,70938,103584
614904,571,50206,50477,15.7771,70.3509,0.00458139,73735,148144,101921,261352
627824,590,49731,50548,15.4524,68.9031,0.00467765,64632,203933,77239,125822
641016,783,50291,66201,15.1344,67.4851,0.00477594,63169,172479,73971,180343
654485,672,50566,60157,14.823,66.0963,0.00487629,63096,101563,72258,124740
668237,628,50126,54642,14.5179,64.7361,0.00497875,73066,108204,59996,99507
682278,696,50194,50498,14.2191,63.4038,0.00508337,87299,265684,88387,198850
696615,634,57742,59974,13.9265,62.0989,0.00519019,74319,131043,74989,124615
711252,975,54930,59793,13.6399,60.821,0.00529924,56076,102912,58547,99608
726197,710,50317,50641,13.3592,59.5693,0.00541059,64581,103946,73813,126241
741456,1050,55033,51541,13.0843,58.3434,0.00552428,78458,105897,55348,103793
757035,786,55514,50869,12.815,57.1427,0.00564035,54132,101781,102763,212908
772942,809,50185,50349,12.5513,55.9667,0.00575887,72955,126795,56203,102551
789183,768,50456,50616,12.293,54.815,0.00587987,68753,103120,81108,140905
805766,822,56670,58880,12.04,53.6869,0.00600342,52950,68507,76755,127164
822697,743,50310,50420,11.7922,52.582,0.00612957,53604,75329,70213,103032
839983,770,50707,58710,11.5495,51.4999,0.00625836,58152,104266,73232,125346
857633,1472,51810,50743,11.3118,50.44,0.00638986,101030,258802,69943,103636
875654,808,50118,55012,11.079,49.402,0.00652413,57268,100022,68414,101587
894053,1371,60830,50935,10.851,48.3853,0.00666121,59011,103754,56183,101710
912839,922,58691,51011,10.6277,47.3896,0.00680118,100057,174726,65165,101651
932020,945,50164,58121,10.409,46.4143,0.00694409,99469,194639,93141,252797
951603,1164,50530,50676,10.1948,45.4591,0.00708999,99068,173891,65643,106092
971599,1218,53430,51322,9.98499,44.5236,0.00723898,93843,270306,72369,101221
992014,1294,50246,50741,9.77951,43.6073,0.00739108,79832,199241,92155,283284
996141,2573,50663,50913,9.73899,43.4266,0.00742183,73408,142303,55406,103942
1.01286e+06,4032,50649,50857,17.0838,83.3439,0.00754638,53852,101610,101209,154129
1.03414e+06,835,58866,55571,16.7322,81.6287,0.00770494,99114,217036,75172,191362
1.05587e+06,935,50546,55164,16.3879,79.9488,0.00786684,73464,103822,69186,101013
1.07806e+06,709,61843,59799,16.0506,78.3035,0.00803214,72414,102079,87860,110372
1.10071e+06,969,50723,50651,15.7203,76.692,0.00820091,53094,99220,71819,240612
1.12384e+06,883,50747,50841,15.3968,75.1137,0.00837323,74192,144759,87060,290259
1.14745e+06,952,59248,50798,15.0799,73.5679,0.00854918,87405,214356,103862,186287
1.17156e+06,981,50879,51091,14.7696,72.0539,0.00872881,73076,139609,69783,100950
1.19618e+06,893,50538,50716,14.4656,70.571,0.00891222,99085,276956,81249,210307
1.22131e+06,942,59002,50780,14.1679,69.1187,0.00909948,74799,191345,56802,96889
1.24698e+06,904,55645,51248,13.8763,67.6962,0.00929069,74076,142940,75949,142711
1.27318e+06,1001,55034,55844,13.5908,66.3031,0.0094859,87776,104179,100998,244858
1.29993e+06,988,58777,54729,13.3111,64.9386,0.00968522,102096,213213,86717,124977
1.32724e+06,947,51013,54604,13.0372,63.6022,0.00988872,99068,103868,106394,191822
1.35513e+06,941,58566,63655,12.7688,62.2933,0.0100965,101644,162715,101351,126599
1.3836e+06,972,50875,51046,12.5061,61.0113,0.0103087,67925,103823,104200,192725
1.41268e+06,1106,50472,50709,12.2487,59.7557,0.0105253,69532,101512,68590,102060
1.44236e+06,1355,54119,51760,11.9966,58.5259,0.0107464,83423,223167,96535,142092
1.47267e+06,962,51011,51197,11.7497,57.3215,0.0109722,54297,101554,101493,233384
1.50361e+06,989,50275,60407,11.5079,56.1418,0.0112028,72754,127630,96630,220595
1.53521e+06,1017,51339,50808,11.2711,54.9864,0.0114382,99066,101523,67983,101787
1.56746e+06,1082,50561,62950,11.0391,53.8548,0.0116785,99146,127061,99302,146458
1.6004e+06,1143,50704,50769,10.812,52.7465,0.0119239,85837,103510,69655,103181
1.63403e+06,1269,50632,51579,10.5895,51.661,0.0121744,99761,103524,101159,103884
1.66836e+06,1100,51071,51261,10.3715,50.5979,0.0124303,71979,103229,72349,103067
1.70342e+06,1114,51087,59079,10.1581,49.5566,0.0126914,54496,103704,101842,217879
1.73921e+06,1192,50375,53915,9.94903,48.5367,0.0129581,100886,255320,100702,211310
1.77575e+06,1346,55923,51537,9.74429,47.5378,0.0132304,103020,223352,68922,102057
1.81307e+06,1219,50700,50743,9.54375,46.5595,0.0135084,53434,103357,101272,103745
1.85116e+06,1313,50701,50914,9.34734,45.6013,0.0137922,53305,103530,101401,244911
1.89006e+06,1556,52193,50696,9.15498,44.6629,0.014082,100177,108184,98995,102894
1.92977e+06,1569,50208,58978,8.96657,43.7437,0.0143779,60915,102484,100536,172652
1.97032e+06,1777,50702,58147,8.78204,42.8435,0.0146801,67540,102525,69874,101184
1.99222e+06,2244,50970,50447,8.68551,42.3725,0.0148432,100276,103347,100222,103024
2.01172e+06,7307,50397,63557,15.1167,81.836,0.0149885,100686,238365,69506,101608
2.05399e+06,1287,50792,50405,14.8056,80.1519,0.0153034,94478,239161,100850,173400
2.09715e+06,1268,50728,50299,14.5009,78.5024,0.015625,98045,102800,101175,276363
2.14122e+06,1394,50836,56183,14.2024,76.8868,0.0159533,100297,118088,102805,143778
2.18621e+06,1414,50374,59390,13.9102,75.3045,0.0162885,100179,145700,95049,122348
2.23215e+06,1305,50580,50834,13.6239,73.7548,0.0166308,102895,166072,70366,103552
2.27905e+06,1371,50758,55897,13.3435,72.2369,0.0169802,101330,157282,100547,158684
2.32694e+06,1458,50713,50754,13.0689,70.7503,0.017337,98387,102551,98330,144487
2.37583e+06,1492,56366,58718,12.8,69.2943,0.0177013,102671,191578,98861,145514
2.42575e+06,1517,52158,60716,12.5365,67.8682,0.0180733,101417,103090,101724,206029
2.47672e+06,1366,50312,52654,12.2785,66.4715,0.018453,100381,103275,70077,103709
2.52876e+06,1536,50927,50826,12.0259,65.1036,0.0188408,85350,101725,101444,104129
2.5819e+06,1411,50806,51085,11.7784,63.7638,0.0192366,100303,101760,87172,103150
2.63615e+06,1645,52082,50822,11.536,62.4515,0.0196408,94848,102893,101207,179074
2.69154e+06,1520,58968,51499,11.2986,61.1663,0.0200535,103315,193831,101206,103337
2.7481e+06,1729,51503,50840,11.066,59.9075,0.0204749,99330,102584,101184,124977
2.80584e+06,1635,50944,52421,10.8383,58.6746,0.0209051,103821,142468,99320,101949
2.8648e+06,1657,51051,51720,10.6153,57.4671,0.0213444,100751,287336,100647,103621
2.92499e+06,1774,57629,61287,10.3968,56.2845,0.0217929,101007,103641,103390,173473
2.98645e+06,1703,51130,51244,10.1828,55.1261,0.0222508,103093,153077,99539,103380
3.0492e+06,1822,51019,51488,9.97327,53.9917,0.0227183,99787,104019,101667,104899
3.11327e+06,1716,51170,52138,9.76803,52.8805,0.0231957,99904,103680,101505,103033
3.17869e+06,1745,60464,51333,9.567,51.7923,0.0236831,100670,103033,100962,103737
3.24548e+06,1930,50889,55651,9.37012,50.7264,0.0241807,101065,109677,105566,226564
3.31367e+06,1966,51919,53494,9.17728,49.6825,0.0246888,103195,127629,105420,260963
3.3833e+06,2199,57859,51255,8.98842,48.66,0.0252076,101196,103382,106085,169245
3.45439e+06,2038,50528,51626,8.80344,47.6586,0.0257372,98742,102306,136356,243965
3.52698e+06,2278,51482,59315,8.62227,46.6778,0.026278,101995,154046,101392,104135
3.60108e+06,2128,50859,51899,8.44482,45.7172,0.0268302,103164,124054,129795,201168
3.67675e+06,2270,51072,51708,8.27103,44.7763,0.0273939,103945,253701,103675,143140
3.75401e+06,2411,51425,51587,8.10082,43.8548,0.0279695,109450,175681,101469,103590
3.83289e+06,2383,57939,59100,7.93411,42.9523,0.0285572,101268,105716,123858,177745
3.91342e+06,2562,51476,54170,7.77082,42.0684,0.0291573,103023,146176,101592,117469
3.98404e+06,3016,51556,53057,7.63308,41.3227,0.0296834,103126,159263,101408,104125
3.99565e+06,21574,59480,52315,13.1219,80.3045,0.0297699,103698,163167,101292,153613
4.07961e+06,2360,51381,52347,12.8518,78.6519,0.0303955,141705,293221,114209,251823
4.16533e+06,2410,51576,60478,12.5874,77.0333,0.0310341,99031,103461,101808,243783
4.25286e+06,2388,52666,52472,12.3283,75.4479,0.0316862,139152,278170,143635,287641
4.34222e+06,2476,59489,51221,12.0746,73.8953,0.032352,101399,103747,101799,180989
4.43346e+06,2443,51406,51190,11.8261,72.3745,0.0330318,101065,104872,101108,103467
4.52661e+06,2480,51084,51057,11.5827,70.8851,0.0337259,101788,103906,101193,102803
4.62173e+06,2461,51407,54012,11.3444,69.4263,0.0344345,140649,217089,101624,103777
4.71884e+06,2549,51397,51923,11.1109,67.9975,0.0351581,101309,104017,106548,280087
4.81799e+06,2471,53653,52554,10.8822,66.5981,0.0358968,102591,110507,101785,147956
4.91923e+06,2676,53024,52033,10.6583,65.2276,0.0366511,102779,126203,105895,253326
5.02259e+06,2578,52683,53840,10.4389,63.8852,0.0374212,102702,244091,111603,182552
5.12813e+06,2663,52287,51819,10.2241,62.5705,0.0382075,103376,146572,102147,104321
5.23588e+06,2644,59523,54148,10.0137,61.2828,0.0390103,131464,246834,105000,157610
5.3459e+06,2780,53153,52035,9.80762,60.0216,0.03983,103746,205516,101593,103976
5.45822e+06,2774,51219,56340,9.60578,58.7864,0.0406669,101514,103735,102191,103756
5.57291e+06,2794,57593,60501,9.4081,57.5766,0.0415214,102957,156627,103066,234018
5.69001e+06,2824,52689,51701,9.21448,56.3917,0.0423939,102776,199700,103244,150280
5.80957e+06,2893,55088,57565,9.02485,55.2311,0.0432847,102367,104703,103333,104644
5.93164e+06,3011,51329,52434,8.83912,54.0945,0.0441942,101917,114370,101451,103896
6.05628e+06,3062,51600,51927,8.65721,52.9812,0.0451228,102320,107260,144375,213190
6.18353e+06,3162,51980,58060,8.47905,51.8909,0.0460709,103031,120022,104144,214878
6.31346e+06,3203,58762,61204,8.30455,50.823,0.047039,102063,213640,109502,191552
6.44612e+06,3299,52293,52432,8.13365,49.7771,0.0480274,105015,187491,102370,115897
6.58157e+06,3369,53479,58004,7.96626,48.7527,0.0490365,101182,104064,107508,210041
6.71986e+06,3503,51407,52551,7.80232,47.7494,0.0500669,101202,103816,102053,103845
6.86106e+06,3499,53234,51935,7.64175,46.7667,0.0511189,105079,239566,142335,259985
7.00523e+06,3629,52186,58801,7.48448,45.8043,0.052193,101915,103756,142489,162178
7.15242e+06,3667,51946,52085,7.33046,44.8616,0.0532897,101369,103727,110381,206268
7.30271e+06,3828,52329,54192,7.1796,43.9384,0.0544094,107710,150479,103584,152896
7.45615e+06,3921,58952,59190,7.03184,43.0341,0.0555527,107214,159075,106758,190547
7.61282e+06,3988,60081,53022,6.88713,42.1485,0.05672,106705,154202,101960,105640
7.77278e+06,4277,51834,60196,6.74539,41.2811,0.0579118,103299,143521,102883,192203
7.93611e+06,4594,53961,58997,6.60658,40.4316,0.0591286,105848,153811,101422,152099
7.96497e+06,4529,51375,51833,6.58263,40.285,0.0593437,102096,103387,144030,190556
8.10286e+06,7112,52384,51290,10.8705,77.1278,0.060371,104018,151555,101935,122950
8.27312e+06,4133,52428,52404,10.6468,75.5406,0.0616395,103839,153194,103130,103981
8.44696e+06,4215,52358,52783,10.4277,73.9859,0.0629347,103315,104675,142219,205873
8.62444e+06,4147,52367,61698,10.2131,72.4633,0.0642571,102191,104471,142413,233573
8.80566e+06,4268,55263,52269,10.0029,70.9721,0.0656073,101663,152783,102713,104390
8.99069e+06,4262,52006,61542,9.79702,69.5115,0.0669858,102195,103627,102866,147883
9.1796e+06,4560,57107,61435,9.5954,68.081,0.0683934,142069,181920,103968,154675
9.37248e+06,4490,52168,65144,9.39793,66.6799,0.0698304,103898,150816,104189,149466
9.56942e+06,4590,57766,52752,9.20452,65.3076,0.0712977,103721,143370,103665,150737
9.77049e+06,4701,54776,58882,9.0151,63.9636,0.0727959,103263,104840,113721,194720
9.97579e+06,4833,51971,59037,8.82957,62.6473,0.0743254,140338,199171,103618,104618
1.01854e+07,4838,53594,52413,8.64786,61.358,0.0758872,103534,113118,103199,148520
1.03994e+07,4972,51873,59919,8.46989,60.0953,0.0774817,103767,154448,103869,153519
1.06179e+07,5096,60527,55428,8.29558,58.8585,0.0791098,104369,144011,103393,151134
1.0841e+07,5168,53053,61762,8.12486,57.6472,0.0807721,103539,151055,103455,151115
1.10688e+07,5238,51858,60895,7.95765,56.4609,0.0824692,103304,104230,145095,208407
1.13014e+07,5398,52702,60888,7.79389,55.2989,0.0842021,103593,135233,117664,168660
1.15389e+07,5525,52688,53817,7.63349,54.1609,0.0859714,105065,263083,141550,183596
1.17813e+07,5545,53689,61574,7.4764,53.0463,0.0877778,142345,155587,102940,126863
1.20289e+07,5840,52206,54133,7.32253,51.9546,0.0896222,143205,265967,103155,116233
1.22816e+07,5864,52758,62900,7.17184,50.8854,0.0915054,103044,151622,103268,108724
1.25397e+07,6042,53391,68594,7.02424,49.8382,0.0934281,104334,153848,106602,150565
1.28032e+07,6231,52842,54288,6.87969,48.8125,0.0953912,103381,153291,104045,191992
1.30722e+07,6140,54247,55185,6.73811,47.808,0.0973956,150416,255377,123822,152009
1.33469e+07,6312,52497,53165,6.59944,46.8241,0.0994421,141795,179935,144128,287023
1.36273e+07,6580,53852,55273,6.46362,45.8605,0.101532,104421,156115,106912,154469
1.39137e+07,6782,56739,54124,6.3306,44.9167,0.103665,104291,152197,109948,174962
1.4206e+07,6870,61813,54040,6.20032,43.9923,0.105843,138306,160240,104499,155038
1.45045e+07,7152,54231,54340,6.07272,43.087,0.108067,141495,260163,103945,153115
1.48093e+07,7152,54734,54932,5.94775,42.2002,0.110338,143527,219352,105905,152876
1.51205e+07,7347,53755,54229,5.82534,41.3318,0.112656,124821,212729,144617,204057
1.54382e+07,7621,53650,58034,5.70546,40.4812,0.115023,103294,104163,102923,151303
1.57626e+07,8004,53424,62498,5.58804,39.6481,0.11744,103782,152978,145075,205431
1.59085e+07,8383,56153,53003,5.5368,39.2845,0.118527,103514,148585,103623,150854
1.60938e+07,11374,53165,54932,8.86105,75.5791,0.119908,143615,214062,102651,153493
1.64319e+07,7182,53025,51962,8.67869,74.0237,0.122428,140968,255104,102963,150061
1.67772e+07,7184,53000,52561,8.50009,72.5003,0.125,141507,185230,102500,150652
1.71297e+07,7363,54479,57753,8.32516,71.0082,0.127627,139958,171058,145594,220305
1.74897e+07,7717,55525,62834,8.15383,69.5469,0.130308,104414,153517,145040,190772
1.78572e+07,8013,54033,54347,7.98602,68.1157,0.133046,103624,150771,144021,217272
1.82324e+07,8221,55598,55175,7.82167,66.7139,0.135842,143934,158635,104215,152446
1.86155e+07,8418,55671,55272,7.66071,65.3409,0.138696,103872,155393,104466,155652
1.90066e+07,8519,53944,54818,7.50305,63.9962,0.14161,143132,200982,146373,229001
1.9406e+07,8799,54732,56182,7.34864,62.6792,0.144586,151205,245328,142788,189022
1.98138e+07,8996,54618,64010,7.19741,61.3893,0.147624,153220,276493,106937,200595
2.02301e+07,9051,54014,66484,7.04929,60.1259,0.150726,104982,153972,122051,210405
2.06552e+07,9249,58125,55246,6.90422,58.8885,0.153893,145677,203605,106484,153928
2.10892e+07,9418,62813,57589,6.76213,57.6766,0.157127,144655,205111,118421,156162
2.15323e+07,9599,55839,55560,6.62297,56.4896,0.160428,104325,155310,105316,155198
2.19848e+07,9857,55068,63885,6.48667,55.3271,0.163799,145009,205531,126110,171425
2.24467e+07,9958,55131,54965,6.35317,54.1885,0.167241,151650,255096,104926,155220
2.29184e+07,10107,55222,54450,6.22243,53.0733,0.170755,149288,212494,152008,191576
2.33999e+07,10373,58997,64042,6.09437,51.9811,0.174343,150740,155849,121279,156789
2.38916e+07,10641,54606,69247,5.96895,50.9113,0.178006,104335,153625,151918,242461
2.43936e+07,10857,54828,56402,5.84611,49.8636,0.181747,150859,153618,163243,317643
2.49062e+07,11095,55812,56184,5.7258,48.8374,0.185565,105248,154386,107415,155176
2.54295e+07,11322,59166,60851,5.60797,47.8323,0.189465,149652,198881,143798,153479
2.59638e+07,11455,57270,55729,5.49255,46.848,0.193446,115249,152542,144644,210666
2.65094e+07,11725,54723,54992,5.37952,45.8839,0.19751,148893,255753,129378,153759
2.70664e+07,11996,55138,64208,5.26881,44.9396,0.20166,103762,152717,104820,153328
2.76351e+07,12249,56256,58094,5.16038,44.0147,0.205898,151171,214837,104641,153483
2.82158e+07,12509,57441,55415,5.05418,43.1089,0.210224,152672,264642,151058,154257
2.88087e+07,12805,56708,56136,4.95017,42.2218,0.214641,146400,154510,151325,156554
2.9414e+07,13116,63935,63708,4.84829,41.3528,0.219151,105582,153601,151763,204017
3.00321e+07,13754,57475,60770,4.74852,40.5018,0.223756,196153,252172,154779,205227
3.06631e+07,14000,56088,58659,4.6508,39.6683,0.228458,150111,211821,154544,250818
3.13074e+07,14753,57463,56481,4.55508,38.8519,0.233258,152422,203818,150462,200856
3.16913e+07,15614,56154,57966,4.4999,38.3813,0.236119,151748,154563,154964,216650
3.19652e+07,18888,56446,57689,6.8232,74.0052,0.23816,149292,151648,151135,154945
3.26369e+07,13172,58307,57054,6.68278,72.4822,0.243164,150668,197388,150717,211865
3.33227e+07,14064,57301,59308,6.54525,70.9905,0.248273,154354,180070,151862,198925
3.40228e+07,14283,56366,56269,6.41055,69.5295,0.25349,155551,216041,149318,153073
3.47377e+07,14675,64205,60928,6.27862,68.0986,0.258816,152977,214161,152851,239701
3.54676e+07,14825,57735,58228,6.14941,66.6972,0.264255,151600,200766,153770,198070
3.62129e+07,15136,59154,58727,6.02286,65.3246,0.269807,152942,214480,152314,167743
3.69738e+07,15441,58223,58835,5.89891,63.9802,0.275476,151741,180337,153679,198544
3.77507e+07,15798,57450,63904,5.77751,62.6635,0.281265,150880,154742,156374,215099
3.85439e+07,16107,63288,61708,5.65861,61.3739,0.287175,153598,206260,200320,235236
3.93538e+07,16343,67636,57830,5.54216,60.1109,0.293209,152713,216226,152943,204168
4.01807e+07,16673,59595,59632,5.4281,58.8738,0.29937,152494,200836,153138,279799
4.1025e+07,16988,58708,66605,5.3164,57.6622,0.30566,153192,215207,151295,170018
4.1887e+07,17349,58351,64324,5.20699,56.4755,0.312083,195449,287156,152462,155136
4.27672e+07,17687,58754,57337,5.09983,55.3133,0.31864,154465,201791,153740,215847
4.36658e+07,18083,66166,68069,4.99487,54.175,0.325335,154239,206705,155853,216539
4.45833e+07,18394,58101,60318,4.89208,53.06,0.332171,153799,156846,153895,156051
4.55201e+07,18941,63799,69293,4.7914,51.9681,0.339151,175201,285119,185866,281516
4.64766e+07,19080,60155,60604,4.6928,50.8986,0.346277,153930,253778,153611,204017
4.74531e+07,19689,59977,59663,4.59622,49.8511,0.353553,203061,287581,170284,206647
4.84502e+07,19522,59989,61375,4.50163,48.8252,0.360982,165300,284490,156010,228309
4.94683e+07,20582,63944,61330,4.40899,47.8204,0.368567,210620,288873,155923,210360
5.05077e+07,20901,69392,61767,4.31825,46.8363,0.376312,156600,252435,154767,252820
5.1569e+07,21239,65838,58812,4.22939,45.8724,0.384219,154328,217052,152652,197494
5.26525e+07,21652,59292,62978,4.14235,44.9283,0.392292,202025,255940,154523,236455
5.37589e+07,21734,61648,69601,4.0571,44.0037,0.400535,203077,226253,203015,218171
5.48885e+07,22428,64030,61821,3.9736,43.0982,0.408951,152083,201372,151918,202555
5.60418e+07,23183,61046,61354,3.89183,42.2112,0.417544,202142,283452,155054,208481
5.72194e+07,23911,62994,63160,3.81174,41.3425,0.426317,155587,208360,199425,253048
5.84217e+07,24486,62319,82525,3.73329,40.4917,0.435275,204882,283194,204742,283676
5.96492e+07,25229,60938,72712,3.65646,39.6584,0.444421,205845,254691,153817,202728
6.09026e+07,26096,65152,65154,3.58121,38.8422,0.45376,214587,364513,155730,208022
6.21823e+07,27075,63941,70126,3.50751,38.0429,0.463294,153735,202131,198579,250450
6.2938e+07,28361,64975,69598,3.4654,37.5861,0.468924,161418,321551,179471,318955
6.34889e+07,30362,63287,67099,4.7566,72.4058,0.473029,153538,206925,200876,215274
6.48229e+07,25860,62517,72751,4.65871,70.9157,0.482968,197214,204652,212640,255527
6.6185e+07,26344,68184,62270,4.56284,69.4563,0.493116,214851,287114,212727,284616
6.75756e+07,26763,63632,63516,4.46893,68.0269,0.503478,202884,217415,200778,380629
6.89956e+07,27656,71084,63624,4.37696,66.6269,0.514057,203483,257981,212802,323318
7.04453e+07,28105,63684,65267,4.28689,65.2558,0.524858,179069,253225,154915,252784
7.19255e+07,28426,65459,66202,4.19866,63.9128,0.535887,211871,259866,203644,266466
7.34368e+07,29176,66051,64839,4.11226,62.5975,0.547147,213418,281647,213257,286469
7.49799e+07,29741,75508,64224,4.02763,61.3093,0.558644,202370,285161,155934,253876
7.65554e+07,30337,70907,71545,3.94474,60.0475,0.570382,215011,269651,154725,206143
7.81639e+07,31002,73004,66958,3.86356,58.8118,0.582367,211020,344912,207655,251669
7.98063e+07,31725,66413,74169,3.78405,57.6015,0.594604,203140,254549,208282,242366
8.14832e+07,32252,66015,66115,3.70617,56.416,0.607097,200777,253615,155543,204340
8.31954e+07,33074,79244,66094,3.6299,55.255,0.619854,175457,205109,211032,305789
8.49435e+07,33526,67828,68048,3.5552,54.1179,0.632878,202551,254023,203853,225967
8.67283e+07,34195,81748,65874,3.48203,53.0042,0.646176,202796,226946,201863,348832
8.85507e+07,34957,75779,69811,3.41038,51.9133,0.659754,205506,283945,202905,253812
9.04113e+07,35786,64039,78495,3.34019,50.845,0.673617,215361,351930,203939,255444
9.2311e+07,36502,75901,66331,3.27145,49.7986,0.687771,201617,205160,251651,436192
9.42507e+07,37249,69622,64425,3.20413,48.7738,0.702222,201204,207423,214627,359968
9.62311e+07,38060,71165,71117,3.13819,47.77,0.716978,213028,286696,203856,206180
9.82531e+07,38635,78449,70402,3.0736,46.7869,0.732043,213767,364327,203120,253253
1.00318e+08,39433,78929,68862,3.01035,45.8241,0.747425,201884,249521,203571,253779
1.02426e+08,40335,71881,78827,2.9484,44.881,0.76313,203726,256439,215713,304268
1.04578e+08,41493,81060,70291,2.88772,43.9574,0.779165,202897,254086,216724,355228
1.06775e+08,42001,71320,71119,2.82829,43.0527,0.795536,212753,284667,213052,284334
1.09019e+08,43071,78830,88796,2.77009,42.1667,0.812252,204180,254885,209348,257230
1.11309e+08,44134,67176,71506,2.71308,41.299,0.82932,204314,250983,207252,303487
1.13648e+08,44729,70493,76994,2.65724,40.449,0.846745,232268,405352,201559,251175
1.16036e+08,45784,72530,76572,2.60256,39.6166,0.864537,204010,294425,203646,283494
1.18474e+08,46869,74410,72458,2.549,38.8013,0.882703,234381,421791,203352,252144
1.20964e+08,48310,74493,86318,2.49654,38.0028,0.90125,207462,304515,223392,309211
