num_entries,insertion_time,query_time,update_time,memory,memory_including_ptr,FPR,tail-99-q,tail-99.9-q,tail-99-u,tail-99.9-u,tail-99-i
2,643,51,71,36880,104016,1.49012e-08,84,346,107,595,1025
3,211,52,69,24586.7,69344,2.23517e-08,67,96,100,484,211
4,78,54,77,18440,52008,2.98023e-08,92,108,128,520,78
5,220,58,75,14752,41606.4,3.72529e-08,82,101,121,536,220
6,187,56,75,12293.3,34672,4.47035e-08,88,98,104,519,187
7,190,56,75,10537.1,29718.9,5.21541e-08,80,91,101,506,190
8,58,56,74,9220,26004,5.96046e-08,80,96,106,442,58
9,66,58,73,8195.56,23114.7,6.70552e-08,91,96,109,503,66
10,116,57,77,7376,20803.2,7.45058e-08,90,100,128,536,116
11,176,58,73,6705.45,18912,8.19564e-08,84,109,124,497,176
12,168,60,77,6146.67,17336,8.9407e-08,86,101,119,527,168
13,55,60,79,5673.85,16002.5,9.68575e-08,90,96,116,493,55
14,170,59,79,5268.57,14859.4,1.04308e-07,88,96,115,492,170
15,59,61,77,4917.33,13868.8,1.11759e-07,89,98,123,527,59
16,108,61,80,4610,13002,1.19209e-07,90,96,122,451,108
17,56,61,78,4338.82,12237.2,1.2666e-07,88,114,127,501,56
18,58,61,78,4097.78,11557.3,1.3411e-07,89,98,122,475,58
19,166,59,78,3882.11,10949.1,1.41561e-07,96,101,120,473,166
20,61,61,78,3688,10401.6,1.49012e-07,83,113,118,533,61
21,60,61,79,3512.38,9906.29,1.56462e-07,92,97,122,558,60
22,57,60,78,3352.73,9456,1.63913e-07,82,94,116,519,57
23,60,60,78,3206.96,9044.87,1.71363e-07,82,90,117,523,60
24,60,59,76,3073.33,8668,1.78814e-07,87,91,119,522,60
25,65,57,77,2950.4,8321.28,1.86265e-07,85,97,117,453,65
26,60,58,76,2836.92,8001.23,1.93715e-07,86,98,115,640,60
27,57,59,76,2731.85,7704.89,2.01166e-07,82,94,117,505,57
28,58,57,75,2634.29,7429.71,2.08616e-07,82,94,115,486,58
29,62,60,76,2543.45,7173.52,2.16067e-07,87,96,115,488,62
30,61,58,75,2458.67,6934.4,2.23517e-07,83,95,119,490,61
31,76,61,76,2379.35,6710.71,2.30968e-07,87,97,118,486,76
32,82,61,80,2305,6501,2.38419e-07,93,97,120,553,82
33,61,60,78,2235.15,6304,2.45869e-07,83,99,119,490,61
34,182,59,77,2169.41,6118.59,2.5332e-07,92,98,120,503,182
35,59,61,77,2107.43,5943.77,2.6077e-07,93,99,125,514,59
36,62,60,77,2048.89,5778.67,2.68221e-07,95,108,119,564,62
37,89,59,80,1993.51,5622.49,2.75671e-07,89,102,119,543,89
38,83,60,79,1941.05,5474.53,2.83122e-07,92,116,122,461,83
39,74,61,79,1891.28,5334.15,2.90573e-07,83,112,120,598,74
40,57,61,79,1844,5200.8,2.98023e-07,87,97,120,528,57
41,68,63,79,1799.02,5073.95,3.05474e-07,88,96,122,513,68
42,83,61,79,1756.19,4953.14,3.12924e-07,87,97,122,609,83
43,63,62,77,1715.35,4837.95,3.20375e-07,89,110,121,505,63
44,56,62,79,1676.36,4728,3.27826e-07,83,97,128,602,56
45,59,60,78,1639.11,4622.93,3.35276e-07,94,99,126,621,59
46,64,63,80,1603.48,4522.43,3.42727e-07,97,109,121,505,64
47,82,61,79,1569.36,4426.21,3.50177e-07,88,101,121,486,82
48,61,62,80,1536.67,4334,3.57628e-07,89,105,128,531,61
49,58,61,80,1505.31,4245.55,3.65078e-07,93,144,119,464,58
50,95,62,81,1475.2,4160.64,3.72529e-07,93,109,126,497,95
51,61,62,81,1446.27,4079.06,3.7998e-07,95,108,126,483,61
52,61,62,82,1418.46,4000.62,3.8743e-07,89,98,124,522,61
54,80,61,81,1365.93,3852.44,4.02331e-07,95,113,127,416,82
55,61,62,82,1341.09,3782.4,4.09782e-07,89,103,120,537,61
56,84,61,81,1317.14,3714.86,4.17233e-07,91,103,129,600,84
57,157,63,82,1294.04,3649.68,4.24683e-07,86,97,120,532,157
58,62,60,81,1271.72,3586.76,4.32134e-07,94,103,123,440,62
59,84,63,82,1250.17,3525.97,4.39584e-07,93,104,124,428,84
61,72,67,88,1209.18,3410.36,4.54485e-07,94,106,135,542,82
62,76,67,87,1189.68,3355.35,4.61936e-07,95,114,134,562,76
63,64,68,89,1170.79,3302.1,4.69387e-07,95,110,133,514,64
64,88,75,89,1152.5,3250.5,4.76837e-07,104,119,132,552,88
66,65,69,90,1117.58,3152,4.91738e-07,98,110,134,510,65
67,68,68,87,1100.9,3104.96,4.99189e-07,98,115,133,518,68
69,63,68,90,1068.99,3014.96,5.1409e-07,93,109,137,567,65
70,63,68,91,1053.71,2971.89,5.21541e-07,101,121,137,576,63
72,78,67,90,1024.44,2889.33,5.36442e-07,95,104,130,543,91
73,62,69,90,1010.41,2849.75,5.43892e-07,106,128,135,432,62
75,75,70,89,983.467,2773.76,5.58794e-07,103,116,131,496,89
76,62,66,88,970.526,2737.26,5.66244e-07,102,127,135,541,62
78,76,68,91,945.641,2667.08,5.81145e-07,95,120,135,579,91
79,68,67,91,933.671,2633.32,5.88596e-07,105,119,134,495,68
81,80,69,94,910.617,2568.3,6.03497e-07,99,119,138,557,99
83,76,68,90,888.675,2506.41,6.18398e-07,103,121,142,527,89
84,89,71,94,878.095,2476.57,6.25849e-07,104,115,145,462,89
86,76,66,92,857.674,2418.98,6.4075e-07,105,120,145,608,91
88,87,71,93,838.182,2364,6.55651e-07,100,107,136,562,90
90,66,66,87,819.556,2311.47,6.70552e-07,90,104,133,507,77
92,57,66,87,801.739,2261.22,6.85453e-07,95,106,128,449,59
94,80,68,89,784.681,2213.11,7.00355e-07,94,111,128,504,80
96,60,67,87,768.333,2167,7.15256e-07,91,107,125,476,62
98,80,68,89,752.653,2122.78,7.30157e-07,91,103,136,520,81
100,70,68,88,737.6,2080.32,7.45058e-07,104,117,129,522,82
102,82,66,95,723.137,2039.53,7.59959e-07,98,113,149,418,83
104,64,72,95,709.231,2000.31,7.7486e-07,101,121,141,625,67
106,75,72,98,695.849,1962.57,7.89762e-07,101,114,138,482,87
108,64,73,95,682.963,1926.22,8.04663e-07,103,118,139,478,68
110,87,73,97,670.545,1891.2,8.19564e-07,114,119,139,530,91
113,78,73,94,652.743,1840.99,8.41916e-07,103,116,137,492,89
115,77,72,96,641.391,1808.97,8.56817e-07,104,118,138,460,93
117,87,72,96,630.427,1778.05,8.71718e-07,107,127,142,536,91
120,76,73,96,614.667,1733.6,8.9407e-07,102,119,135,562,84
122,78,71,95,604.59,1705.18,9.08971e-07,101,114,134,503,80
125,75,72,98,590.08,1664.26,9.31323e-07,105,172,138,447,86
128,81,72,97,576.25,1625.25,9.53674e-07,107,117,150,515,90
130,74,68,91,567.385,1600.25,9.68575e-07,97,107,135,539,82
133,68,65,90,554.586,1564.15,9.90927e-07,98,125,126,522,70
136,71,68,90,542.353,1529.65,1.01328e-06,97,111,136,497,74
139,73,64,90,530.647,1496.63,1.03563e-06,98,106,126,521,80
142,72,67,89,519.437,1465.01,1.05798e-06,105,179,126,358,77
145,273,69,94,508.69,1434.7,1.08033e-06,117,133,161,443,685
148,69,69,91,498.378,1405.62,1.10269e-06,110,118,147,360,71
151,70,69,92,488.477,1377.7,1.12504e-06,110,146,145,443,73
154,67,69,91,478.961,1350.86,1.14739e-06,117,137,144,486,71
157,70,68,92,469.809,1325.04,1.16974e-06,116,124,157,454,75
160,71,68,90,461,1300.2,1.19209e-06,115,162,145,418,71
164,71,70,91,449.756,1268.49,1.2219e-06,119,134,145,428,78
167,68,67,90,441.677,1245.7,1.24425e-06,111,133,145,446,69
171,285,70,91,431.345,1216.56,1.27405e-06,117,149,161,434,925
174,69,68,92,423.908,1195.59,1.2964e-06,117,126,159,356,71
178,76,68,92,414.382,1168.72,1.3262e-06,116,128,156,379,89
182,71,68,92,405.275,1143.03,1.35601e-06,116,125,158,449,82
185,70,68,91,398.703,1124.5,1.37836e-06,116,131,157,428,75
189,72,68,93,390.265,1100.7,1.40816e-06,125,141,156,477,82
193,68,68,91,382.176,1077.89,1.43796e-06,120,134,157,544,73
197,68,67,92,374.416,1056,1.46776e-06,117,129,151,417,70
201,198,69,93,366.965,1034.99,1.49757e-06,121,134,159,514,351
206,70,67,92,358.058,1009.86,1.53482e-06,119,152,159,482,72
210,68,69,93,351.238,990.629,1.56462e-06,125,131,161,556,71
214,69,66,92,344.673,972.112,1.59442e-06,119,131,159,378,73
219,68,81,94,336.804,949.918,1.63168e-06,118,128,161,406,71
223,122,67,93,330.762,932.879,1.66148e-06,121,129,160,475,287
228,69,69,92,323.509,912.421,1.69873e-06,123,130,161,369,73
233,73,66,93,316.567,892.841,1.73599e-06,118,127,159,405,84
238,70,68,94,309.916,874.084,1.77324e-06,120,127,157,394,83
243,116,66,94,303.539,856.099,1.81049e-06,117,127,160,495,316
248,109,70,94,297.419,838.839,1.84774e-06,126,133,163,427,266
253,114,66,94,291.542,822.261,1.885e-06,121,128,165,361,303
258,114,70,104,285.891,806.326,1.92225e-06,118,127,181,607,285
264,75,71,101,279.394,788,1.96695e-06,129,134,180,465,84
269,75,75,105,274.201,773.353,2.00421e-06,136,156,177,426,82
275,152,70,101,268.218,756.48,2.04891e-06,127,134,174,406,551
281,114,75,103,262.491,740.327,2.09361e-06,133,154,171,436,315
287,73,77,100,257.003,724.85,2.13832e-06,129,142,176,426,79
293,105,74,100,251.741,710.007,2.18302e-06,135,153,173,441,272
299,106,77,103,246.689,695.759,2.22772e-06,126,131,176,576,271
305,105,74,101,241.836,682.072,2.27243e-06,135,140,181,643,267
311,72,75,104,237.17,668.913,2.31713e-06,127,137,177,502,76
318,75,73,102,231.95,654.189,2.36928e-06,133,138,175,420,102
325,106,75,107,226.954,640.098,2.42144e-06,132,135,180,463,283
331,72,75,101,222.84,628.495,2.46614e-06,134,138,172,408,77
338,109,76,103,218.225,615.479,2.5183e-06,136,144,173,479,321
345,123,76,102,213.797,602.991,2.57045e-06,141,189,219,383,418
353,73,75,101,208.952,589.326,2.63005e-06,141,170,204,359,90
360,99,75,103,204.889,577.867,2.68221e-06,139,159,188,639,233
368,78,75,103,200.435,565.304,2.74181e-06,137,163,191,425,89
375,103,75,102,196.693,554.752,2.79397e-06,141,161,193,417,280
383,74,77,104,192.585,543.164,2.85357e-06,139,172,176,363,78
391,73,75,103,188.645,532.051,2.91318e-06,143,153,186,467,79
399,119,75,103,184.862,521.383,2.97278e-06,149,159,194,434,294
408,74,79,104,180.784,509.882,3.03984e-06,141,162,189,349,80
416,72,76,103,177.308,500.077,3.09944e-06,142,161,198,521,77
425,72,73,102,173.553,489.487,3.1665e-06,143,156,184,381,77
434,99,75,103,169.954,479.336,3.23355e-06,145,164,188,512,302
443,91,74,102,166.501,469.598,3.30061e-06,147,166,188,457,238
452,108,76,103,163.186,460.248,3.36766e-06,145,169,196,360,396
462,72,75,103,159.654,450.286,3.44217e-06,152,165,191,375,74
472,89,76,102,156.271,440.746,3.51667e-06,142,160,195,343,240
482,102,79,107,153.029,431.602,3.59118e-06,157,166,197,425,357
492,90,77,104,149.919,422.829,3.66569e-06,152,159,190,414,250
502,91,75,105,146.932,414.406,3.74019e-06,151,162,194,529,247
512,107,71,106,144.062,406.312,3.8147e-06,134,161,200,400,381
523,88,75,106,141.033,397.767,3.89665e-06,136,158,203,477,233
534,170,74,102,138.127,389.573,3.97861e-06,146,162,173,468,462
545,149,69,98,135.339,381.71,4.06057e-06,126,149,179,399,332
557,78,68,97,132.424,373.487,4.14997e-06,135,153,167,361,204
569,103,71,97,129.631,365.61,4.23938e-06,131,151,169,421,233
581,92,68,97,126.954,358.059,4.32879e-06,134,144,176,504,222
593,67,70,98,124.384,350.813,4.41819e-06,135,150,178,430,80
605,86,70,98,121.917,343.855,4.5076e-06,142,161,182,485,293
618,115,70,97,119.353,336.621,4.60446e-06,137,159,183,335,273
631,75,68,97,116.894,329.686,4.70132e-06,127,156,193,516,181
644,121,69,99,114.534,323.031,4.79817e-06,140,155,184,476,281
658,92,69,98,112.097,316.158,4.90248e-06,134,149,184,347,329
671,98,70,100,109.925,310.033,4.99934e-06,147,164,188,535,269
686,75,70,97,107.522,303.254,5.1111e-06,135,147,184,397,170
700,78,72,97,105.371,297.189,5.21541e-06,141,148,181,363,214
715,101,70,101,103.161,290.954,5.32717e-06,137,153,181,373,232
730,145,72,102,101.041,284.975,5.43892e-06,142,149,194,355,301
745,104,70,101,99.0067,279.238,5.55068e-06,135,151,188,444,262
761,85,72,102,96.9251,273.367,5.66989e-06,140,152,186,481,231
777,123,71,99,94.9292,267.737,5.7891e-06,144,158,183,493,331
793,106,73,101,93.0139,262.335,5.90831e-06,147,163,190,419,288
810,113,74,100,91.0617,256.83,6.03497e-06,143,149,184,465,251
827,145,71,102,89.1898,251.55,6.16163e-06,148,180,225,399,512
844,88,72,108,87.3934,246.483,6.28829e-06,148,180,194,338,190
862,98,72,102,85.5684,241.336,6.4224e-06,151,177,192,401,278
880,78,72,100,83.8182,236.4,6.55651e-06,161,180,192,455,266
898,101,73,102,82.1381,231.661,6.69062e-06,152,187,216,495,464
917,68,74,105,80.4362,226.862,6.83218e-06,163,174,210,453,81
936,105,71,103,78.8034,222.256,6.97374e-06,154,174,210,653,274
956,120,74,104,77.1548,217.607,7.12276e-06,159,172,210,343,254
976,90,73,102,75.5738,213.148,7.27177e-06,144,164,204,405,271
996,75,74,102,74.0562,208.867,7.42078e-06,164,181,188,405,240
1017,109,72,103,72.527,204.555,7.57724e-06,138,172,198,494,288
1039,82,74,103,70.9913,200.223,7.74115e-06,158,169,201,438,259
1061,108,74,104,69.5193,196.072,7.90507e-06,163,177,210,453,321
1083,148,73,103,68.1071,192.089,8.06898e-06,159,168,206,383,359
1106,113,74,103,66.6908,188.094,8.24034e-06,150,169,204,572,249
1129,100,73,104,65.3322,184.262,8.41171e-06,153,172,198,442,242
1153,93,77,105,63.9722,180.427,8.59052e-06,151,171,193,458,221
1177,116,75,105,62.6678,176.748,8.76933e-06,151,174,203,449,264
1201,116,73,106,61.4155,173.216,8.94815e-06,157,168,211,376,392
1227,116,74,104,60.1141,169.545,9.14186e-06,159,174,203,391,254
1252,111,74,108,58.9137,166.16,9.32813e-06,159,182,209,486,322
1279,129,78,106,57.6701,162.652,9.52929e-06,164,178,228,438,358
1306,107,74,107,56.4778,159.289,9.73046e-06,164,173,209,524,363
1333,120,77,106,55.3338,156.063,9.93162e-06,149,163,210,414,309
1361,126,76,108,54.1954,152.852,1.01402e-05,158,190,190,506,364
1390,142,76,107,53.0647,149.663,1.03563e-05,153,176,207,477,300
1419,117,79,109,51.9803,146.605,1.05724e-05,151,190,200,457,286
1449,105,77,108,50.9041,143.569,1.07959e-05,147,151,203,476,514
1479,107,78,109,49.8715,140.657,1.10194e-05,145,165,196,522,229
1510,111,76,108,48.8477,137.77,1.12504e-05,151,171,186,440,298
1542,135,79,113,47.834,134.911,1.14888e-05,155,178,200,558,356
1574,130,78,111,46.8615,132.168,1.17272e-05,150,172,193,382,378
1607,129,80,109,45.8992,129.454,1.19731e-05,149,163,200,525,811
1641,190,81,111,44.9482,126.771,1.22264e-05,154,171,196,547,1871
1676,124,80,110,44.0095,124.124,1.24872e-05,153,172,198,580,314
1711,126,81,126,43.1093,121.585,1.27479e-05,154,160,202,631,399
1747,105,80,114,42.221,119.08,1.30162e-05,149,169,195,488,307
1783,154,82,112,41.3685,116.675,1.32844e-05,151,176,199,608,580
1821,129,82,113,40.5052,114.241,1.35675e-05,156,174,195,543,352
1859,112,80,114,39.6772,111.905,1.38506e-05,152,172,190,589,408
1898,131,82,114,38.862,109.606,1.41412e-05,157,172,201,487,285
1938,117,81,115,38.0599,107.344,1.44392e-05,153,160,194,456,313
1979,161,84,112,37.2713,105.12,1.47447e-05,157,175,205,588,345
2020,151,82,112,36.5149,102.986,1.50502e-05,155,182,205,475,395
2063,151,84,116,35.7538,100.84,1.53705e-05,163,185,217,450,429
2106,149,84,116,35.0237,98.7806,1.56909e-05,169,177,217,528,412
2150,126,84,116,34.307,96.7591,1.60187e-05,162,180,207,502,329
2195,154,88,116,33.6036,94.7754,1.6354e-05,166,176,225,550,351
2242,143,85,118,32.8992,92.7886,1.67042e-05,154,184,220,544,612
2289,157,88,119,32.2237,90.8834,1.70544e-05,167,178,212,517,540
2337,125,90,122,31.5618,89.0167,1.7412e-05,164,175,217,555,338
2386,170,84,121,30.9137,87.1886,1.77771e-05,172,185,228,605,587
2436,155,87,120,30.2791,85.399,1.81496e-05,163,195,231,477,446
2487,172,89,123,29.6582,83.6478,1.85296e-05,170,198,217,453,378
2539,157,87,120,29.0508,81.9346,1.8917e-05,172,206,228,594,467
2593,159,88,120,28.4458,80.2283,1.93194e-05,162,192,221,553,432
2647,151,90,123,27.8655,78.5916,1.97217e-05,168,180,219,540,328
2703,195,93,121,27.2882,76.9634,2.01389e-05,171,191,217,551,575
2760,187,88,122,26.7246,75.3739,2.05636e-05,178,209,223,503,525
2818,174,90,125,26.1746,73.8226,2.09957e-05,180,219,229,673,485
2877,194,92,122,25.6378,72.3087,2.14353e-05,170,195,233,565,542
2937,179,91,124,25.1141,70.8315,2.18824e-05,174,202,228,474,410
2999,217,91,127,24.5949,69.3671,2.23443e-05,180,197,220,544,484
3062,211,91,139,24.0888,67.9399,2.28137e-05,198,224,256,685,514
3126,218,101,138,23.5956,66.5489,2.32905e-05,198,215,234,662,558
3192,208,98,140,23.1078,65.1729,2.37823e-05,192,224,258,649,529
3259,227,104,139,22.6327,63.8331,2.42814e-05,193,211,265,601,475
3327,255,103,136,22.1701,62.5284,2.47881e-05,197,213,255,994,763
3397,226,94,134,21.7133,61.2399,2.53096e-05,188,216,253,584,882
3469,276,97,131,21.2626,59.9689,2.58461e-05,182,211,242,651,533
3542,278,102,141,20.8244,58.7329,2.639e-05,195,214,267,596,1185
3616,360,106,144,20.3982,57.531,2.69413e-05,191,213,269,688,1336
3692,355,106,143,19.9783,56.3467,2.75075e-05,198,234,247,544,1236
3770,519,105,146,19.565,55.1809,2.80887e-05,202,236,266,688,1634
3849,489,107,149,19.1634,54.0483,2.86773e-05,205,260,262,547,2258
3892,692,105,148,18.9517,53.4512,2.89977e-05,201,217,264,531,2850
3930,6222,89,127,34.63,102.148,2.92808e-05,172,228,259,490,230336
4012,147,88,123,33.9222,100.06,2.98917e-05,188,249,248,552,416
4096,172,91,121,33.2266,98.0078,3.05176e-05,169,228,222,574,603
4183,139,91,124,32.5355,95.9694,3.11658e-05,183,196,256,641,481
4270,158,90,125,31.8726,94.0141,3.1814e-05,187,224,256,490,446
4360,146,89,123,31.2147,92.0734,3.24845e-05,199,226,264,532,418
4452,157,89,128,30.5696,90.1707,3.317e-05,181,218,246,543,432
4545,171,91,126,29.9441,88.3256,3.38629e-05,185,229,250,640,404
4641,143,83,119,29.3247,86.4986,3.45781e-05,173,201,252,598,682
4738,160,83,121,28.7244,84.7277,3.53009e-05,182,223,246,563,672
4838,155,86,120,28.1306,82.9764,3.60459e-05,178,211,237,480,293
4939,155,86,120,27.5554,81.2796,3.67984e-05,175,225,244,619,346
5043,160,87,123,26.9871,79.6034,3.75733e-05,176,202,235,497,434
5149,167,89,124,26.4315,77.9647,3.8363e-05,168,195,249,576,355
5257,165,90,123,25.8885,76.3629,3.91677e-05,192,211,243,540,403
5368,184,90,127,25.3532,74.7839,3.99947e-05,172,219,238,527,542
5481,169,87,119,24.8305,73.2421,4.08366e-05,177,202,234,599,478
5596,180,92,124,24.3202,71.737,4.16934e-05,182,218,242,483,533
5713,192,89,125,23.8222,70.2678,4.25652e-05,179,220,225,663,530
5833,183,93,125,23.3321,68.8222,4.34592e-05,185,225,231,556,415
5956,188,91,127,22.8502,67.4009,4.43757e-05,179,214,229,622,516
6081,194,92,129,22.3805,66.0155,4.5307e-05,174,183,232,543,509
6209,202,93,130,21.9191,64.6545,4.62607e-05,184,207,231,607,545
6339,209,95,127,21.4696,63.3286,4.72292e-05,180,216,227,566,596
6473,203,92,130,21.0252,62.0176,4.82276e-05,180,205,235,561,572
6609,243,95,131,20.5925,60.7414,4.92409e-05,186,207,235,535,858
6747,259,98,129,20.1713,59.499,5.02691e-05,181,213,275,571,824
6889,273,98,134,19.7556,58.2726,5.1327e-05,178,216,226,555,1117
7034,289,100,141,19.3483,57.0714,5.24074e-05,191,211,242,562,909
7182,379,98,130,18.9496,55.8953,5.35101e-05,189,244,247,576,1494
7333,405,101,135,18.5594,54.7443,5.46351e-05,184,221,246,605,1714
7487,429,103,137,18.1776,53.6183,5.57825e-05,181,198,250,644,2073
7644,530,99,139,17.8043,52.517,5.69522e-05,189,212,253,633,2651
7783,733,99,137,17.4863,51.5791,5.79879e-05,190,216,250,667,3148
7805,19842,84,122,32.3772,99.9605,5.81518e-05,161,182,223,518,433573
7968,126,83,118,31.7149,97.9157,5.93662e-05,171,182,208,627,330
8136,150,85,116,31.06,95.8938,6.06179e-05,176,188,222,569,357
8307,139,86,115,30.4206,93.9198,6.1892e-05,172,181,222,518,337
8481,133,86,114,29.7965,91.9929,6.31884e-05,167,185,214,550,425
8660,133,85,118,29.1806,90.0915,6.4522e-05,175,220,222,567,492
8842,142,86,120,28.58,88.2371,6.5878e-05,173,222,220,563,404
9027,134,85,121,27.9942,86.4287,6.72564e-05,179,207,218,535,383
9217,143,87,116,27.4172,84.6471,6.8672e-05,174,202,218,527,410
9411,156,88,121,26.852,82.9021,7.01174e-05,181,219,216,612,345
9608,148,88,123,26.3014,81.2023,7.15852e-05,172,204,236,633,428
9810,142,87,123,25.7598,79.5303,7.30902e-05,177,218,221,638,347
10016,163,91,125,25.23,77.8946,7.4625e-05,175,209,234,570,395
10227,159,126,149,24.7095,76.2875,7.61971e-05,264,363,326,696,426
10442,161,112,143,24.2007,74.7167,7.7799e-05,260,356,276,640,378
10661,162,105,141,23.7036,73.1819,7.94306e-05,212,252,276,600,374
10885,178,115,140,23.2158,71.6759,8.10996e-05,218,297,364,1088,438
11114,182,110,143,22.7374,70.199,8.28058e-05,215,264,336,893,546
11347,190,112,144,22.2706,68.7576,8.45417e-05,215,291,488,888,554
11586,182,109,153,21.8112,67.3392,8.63224e-05,217,374,276,791,446
11829,199,107,147,21.3631,65.9559,8.81329e-05,224,389,397,838,542
12078,202,107,143,20.9227,64.5961,8.99881e-05,205,244,580,1179,739
12331,214,107,147,20.4934,63.2708,9.18731e-05,221,339,603,887,568
12591,203,113,145,20.0702,61.9643,9.38103e-05,220,339,306,970,594
12855,201,111,151,19.658,60.6917,9.57772e-05,230,316,306,1353,614
13125,221,110,144,19.2536,59.4432,9.77889e-05,229,318,299,1079,698
13401,233,113,152,18.8571,58.2189,9.98452e-05,228,253,533,1090,643
13683,262,120,149,18.4685,57.0191,0.000101946,254,378,300,744,976
13970,300,112,149,18.089,55.8477,0.000104085,225,322,543,980,1351
14264,313,115,153,17.7162,54.6966,0.000106275,237,335,335,1235,1573
14563,399,128,154,17.3525,53.5736,0.000108503,236,373,365,1129,2452
14869,424,115,157,16.9954,52.471,0.000110783,249,540,375,1125,2495
15182,518,116,156,16.645,51.3893,0.000113115,235,363,375,991,2436
15501,621,115,153,16.3024,50.3317,0.000115491,255,356,330,1340,3213
15565,985,115,153,16.2354,50.1248,0.000115968,240,322,448,1014,4676
15826,3663,105,145,29.6767,96.1355,0.000117913,220,253,328,762,563
16159,135,96,134,29.0652,94.1543,0.000120394,209,275,288,1043,440
16498,135,97,133,28.4679,92.2197,0.00012292,205,319,326,924,402
16845,130,97,138,27.8815,90.32,0.000125505,192,230,280,743,369
17199,146,98,132,27.3076,88.461,0.000128143,201,232,259,708,345
17560,138,99,131,26.7462,86.6424,0.000130832,201,234,243,679,330
17929,140,97,132,26.1958,84.8592,0.000133581,204,250,247,630,414
18306,155,98,131,25.6563,83.1115,0.00013639,210,315,260,658,404
18691,148,97,134,25.1278,81.3996,0.000139259,237,258,239,606,347
19083,147,99,133,24.6116,79.7275,0.000142179,218,312,253,632,363
19484,149,100,135,24.1051,78.0866,0.000145167,204,347,228,659,447
19894,154,100,136,23.6083,76.4773,0.000148222,213,347,261,602,417
20312,154,103,138,23.1225,74.9035,0.000151336,214,295,240,640,371
20739,161,101,132,22.6464,73.3613,0.000154518,207,256,255,592,451
21174,164,99,132,22.1812,71.8542,0.000157759,238,365,262,632,441
21619,169,102,135,21.7246,70.3751,0.000161074,215,239,251,701,420
22074,163,101,139,21.2768,68.9245,0.000164464,239,351,262,577,461
22537,182,102,138,20.8397,67.5085,0.000167914,213,308,257,630,498
23011,183,105,139,20.4104,66.1179,0.000171445,214,324,263,715,472
23494,214,112,154,19.9908,64.7587,0.000175044,235,443,531,1257,680
23988,189,106,139,19.5791,63.425,0.000178725,209,246,259,603,597
24492,194,109,141,19.1762,62.1199,0.00018248,215,317,272,709,516
25007,205,108,144,18.7813,60.8406,0.000186317,234,335,294,1156,590
25532,204,111,148,18.3951,59.5895,0.000190228,241,360,345,1018,559
26069,219,108,156,18.0162,58.362,0.000194229,228,281,338,1237,634
26616,226,109,148,17.6459,57.1626,0.000198305,229,286,475,940,650
27176,245,109,144,17.2823,55.9847,0.000202477,217,336,365,1134,886
27747,268,109,152,16.9267,54.8326,0.000206731,226,369,309,947,1005
28330,283,108,154,16.5783,53.7042,0.000211075,236,380,291,916,1232
28925,317,110,152,16.2373,52.5995,0.000215508,230,342,365,1086,1296
29533,368,111,148,15.903,51.5166,0.000220038,214,382,276,1090,1818
30153,416,112,154,15.576,50.4573,0.000224657,231,311,306,930,2176
30787,564,114,151,15.2553,49.4183,0.000229381,235,323,316,1349,3166
31130,718,111,164,15.0872,48.8738,0.000231937,220,249,345,1152,5903
31434,5760,94,136,27.7071,94.5249,0.000234202,219,245,261,591,317
32094,132,94,132,27.1373,92.581,0.000239119,223,327,249,590,359
32768,133,95,131,26.5791,90.6768,0.000244141,215,240,264,648,356
33457,138,95,133,26.0317,88.8094,0.000249274,226,331,466,784,500
34160,138,103,136,25.496,86.9817,0.000254512,219,352,258,602,362
34878,140,98,131,24.9712,85.1911,0.000259861,233,343,263,683,386
35611,145,106,137,24.4572,83.4376,0.000265323,249,335,256,621,369
36359,138,97,130,23.954,81.7211,0.000270896,244,363,289,636,366
37123,140,101,139,23.461,80.0392,0.000276588,224,362,264,781,383
37903,144,104,137,22.9782,78.3921,0.000282399,245,366,289,657,385
38699,155,103,136,22.5056,76.7797,0.00028833,242,355,306,622,379
39512,146,104,144,22.0425,75.1998,0.000294387,238,315,287,607,374
40343,160,105,137,21.5885,73.6508,0.000300579,259,429,299,589,394
41190,163,105,140,21.1445,72.1363,0.000306889,234,369,256,657,420
42056,163,105,143,20.7091,70.6509,0.000313342,244,381,263,725,428
42939,157,105,145,20.2833,69.1981,0.00031992,241,342,275,651,407
43842,162,107,144,19.8655,67.7728,0.000326648,246,326,263,684,491
44763,177,105,143,19.4568,66.3784,0.00033351,244,359,268,655,433
45703,169,105,145,19.0566,65.0132,0.000340514,238,338,381,985,505
46664,190,105,148,18.6642,63.6743,0.000347674,260,372,278,678,512
47644,187,108,146,18.2802,62.3645,0.000354975,243,323,284,627,509
48645,191,112,155,17.9041,61.0812,0.000362433,246,354,290,656,509
49668,202,112,146,17.5353,59.8231,0.000370055,238,319,268,619,627
50711,205,115,148,17.1747,58.5927,0.000377826,255,339,284,733,597
51777,212,109,147,16.8211,57.3864,0.000385769,260,332,301,646,625
52865,226,112,152,16.4749,56.2054,0.000393875,241,283,334,1079,719
53975,241,110,155,16.1361,55.0495,0.000402145,244,507,338,1161,827
55109,263,114,157,15.804,53.9167,0.000410594,237,327,315,1016,1083
56267,276,111,154,15.4788,52.8071,0.000419222,250,603,373,1194,1224
57450,313,111,156,15.16,51.7197,0.000428036,221,254,341,1314,1413
58657,340,108,159,14.8481,50.6554,0.000437029,244,375,375,1187,1418
59889,449,117,153,14.5426,49.6134,0.000446208,230,296,541,1077,2303
61148,548,113,160,14.2432,48.5919,0.000455588,256,648,541,1064,3981
62260,831,123,171,13.9888,47.724,0.000463873,256,319,493,805,4993
62433,19897,112,140,25.7571,92.9893,0.000465162,217,358,363,824,742
63744,135,98,132,25.2274,91.0768,0.00047493,220,362,397,851,388
65084,131,99,139,24.708,89.2016,0.000484914,250,575,397,832,358
66451,136,104,138,24.1997,87.3666,0.000495099,231,829,336,834,377
67848,139,102,142,23.7015,85.5677,0.000505507,237,370,380,834,401
69273,141,97,146,23.2139,83.8075,0.000516124,233,290,328,962,371
70729,143,102,145,22.736,82.0823,0.000526972,259,438,461,1000,360
72215,140,105,141,22.2682,80.3933,0.000538044,232,283,409,872,388
73732,140,103,136,21.81,78.7392,0.000549346,237,420,272,749,380
75282,148,105,143,21.361,77.118,0.000560895,246,345,290,632,370
76863,149,102,148,20.9216,75.5318,0.000572674,247,318,406,960,411
78478,153,106,151,20.491,73.9774,0.000584707,233,298,471,1102,412
80127,161,103,148,20.0693,72.455,0.000596993,252,387,373,907,406
81811,156,108,147,19.6562,70.9636,0.000609539,242,503,392,1291,443
83530,159,110,147,19.2517,69.5032,0.000622347,253,343,368,1023,423
85285,164,109,146,18.8556,68.0729,0.000635423,243,276,561,1110,436
87077,167,108,145,18.4675,66.672,0.000648774,263,528,345,1194,457
88907,167,112,154,18.0874,65.2997,0.000662409,237,355,378,844,465
90775,179,113,156,17.7152,63.9559,0.000676326,224,368,449,829,499
92682,179,107,153,17.3507,62.64,0.000690535,233,301,374,911,485
94630,184,108,151,16.9935,61.3505,0.000705048,251,425,336,1072,535
96618,189,112,156,16.6439,60.0882,0.00071986,262,677,377,1268,542
98648,197,115,153,16.3014,58.8517,0.000734985,319,984,331,1149,550
100721,204,116,153,15.9658,57.6404,0.00075043,255,365,440,992,630
102838,207,116,159,15.6372,56.4538,0.000766203,312,919,316,968,660
104998,214,122,150,15.3155,55.2925,0.000782296,259,333,295,1105,632
107205,227,114,158,15.0002,54.1542,0.000798739,298,991,314,832,738
109457,242,118,159,14.6916,53.04,0.000815518,313,839,473,946,778
111757,259,115,152,14.3892,51.9484,0.000832655,262,534,466,1305,975
114105,287,121,162,14.0931,50.8795,0.000850148,325,711,402,1011,1181
116503,334,124,168,13.803,49.8322,0.000868015,277,377,354,707,1397
118951,403,119,154,13.519,48.8067,0.000886254,330,382,291,716,1985
121450,478,118,154,13.2408,47.8024,0.000904873,272,390,337,615,2594
124002,661,115,160,12.9683,46.8186,0.000923887,250,288,335,682,3652
124519,931,120,162,12.9145,46.6242,0.000927739,263,382,369,661,5371
126608,3390,107,143,23.3118,89.5936,0.000943303,237,286,282,693,374
129268,131,102,145,22.8321,87.75,0.000963122,292,748,475,876,374
131984,133,104,138,22.3622,85.9442,0.000983357,234,344,293,635,361
134757,135,105,140,21.9021,84.1757,0.00100402,254,370,322,652,363
137589,141,106,146,21.4512,82.4431,0.00102512,234,354,394,965,384
140480,140,110,150,21.0098,80.7465,0.00104666,248,343,513,820,406
143432,142,112,143,20.5774,79.0846,0.00106865,280,828,448,934,398
146446,144,110,148,20.1539,77.457,0.00109111,309,771,378,1052,417
149523,152,114,160,19.7391,75.863,0.00111403,249,305,299,840,397
152664,147,109,145,19.333,74.3022,0.00113744,242,308,316,699,375
155872,148,109,146,18.9351,72.7729,0.00116134,245,322,309,625,378
159147,157,114,151,18.5455,71.2754,0.00118574,278,710,583,1287,406
162491,158,110,147,18.1638,69.8086,0.00121065,332,757,448,924,433
165906,161,113,155,17.7899,68.3716,0.0012361,242,325,592,833,426
169392,163,111,154,17.4238,66.9646,0.00126207,260,751,567,914,460
172951,165,107,154,17.0653,65.5866,0.00128859,258,477,371,943,459
176585,169,113,150,16.7141,64.2368,0.00131566,294,771,532,1240,434
180296,177,114,151,16.3701,62.9147,0.00134331,287,781,565,1221,511
184084,178,122,153,16.0332,61.62,0.00137153,256,327,531,1143,492
187952,186,115,151,15.7032,60.3519,0.00140035,260,1040,584,1148,573
191901,187,115,152,15.3801,59.11,0.00142977,275,999,367,1048,541
195933,194,121,161,15.0636,57.8936,0.00145981,262,488,388,1052,580
200050,198,118,160,14.7536,56.7021,0.00149049,250,605,372,962,588
204254,206,116,160,14.4499,55.5351,0.00152181,282,1179,368,884,637
208546,214,128,163,14.1525,54.3921,0.00155379,265,320,341,609,668
212928,222,121,155,13.8613,53.2728,0.00158644,267,357,290,624,663
217402,234,122,156,13.576,52.1764,0.00161977,268,410,357,1205,763
221970,253,123,160,13.2966,51.1027,0.00165381,271,383,300,730,911
226634,274,126,162,13.023,50.051,0.00168855,255,332,294,637,1032
231396,303,125,162,12.755,49.021,0.00172403,255,335,309,546,1183
236258,349,122,160,12.4925,48.0122,0.00176026,258,389,293,688,1561
241222,427,126,169,12.2354,47.0242,0.00179724,312,988,537,1231,2289
246291,574,124,157,11.9836,46.0563,0.00183501,265,414,302,671,3551
249037,757,125,167,11.8515,45.5485,0.00185547,262,361,290,689,5217
251466,5421,124,170,21.3793,88.1096,0.00187357,282,402,320,780,448
256750,147,124,152,20.9393,86.2963,0.00191294,266,412,310,628,380
262144,145,119,162,20.5084,84.5206,0.00195312,299,657,419,838,414
267653,144,123,170,20.0863,82.781,0.00199417,311,883,608,955,385
273277,147,122,159,19.6729,81.0774,0.00203607,253,406,526,1106,407
279019,150,120,165,19.2681,79.4088,0.00207885,248,458,554,723,397
284882,150,122,166,18.8715,77.7746,0.00212254,339,818,576,1063,396
290867,153,131,163,18.4832,76.1743,0.00216713,293,876,423,1192,429
296979,156,133,162,18.1028,74.6065,0.00221267,297,572,437,901,433
303219,157,125,167,17.7303,73.0712,0.00225916,346,788,456,990,446
309591,164,123,164,17.3654,71.5672,0.00230663,264,356,666,1157,434
316096,160,122,159,17.008,70.0945,0.0023551,280,390,341,729,393
322738,161,123,158,16.658,68.6519,0.00240459,277,357,295,634,417
329519,166,125,157,16.3152,67.2391,0.00245511,264,385,350,798,419
336443,183,134,177,15.9794,65.8554,0.0025067,273,414,671,1237,496
343512,175,135,172,15.6506,64.5002,0.00255936,288,701,553,1170,455
350730,174,127,161,15.3285,63.1727,0.00261314,259,325,327,689,443
358100,178,129,163,15.013,61.8726,0.00266805,268,380,320,697,473
365624,184,135,171,14.7041,60.5993,0.00272411,278,477,421,833,512
373307,189,129,169,14.4014,59.3522,0.00278135,289,442,520,1085,511
381151,195,135,166,14.1051,58.1307,0.0028398,322,865,403,859,545
389159,195,129,167,13.8148,56.9345,0.00289946,310,437,369,666,528
397337,203,134,164,13.5305,55.7627,0.00296039,274,403,304,685,556
405685,211,130,168,13.2521,54.6152,0.00302259,307,333,307,687,599
414210,218,137,165,12.9793,53.4912,0.0030861,274,384,361,650,632
422913,220,130,175,12.7122,52.3904,0.00315095,290,403,326,668,647
431799,240,135,174,12.4506,51.3122,0.00321715,281,375,326,646,766
440872,259,138,187,12.1944,50.2563,0.00328475,303,786,455,780,879
450136,276,140,176,11.9434,49.222,0.00335377,389,792,393,859,967
459594,297,137,180,11.6976,48.209,0.00342424,280,330,346,667,1152
469251,335,145,184,11.4569,47.2169,0.00349619,319,396,372,694,1383
479111,402,145,180,11.2211,46.2452,0.00356966,322,434,330,698,1887
489179,505,141,178,10.9902,45.2934,0.00364467,280,419,387,677,2672
498074,704,152,191,10.7939,44.4845,0.00371094,362,431,387,737,3750
499457,18469,156,175,19.4239,86.6121,0.00372124,330,482,355,702,454
509952,149,143,177,19.0242,84.8296,0.00379944,307,384,375,681,384
520667,153,141,182,18.6327,83.0839,0.00387927,330,422,330,715,387
531607,154,137,183,18.2492,81.3741,0.00396078,313,423,364,674,385
542777,155,138,177,17.8737,79.6995,0.004044,344,376,381,722,392
554182,157,138,177,17.5058,78.0593,0.00412898,324,1082,339,661,394
565827,159,143,174,17.1455,76.4528,0.00421574,328,418,362,648,395
577716,161,142,180,16.7927,74.8794,0.00430432,320,457,362,643,399
589855,163,142,182,16.4471,73.3384,0.00439476,319,390,408,633,405
602249,165,143,200,16.1086,71.8292,0.0044871,332,460,393,709,407
614904,168,143,183,15.7771,70.3509,0.00458139,316,410,362,679,408
627824,170,145,182,15.4524,68.9031,0.00467765,322,417,348,586,426
641016,172,148,184,15.1344,67.4851,0.00477594,338,415,386,617,425
654485,175,148,184,14.823,66.0963,0.00487629,343,442,388,654,429
668237,180,148,187,14.5179,64.7361,0.00497875,341,414,363,650,438
682278,183,150,185,14.2191,63.4038,0.00508337,333,416,332,711,452
696615,185,148,185,13.9265,62.0989,0.00519019,341,434,402,644,461
711252,188,148,186,13.6399,60.821,0.00529924,311,404,378,618,464
726197,207,158,202,13.3592,59.5693,0.00541059,333,398,376,852,521
741456,194,152,193,13.0843,58.3434,0.00552428,322,394,381,671,486
757035,201,148,194,12.815,57.1427,0.00564035,347,427,378,686,505
772942,206,153,190,12.5513,55.9667,0.00575887,324,376,433,685,521
789183,212,150,192,12.293,54.815,0.00587987,314,412,421,792,554
805766,217,154,196,12.04,53.6869,0.00600342,341,408,404,790,592
822697,226,159,201,11.7922,52.582,0.00612957,351,446,377,717,625
839983,258,186,236,11.5495,51.4999,0.00625836,420,523,471,743,752
857633,278,186,242,11.3118,50.44,0.00638986,367,448,470,792,847
875654,259,152,201,11.079,49.402,0.00652413,329,452,381,639,817
894053,276,159,202,10.851,48.3853,0.00666121,348,420,400,672,915
912839,302,166,204,10.6277,47.3896,0.00680118,338,422,363,702,1057
932020,339,164,207,10.409,46.4143,0.00694409,369,431,399,684,1314
951603,390,161,203,10.1948,45.4591,0.00708999,354,413,401,716,1688
971599,471,164,207,9.98499,44.5236,0.00723898,360,471,400,631,2325
992014,651,167,208,9.77951,43.6073,0.00739108,365,458,391,670,3859
996141,841,161,203,9.73899,43.4266,0.00742183,355,433,415,763,4816
1.01286e+06,3133,165,207,17.0838,83.3439,0.00754638,416,548,433,753,418
1.03414e+06,161,172,216,16.7322,81.6287,0.00770494,392,458,439,751,408
1.05587e+06,162,170,217,16.3879,79.9488,0.00786684,396,464,419,698,408
1.07806e+06,165,171,217,16.0506,78.3035,0.00803214,392,462,427,733,404
1.10071e+06,166,192,218,15.7203,76.692,0.00820091,379,469,407,656,410
1.12384e+06,168,170,216,15.3968,75.1137,0.00837323,375,421,430,860,409
1.14745e+06,170,171,217,15.0799,73.5679,0.00854918,386,448,416,675,424
1.17156e+06,172,176,225,14.7696,72.0539,0.00872881,372,434,440,785,417
1.19618e+06,174,172,217,14.4656,70.571,0.00891222,368,415,403,650,420
1.22131e+06,178,171,219,14.1679,69.1187,0.00909948,389,491,449,843,428
1.24698e+06,179,173,218,13.8763,67.6962,0.00929069,375,449,438,915,434
1.27318e+06,182,172,221,13.5908,66.3031,0.0094859,364,449,417,669,438
1.29993e+06,184,178,223,13.3111,64.9386,0.00968522,394,463,407,649,440
1.32724e+06,187,180,221,13.0372,63.6022,0.00988872,385,466,441,725,447
1.35513e+06,190,174,220,12.7688,62.2933,0.0100965,361,465,431,704,455
1.3836e+06,193,176,220,12.5061,61.0113,0.0103087,378,436,455,692,469
1.41268e+06,196,187,220,12.2487,59.7557,0.0105253,359,442,403,698,474
1.44236e+06,200,179,225,11.9966,58.5259,0.0107464,374,462,435,831,476
1.47267e+06,204,179,232,11.7497,57.3215,0.0109722,389,545,430,819,494
1.50361e+06,208,182,227,11.5079,56.1418,0.0112028,386,437,409,744,513
1.53521e+06,212,182,227,11.2711,54.9864,0.0114382,385,455,408,815,528
1.56746e+06,221,185,227,11.0391,53.8548,0.0116785,409,527,435,815,568
1.6004e+06,224,184,235,10.812,52.7465,0.0119239,383,448,449,652,571
1.63403e+06,231,188,238,10.5895,51.661,0.0121744,404,455,444,734,609
1.66836e+06,240,181,238,10.3715,50.5979,0.0124303,365,428,437,737,656
1.70342e+06,248,183,234,10.1581,49.5566,0.0126914,390,476,403,670,700
1.73921e+06,262,188,240,9.94903,48.5367,0.0129581,417,510,426,759,758
1.77575e+06,277,186,240,9.74429,47.5378,0.0132304,405,511,396,718,847
1.81307e+06,301,196,236,9.54375,46.5595,0.0135084,371,451,420,675,1000
1.85116e+06,329,188,233,9.34734,45.6013,0.0137922,401,500,424,719,1180
1.89006e+06,375,195,241,9.15498,44.6629,0.014082,414,500,435,733,1466
1.92977e+06,440,191,239,8.96657,43.7437,0.0143779,412,477,450,749,1994
1.97032e+06,577,194,245,8.78204,42.8435,0.0146801,416,512,413,745,3128
1.99222e+06,817,231,418,8.68551,42.3725,0.0148432,559,693,729,1121,4794
2.01172e+06,5290,227,294,15.1167,81.836,0.0149885,505,569,694,923,543
2.05399e+06,229,247,399,14.8056,80.1519,0.0153034,553,638,737,988,638
2.09715e+06,189,301,348,14.5009,78.5024,0.015625,557,694,664,1603,520
2.14122e+06,196,211,271,14.2024,76.8868,0.0159533,429,512,492,710,542
2.18621e+06,176,289,336,13.9102,75.3045,0.0162885,494,819,548,773,455
2.23215e+06,187,211,261,13.6239,73.7548,0.0166308,434,538,600,905,501
2.27905e+06,182,282,349,13.3435,72.2369,0.0169802,515,646,586,813,472
2.32694e+06,191,223,266,13.0689,70.7503,0.017337,420,480,498,2174,503
2.37583e+06,216,218,325,12.8,69.2943,0.0177013,457,514,522,885,567
2.42575e+06,197,219,276,12.5365,67.8682,0.0180733,469,634,492,730,514
2.47672e+06,194,211,313,12.2785,66.4715,0.018453,423,525,626,870,509
2.52876e+06,197,216,290,12.0259,65.1036,0.0188408,438,502,496,698,511
2.5819e+06,199,216,289,11.7784,63.7638,0.0192366,434,651,472,815,507
2.63615e+06,202,216,282,11.536,62.4515,0.0196408,417,476,465,812,512
2.69154e+06,204,215,283,11.2986,61.1663,0.0200535,443,497,630,912,523
2.7481e+06,207,213,271,11.066,59.9075,0.0204749,418,477,555,924,517
2.80584e+06,213,208,265,10.8383,58.6746,0.0209051,432,484,555,1041,529
2.8648e+06,213,214,273,10.6153,57.4671,0.0213444,415,476,568,915,540
2.92499e+06,224,215,274,10.3968,56.2845,0.0217929,452,576,573,898,566
2.98645e+06,221,210,266,10.1828,55.1261,0.0222508,411,535,512,927,559
3.0492e+06,242,224,380,9.97327,53.9917,0.0227183,460,499,643,974,618
3.11327e+06,234,216,269,9.76803,52.8805,0.0231957,460,539,519,685,598
3.17869e+06,235,215,334,9.567,51.7923,0.0236831,429,477,583,1063,609
3.24548e+06,259,216,270,9.37012,50.7264,0.0241807,452,491,534,788,679
3.31367e+06,250,219,286,9.17728,49.6825,0.0246888,484,575,479,764,663
3.3833e+06,278,218,298,8.98842,48.66,0.0252076,441,539,632,1128,748
3.45439e+06,269,220,362,8.80344,47.6586,0.0257372,467,618,643,841,768
3.52698e+06,291,218,283,8.62227,46.6778,0.026278,493,577,559,969,868
3.60108e+06,325,215,324,8.44482,45.7172,0.0268302,444,797,602,809,1047
3.67675e+06,325,224,374,8.27103,44.7763,0.0273939,469,604,608,832,1107
3.75401e+06,474,215,273,8.10082,43.8548,0.0279695,420,468,447,834,3000
3.83289e+06,418,209,274,7.93411,42.9523,0.0285572,417,474,484,698,1833
3.91342e+06,535,217,270,7.77082,42.0684,0.0291573,448,497,461,657,2772
3.98404e+06,749,215,272,7.63308,41.3227,0.0296834,416,575,454,722,4375
3.99565e+06,18142,293,371,13.1219,80.3045,0.0297699,653,774,667,894,748
4.07961e+06,234,304,339,12.8518,78.6519,0.0303955,600,739,597,748,648
4.16533e+06,219,269,314,12.5874,77.0333,0.0310341,542,745,594,813,595
4.25286e+06,222,248,313,12.3283,75.4479,0.0316862,503,609,535,828,588
4.34222e+06,219,250,309,12.0746,73.8953,0.032352,512,621,600,1344,578
4.43346e+06,212,246,304,11.8261,72.3745,0.0330318,512,641,559,871,560
4.52661e+06,211,243,304,11.5827,70.8851,0.0337259,501,807,559,942,551
4.62173e+06,209,242,295,11.3444,69.4263,0.0344345,519,610,524,913,544
4.71884e+06,210,231,296,11.1109,67.9975,0.0351581,504,647,516,736,547
4.81799e+06,208,229,296,10.8822,66.5981,0.0358968,490,588,526,744,541
4.91923e+06,211,240,301,10.6583,65.2276,0.0366511,513,605,604,757,552
5.02259e+06,205,226,290,10.4389,63.8852,0.0374212,503,812,528,732,522
5.12813e+06,205,231,305,10.2241,62.5705,0.0382075,533,746,527,788,529
5.23588e+06,209,248,296,10.0137,61.2828,0.0390103,518,660,548,835,536
5.3459e+06,211,227,299,9.80762,60.0216,0.03983,508,643,540,715,538
5.45822e+06,213,235,304,9.60578,58.7864,0.0406669,493,557,558,770,541
5.57291e+06,217,239,303,9.4081,57.5766,0.0415214,504,583,537,889,550
5.69001e+06,219,254,305,9.21448,56.3917,0.0423939,526,639,533,1091,554
5.80957e+06,222,232,299,9.02485,55.2311,0.0432847,516,687,541,829,565
5.93164e+06,229,240,305,8.83912,54.0945,0.0441942,481,619,575,975,578
6.05628e+06,236,266,315,8.65721,52.9812,0.0451228,556,1028,566,1039,601
6.18353e+06,239,233,306,8.47905,51.8909,0.0460709,514,662,568,821,609
6.31346e+06,242,241,300,8.30455,50.823,0.047039,532,667,552,719,620
6.44612e+06,245,239,298,8.13365,49.7771,0.0480274,528,671,530,753,638
6.58157e+06,256,244,304,7.96626,48.7527,0.0490365,497,691,630,1357,674
6.71986e+06,294,429,598,7.80232,47.7494,0.0500669,853,1266,915,1253,800
6.86106e+06,453,304,389,7.64175,46.7667,0.0511189,640,895,652,1024,1171
7.00523e+06,341,291,387,7.48448,45.8043,0.052193,706,863,710,1646,954
7.15242e+06,370,293,373,7.33046,44.8616,0.0532897,665,890,725,926,1075
7.30271e+06,402,294,389,7.1796,43.9384,0.0544094,659,743,682,964,1237
7.45615e+06,430,297,389,7.03184,43.0341,0.0555527,737,2437,697,837,1405
7.61282e+06,448,326,416,6.88713,42.1485,0.05672,1161,1457,1222,1529,1683
7.77278e+06,571,301,389,6.74539,41.2811,0.0579118,668,738,679,915,2433
7.93611e+06,710,285,363,6.60658,40.4316,0.0591286,631,823,659,966,3790
7.96497e+06,892,283,368,6.58263,40.285,0.0593437,646,802,650,866,5166
8.10286e+06,3434,332,410,10.8705,77.1278,0.060371,695,734,721,1265,757
8.27312e+06,263,284,395,10.6468,75.5406,0.0616395,613,834,636,998,690
8.44696e+06,260,280,379,10.4277,73.9859,0.0629347,608,822,632,882,682
8.62444e+06,294,356,496,10.2131,72.4633,0.0642571,785,971,807,1116,753
8.80566e+06,349,386,527,10.0029,70.9721,0.0656073,852,1216,868,1036,1439
8.99069e+06,329,319,427,9.79702,69.5115,0.0669858,692,944,747,917,814
9.1796e+06,289,331,447,9.5954,68.081,0.0683934,722,969,766,1024,731
9.37248e+06,301,322,445,9.39793,66.6799,0.0698304,699,855,779,991,758
9.56942e+06,321,372,497,9.20452,65.3076,0.0712977,1213,1440,1402,1756,793
9.77049e+06,286,325,411,9.0151,63.9636,0.0727959,931,1373,701,856,725
9.97579e+06,269,319,427,8.82957,62.6473,0.0743254,1213,1573,1130,1785,688
1.01854e+07,267,290,375,8.64786,61.358,0.0758872,613,913,663,1197,685
1.03994e+07,266,271,376,8.46989,60.0953,0.0774817,659,737,746,1134,679
1.06179e+07,266,288,365,8.29558,58.8585,0.0791098,653,756,665,2621,676
1.0841e+07,270,263,380,8.12486,57.6472,0.0807721,627,1027,697,889,681
1.10688e+07,276,273,366,7.95765,56.4609,0.0824692,631,742,665,806,695
1.13014e+07,275,275,373,7.79389,55.2989,0.0842021,636,702,691,1014,692
1.15389e+07,282,272,379,7.63349,54.1609,0.0859714,650,758,694,934,709
1.17813e+07,282,275,367,7.4764,53.0463,0.0877778,613,804,688,1060,708
1.20289e+07,285,280,369,7.32253,51.9546,0.0896222,626,690,676,927,718
1.22816e+07,292,266,377,7.17184,50.8854,0.0915054,617,866,692,1248,733
1.25397e+07,297,278,375,7.02424,49.8382,0.0934281,613,767,667,1038,750
1.28032e+07,304,292,387,6.87969,48.8125,0.0953912,639,774,680,983,775
1.30722e+07,314,274,382,6.73811,47.808,0.0973956,647,1080,671,908,801
1.33469e+07,331,273,377,6.59944,46.8241,0.0994421,743,852,690,1047,866
1.36273e+07,357,295,390,6.46362,45.8605,0.101532,643,749,729,970,939
1.39137e+07,353,283,397,6.3306,44.9167,0.103665,639,736,703,921,953
1.4206e+07,365,304,395,6.20032,43.9923,0.105843,668,856,703,1077,1019
1.45045e+07,384,290,393,6.07272,43.087,0.108067,699,919,724,1138,1123
1.48093e+07,417,290,403,5.94775,42.2002,0.110338,694,806,735,874,1292
1.51205e+07,473,377,438,5.82534,41.3318,0.112656,697,789,736,927,1619
1.54382e+07,563,331,419,5.70546,40.4812,0.115023,715,869,774,1011,2158
1.57626e+07,682,324,419,5.58804,39.6481,0.11744,706,814,753,959,3173
1.59085e+07,874,308,417,5.5368,39.2845,0.118527,710,797,765,1045,4780
1.60938e+07,4552,317,449,8.86105,75.5791,0.119908,723,840,806,934,769
1.64319e+07,286,289,405,8.67869,74.0237,0.122428,695,965,708,989,720
1.67772e+07,283,288,409,8.50009,72.5003,0.125,669,958,717,858,710
1.71297e+07,284,291,402,8.32516,71.0082,0.127627,676,857,718,1043,711
1.74897e+07,297,294,413,8.15383,69.5469,0.130308,660,1026,719,940,738
1.78572e+07,290,293,415,7.98602,68.1157,0.133046,648,723,781,1029,721
1.82324e+07,293,293,414,7.82167,66.7139,0.135842,641,802,679,780,726
1.86155e+07,295,297,434,7.66071,65.3409,0.138696,744,840,783,1101,731
1.90066e+07,295,293,412,7.50305,63.9962,0.14161,641,944,702,1005,728
1.9406e+07,297,293,410,7.34864,62.6792,0.144586,621,758,747,1171,729
1.98138e+07,300,338,419,7.19741,61.3893,0.147624,701,897,739,1016,732
2.02301e+07,305,295,415,7.04929,60.1259,0.150726,695,852,765,1093,742
2.06552e+07,305,295,413,6.90422,58.8885,0.153893,658,993,663,832,741
2.10892e+07,309,290,417,6.76213,57.6766,0.157127,658,875,776,944,746
2.15323e+07,314,300,423,6.62297,56.4896,0.160428,677,1005,728,925,757
2.19848e+07,316,299,421,6.48667,55.3271,0.163799,745,948,759,943,761
2.24467e+07,319,291,431,6.35317,54.1885,0.167241,687,774,739,881,767
2.29184e+07,343,344,416,6.22243,53.0733,0.170755,1222,1700,786,1054,1178
2.33999e+07,327,305,427,6.09437,51.9811,0.174343,691,905,739,956,785
2.38916e+07,332,372,524,5.96895,50.9113,0.178006,1397,1600,787,884,799
2.43936e+07,340,305,429,5.84611,49.8636,0.181747,717,796,787,971,820
2.49062e+07,343,312,429,5.7258,48.8374,0.185565,657,926,743,906,832
2.54295e+07,350,299,435,5.60797,47.8323,0.189465,679,767,705,953,849
2.59638e+07,361,307,448,5.49255,46.848,0.193446,681,809,733,895,885
2.65094e+07,375,302,429,5.37952,45.8839,0.19751,671,838,741,942,933
2.70664e+07,380,315,444,5.26881,44.9396,0.20166,689,835,755,1140,965
2.76351e+07,395,308,440,5.16038,44.0147,0.205898,746,1006,811,1112,1027
2.82158e+07,415,319,454,5.05418,43.1089,0.210224,770,1293,760,1018,1113
2.88087e+07,440,318,448,4.95017,42.2218,0.214641,748,1090,787,1044,1234
2.9414e+07,473,377,477,4.84829,41.3528,0.219151,1400,1722,742,1047,1407
3.00321e+07,518,337,481,4.74852,40.5018,0.223756,780,915,793,1049,1661
3.06631e+07,594,330,481,4.6508,39.6683,0.228458,772,1469,964,2464,2129
3.13074e+07,744,353,475,4.55508,38.8519,0.233258,803,926,891,982,3248
3.16913e+07,925,356,490,4.4999,38.3813,0.236119,797,1212,950,1329,4524
3.19652e+07,5931,335,474,6.8232,74.0052,0.23816,726,894,888,1259,808
3.26369e+07,320,308,452,6.68278,72.4822,0.243164,676,982,756,905,761
3.33227e+07,320,314,448,6.54525,70.9905,0.248273,695,857,770,1122,757
3.40228e+07,321,350,442,6.41055,69.5295,0.25349,1065,1493,734,1030,760
3.47377e+07,329,340,445,6.27862,68.0986,0.258816,1258,1644,751,829,801
3.54676e+07,326,313,444,6.14941,66.6972,0.264255,705,933,769,1044,766
3.62129e+07,328,311,449,6.02286,65.3246,0.269807,1004,1411,781,1069,771
3.69738e+07,331,366,461,5.89891,63.9802,0.275476,678,857,798,1310,774
3.77507e+07,336,311,455,5.77751,62.6635,0.281265,694,934,743,1213,786
3.85439e+07,336,315,458,5.65861,61.3739,0.287175,700,790,763,1153,782
3.93538e+07,339,353,527,5.54216,60.1109,0.293209,1413,1635,826,1505,785
4.01807e+07,341,316,461,5.4281,58.8738,0.29937,731,988,768,1042,786
4.1025e+07,346,314,464,5.3164,57.6622,0.30566,705,915,823,1075,796
4.1887e+07,350,356,470,5.20699,56.4755,0.312083,704,1045,838,1240,803
4.27672e+07,353,372,461,5.09983,55.3133,0.31864,753,907,805,1056,806
4.36658e+07,355,320,527,4.99487,54.175,0.325335,1086,1434,1157,1714,811
4.45833e+07,358,319,453,4.89208,53.06,0.332171,731,985,771,969,818
4.55201e+07,366,316,461,4.7914,51.9681,0.339151,674,817,795,977,835
4.64766e+07,367,331,473,4.6928,50.8986,0.346277,806,1084,813,930,835
4.74531e+07,372,381,470,4.59622,49.8511,0.353553,729,827,855,915,850
4.84502e+07,379,373,475,4.50163,48.8252,0.360982,1335,1625,829,1047,866
4.94683e+07,385,388,470,4.40899,47.8204,0.368567,701,971,836,1111,884
5.05077e+07,393,329,470,4.31825,46.8363,0.376312,729,825,862,1319,909
5.1569e+07,401,336,483,4.22939,45.8724,0.384219,757,880,779,1014,939
5.26525e+07,415,334,481,4.14235,44.9283,0.392292,736,1199,834,1141,987
5.37589e+07,425,335,468,4.0571,44.0037,0.400535,757,907,773,1073,1034
5.48885e+07,440,376,484,3.9736,43.0982,0.408951,811,1593,787,1152,1098
5.60418e+07,459,339,491,3.89183,42.2112,0.417544,754,904,800,1130,1189
5.72194e+07,485,400,503,3.81174,41.3425,0.426317,761,965,816,1045,1310
5.84217e+07,522,385,501,3.73329,40.4917,0.435275,787,923,873,1125,1491
5.96492e+07,573,404,516,3.65646,39.6584,0.444421,1004,1426,900,1041,1777
6.09026e+07,650,372,516,3.58121,38.8422,0.45376,826,942,870,1002,2267
6.21823e+07,796,380,541,3.50751,38.0429,0.463294,882,1422,960,1398,3289
6.2938e+07,1009,397,556,3.4654,37.5861,0.468924,900,1365,903,1192,4812
6.34889e+07,5702,338,478,4.7566,72.4058,0.473029,721,1307,805,965,794
6.48229e+07,352,344,480,4.65871,70.9157,0.482968,771,985,792,1089,730
6.6185e+07,355,327,478,4.56284,69.4563,0.493116,726,989,731,959,731
6.75756e+07,360,346,487,4.46893,68.0269,0.503478,765,947,768,1029,764
6.89956e+07,359,339,477,4.37696,66.6269,0.514057,738,900,812,1101,737
7.04453e+07,362,331,489,4.28689,65.2558,0.524858,717,798,881,1283,743
7.19255e+07,364,321,470,4.19866,63.9128,0.535887,710,921,846,1015,743
7.34368e+07,368,338,487,4.11226,62.5975,0.547147,738,823,820,1247,752
7.49799e+07,369,334,480,4.02763,61.3093,0.558644,738,1070,854,1731,753
7.65554e+07,372,340,473,3.94474,60.0475,0.570382,758,907,827,978,756
7.81639e+07,375,342,482,3.86356,58.8118,0.582367,767,856,839,1133,762
7.98063e+07,379,327,483,3.78405,57.6015,0.594604,707,826,787,1121,768
8.14832e+07,383,326,487,3.70617,56.416,0.607097,737,886,858,1180,777
8.31954e+07,386,347,479,3.6299,55.255,0.619854,802,959,797,1041,779
8.49435e+07,389,343,505,3.5552,54.1179,0.632878,754,814,805,1168,784
8.67283e+07,393,358,507,3.48203,53.0042,0.646176,745,977,823,1249,790
8.85507e+07,398,354,525,3.41038,51.9133,0.659754,790,966,915,1430,802
9.04113e+07,402,360,512,3.34019,50.845,0.673617,834,1555,886,1142,810
9.2311e+07,406,352,503,3.27145,49.7986,0.687771,708,835,877,1040,814
9.42507e+07,411,345,505,3.20413,48.7738,0.702222,759,1090,843,1040,825
9.62311e+07,417,340,493,3.13819,47.77,0.716978,766,1263,859,1223,839
9.82531e+07,422,371,520,3.0736,46.7869,0.732043,771,990,874,1192,851
1.00318e+08,429,364,528,3.01035,45.8241,0.747425,759,1001,875,1485,868
1.02426e+08,437,382,516,2.9484,44.881,0.76313,797,958,937,1192,888
1.04578e+08,446,392,517,2.88772,43.9574,0.779165,811,1422,904,1168,915
1.06775e+08,465,386,521,2.82829,43.0527,0.795536,806,1076,944,1298,973
1.09019e+08,469,361,531,2.77009,42.1667,0.812252,788,967,880,1032,998
1.11309e+08,482,400,541,2.71308,41.299,0.82932,845,1045,891,1246,1052
1.13648e+08,500,424,597,2.65724,40.449,0.846745,917,1192,1039,1652,1136
1.16036e+08,526,409,534,2.60256,39.6166,0.864537,820,901,838,1041,1260
1.18474e+08,556,399,547,2.549,38.8013,0.882703,858,1050,877,1161,1431
1.20964e+08,605,371,554,2.49654,38.0028,0.90125,854,1294,894,1233,1719
