num_entries,index_global,index_local,index_buffer,ptr_global,ptr_local,ptr_buffer
2,8960,0,8960,9.22337e+18,0,75264
3,5973.33,0,5973.33,6.14891e+18,0,50176
4,4480,0,4480,4.61169e+18,0,37632
5,3584,0,3584,3.68935e+18,0,30105.6
6,2986.67,0,2986.67,3.07446e+18,0,25088
7,2560,0,2560,2.63525e+18,0,21504
8,2240,0,2240,2.30584e+18,0,18816
9,1991.11,0,1991.11,2.04964e+18,0,16725.3
10,1792,0,1792,1.84467e+18,0,15052.8
11,1629.09,0,1629.09,1.67698e+18,0,13684.4
12,1493.33,0,1493.33,1.53723e+18,0,12544
13,1378.46,0,1378.46,1.41898e+18,0,11579.1
14,1280,0,1280,1.31762e+18,0,10752
15,1194.67,0,1194.67,1.22978e+18,0,10035.2
16,1120,0,1120,1.15292e+18,0,9408
17,1054.12,0,1054.12,1.0851e+18,0,8854.59
18,995.556,0,995.556,1.02482e+18,0,8362.67
19,943.158,0,943.158,9.70881e+17,0,7922.53
20,896,0,896,9.22337e+17,0,7526.4
21,853.333,0,853.333,8.78416e+17,0,7168
22,814.545,0,814.545,8.38488e+17,0,6842.18
23,779.13,0,779.13,8.02032e+17,0,6544.7
24,746.667,0,746.667,7.68614e+17,0,6272
25,716.8,0,716.8,7.3787e+17,0,6021.12
26,689.231,0,689.231,7.0949e+17,0,5789.54
27,663.704,0,663.704,6.83213e+17,0,5575.11
28,640,0,640,6.58812e+17,0,5376
29,617.931,0,617.931,6.36095e+17,0,5190.62
30,597.333,0,597.333,6.14891e+17,0,5017.6
31,578.065,0,578.065,5.95056e+17,0,4855.74
32,560,0,560,5.76461e+17,0,4704
33,543.03,0,543.03,5.58992e+17,0,4561.45
34,527.059,0,527.059,5.42551e+17,0,4427.29
35,512,0,512,5.2705e+17,0,4300.8
36,497.778,0,497.778,5.1241e+17,0,4181.33
37,484.324,0,484.324,4.98561e+17,0,4068.32
38,471.579,0,471.579,4.85441e+17,0,3961.26
39,459.487,0,459.487,4.72993e+17,0,3859.69
40,448,0,448,4.61169e+17,0,3763.2
41,437.073,0,437.073,4.49921e+17,0,3671.41
42,426.667,0,426.667,4.39208e+17,0,3584
43,416.744,0,416.744,4.28994e+17,0,3500.65
44,407.273,0,407.273,4.19244e+17,0,3421.09
45,398.222,0,398.222,4.09928e+17,0,3345.07
46,389.565,0,389.565,4.01016e+17,0,3272.35
47,381.277,0,381.277,3.92484e+17,0,3202.72
48,373.333,0,373.333,3.84307e+17,0,3136
49,365.714,0,365.714,3.76464e+17,0,3072
50,358.4,0,358.4,3.68935e+17,0,3010.56
51,351.373,0,351.373,3.61701e+17,0,2951.53
52,344.615,0,344.615,3.54745e+17,0,2894.77
54,331.852,0,331.852,3.41606e+17,0,2787.56
55,325.818,0,325.818,3.35395e+17,0,2736.87
56,320,0,320,3.29406e+17,0,2688
57,314.386,0,314.386,3.23627e+17,0,2640.84
58,308.966,0,308.966,3.18047e+17,0,2595.31
59,303.729,0,303.729,3.12657e+17,0,2551.32
61,293.77,0,293.77,3.02406e+17,0,2467.67
62,289.032,0,289.032,2.97528e+17,0,2427.87
63,284.444,0,284.444,2.92805e+17,0,2389.33
64,280,0,280,2.8823e+17,0,2352
66,271.515,0,271.515,2.79496e+17,0,2280.73
67,267.463,0,267.463,2.75325e+17,0,2246.69
69,259.71,0,259.71,2.67344e+17,0,2181.57
70,256,0,256,2.63525e+17,0,2150.4
72,248.889,0,248.889,2.56205e+17,0,2090.67
73,245.479,0,245.479,2.52695e+17,0,2062.03
75,238.933,0,238.933,2.45957e+17,0,2007.04
76,235.789,0,235.789,2.4272e+17,0,1980.63
78,229.744,0,229.744,2.36497e+17,0,1929.85
79,226.835,0,226.835,2.33503e+17,0,1905.42
81,221.235,0,221.235,2.27738e+17,0,1858.37
83,215.904,0,215.904,2.2225e+17,0,1813.59
84,213.333,0,213.333,2.19604e+17,0,1792
86,208.372,0,208.372,2.14497e+17,0,1750.33
88,203.636,0,203.636,2.09622e+17,0,1710.55
90,199.111,0,199.111,2.04964e+17,0,1672.53
92,194.783,0,194.783,2.00508e+17,0,1636.17
94,190.638,0,190.638,1.96242e+17,0,1601.36
96,186.667,0,186.667,1.92154e+17,0,1568
98,182.857,0,182.857,1.88232e+17,0,1536
100,179.2,0,179.2,1.84467e+17,0,1505.28
102,175.686,0,175.686,1.8085e+17,0,1475.76
104,172.308,0,172.308,1.77373e+17,0,1447.38
106,169.057,0,169.057,1.74026e+17,0,1420.08
108,165.926,0,165.926,1.70803e+17,0,1393.78
110,162.909,0,162.909,1.67698e+17,0,1368.44
113,158.584,0,158.584,1.63246e+17,0,1332.11
115,155.826,0,155.826,1.60406e+17,0,1308.94
117,153.162,0,153.162,1.57664e+17,0,1286.56
120,149.333,0,149.333,1.53723e+17,0,1254.4
122,146.885,0,146.885,1.51203e+17,0,1233.84
125,143.36,0,143.36,1.47574e+17,0,1204.22
128,140,0,140,1.44115e+17,0,1176
130,137.846,0,137.846,1.41898e+17,0,1157.91
133,134.737,0,134.737,1.38697e+17,0,1131.79
136,131.765,0,131.765,1.35638e+17,0,1106.82
139,128.921,0,128.921,1.3271e+17,0,1082.94
142,126.197,0,126.197,1.29907e+17,0,1060.06
145,123.586,0,123.586,1.27219e+17,0,1038.12
148,121.081,0,121.081,1.2464e+17,0,1017.08
151,118.675,0,118.675,1.22164e+17,0,996.874
154,116.364,0,116.364,1.19784e+17,0,977.455
157,114.14,0,114.14,1.17495e+17,0,958.777
160,112,0,112,1.15292e+17,0,940.8
164,109.268,0,109.268,1.1248e+17,0,917.854
167,107.305,0,107.305,1.1046e+17,0,901.365
171,104.795,0,104.795,1.07876e+17,0,880.281
174,102.989,0,102.989,1.06016e+17,0,865.103
178,100.674,0,100.674,1.03633e+17,0,845.663
182,98.4615,0,98.4615,1.01356e+17,0,827.077
185,96.8649,0,96.8649,9.97121e+16,0,813.665
189,94.8148,0,94.8148,9.76018e+16,0,796.444
193,92.8497,0,92.8497,9.5579e+16,0,779.938
197,90.9645,0,90.9645,9.36383e+16,0,764.102
201,89.1542,0,89.1542,9.17748e+16,0,748.896
206,86.9903,0,86.9903,8.95473e+16,0,730.718
210,85.3333,0,85.3333,8.78416e+16,0,716.8
214,83.7383,0,83.7383,8.61997e+16,0,703.402
219,81.8265,0,81.8265,8.42317e+16,0,687.342
223,80.3587,0,80.3587,8.27208e+16,0,675.013
228,78.5965,0,78.5965,8.09068e+16,0,660.211
233,76.9099,0,76.9099,7.91706e+16,0,646.043
238,75.2941,0,75.2941,7.75073e+16,0,632.471
243,73.7449,0,73.7449,7.59125e+16,0,619.457
248,72.2581,0,72.2581,7.4382e+16,0,606.968
253,70.83,0,70.83,7.2912e+16,0,594.972
258,69.4574,0,69.4574,7.1499e+16,0,583.442
264,67.8788,0,67.8788,6.9874e+16,0,570.182
269,66.6171,0,66.6171,6.85753e+16,0,559.584
275,65.1636,0,65.1636,6.70791e+16,0,547.375
281,63.7722,0,63.7722,6.56468e+16,0,535.687
287,62.439,0,62.439,6.42744e+16,0,524.488
293,61.1604,0,61.1604,6.29582e+16,0,513.747
299,59.9331,0,59.9331,6.16948e+16,0,503.438
305,58.7541,0,58.7541,6.04811e+16,0,493.534
311,57.6206,0,57.6206,5.93143e+16,0,484.013
318,56.3522,0,56.3522,5.80086e+16,0,473.358
325,55.1385,0,55.1385,5.67592e+16,0,463.163
331,54.139,0,54.139,5.57303e+16,0,454.767
338,53.0178,0,53.0178,5.45762e+16,0,445.349
345,51.942,0,51.942,5.34688e+16,0,436.313
353,50.7649,0,50.7649,5.22571e+16,0,426.425
360,49.7778,0,49.7778,5.1241e+16,0,418.133
368,48.6957,0,48.6957,5.0127e+16,0,409.043
375,47.7867,0,47.7867,4.91913e+16,0,401.408
383,46.7885,0,46.7885,4.81638e+16,0,393.023
391,45.8312,0,45.8312,4.71784e+16,0,384.982
399,44.9123,0,44.9123,4.62324e+16,0,377.263
408,43.9216,0,43.9216,4.52126e+16,0,368.941
416,43.0769,0,43.0769,4.43431e+16,0,361.846
425,42.1647,0,42.1647,4.34041e+16,0,354.184
434,41.2903,0,41.2903,4.2504e+16,0,346.839
443,40.4515,0,40.4515,4.16405e+16,0,339.792
452,39.646,0,39.646,4.08114e+16,0,333.027
462,38.7879,0,38.7879,3.9928e+16,0,325.818
472,37.9661,0,37.9661,3.90821e+16,0,318.915
482,37.1784,0,37.1784,3.82713e+16,0,312.299
492,36.4228,0,36.4228,3.74934e+16,0,305.951
502,35.6972,0,35.6972,3.67465e+16,0,299.857
512,35,0,35,3.60288e+16,0,294
523,34.2639,0,34.2639,3.5271e+16,0,287.816
534,33.5581,0,33.5581,3.45445e+16,0,281.888
545,32.8807,0,32.8807,3.38472e+16,0,276.198
557,32.1724,0,32.1724,3.3118e+16,0,270.248
569,31.4938,0,31.4938,3.24196e+16,0,264.548
581,30.8434,0,30.8434,3.175e+16,0,259.084
593,30.2192,0,30.2192,3.11075e+16,0,253.841
605,29.6198,0,29.6198,3.04905e+16,0,248.807
618,28.9968,0,28.9968,2.98491e+16,0,243.573
631,28.3994,0,28.3994,2.92341e+16,0,238.555
644,27.8261,0,27.8261,2.8644e+16,0,233.739
658,27.234,0,27.234,2.80346e+16,0,228.766
671,26.7064,0,26.7064,2.74914e+16,0,224.334
686,26.1224,0,26.1224,2.68903e+16,0,219.429
700,25.6,0,25.6,2.63525e+16,0,215.04
715,25.0629,0,25.0629,2.57996e+16,0,210.529
730,24.5479,0,24.5479,2.52695e+16,0,206.203
745,24.0537,0,24.0537,2.47607e+16,0,202.051
761,23.548,0,23.548,2.42401e+16,0,197.803
777,23.0631,0,23.0631,2.3741e+16,0,193.73
793,22.5977,0,22.5977,2.3262e+16,0,189.821
810,22.1235,0,22.1235,2.27738e+16,0,185.837
827,21.6687,0,21.6687,2.23056e+16,0,182.017
844,21.2322,0,21.2322,2.18563e+16,0,178.351
862,20.7889,0,20.7889,2.13999e+16,0,174.626
880,20.3636,0,20.3636,2.09622e+16,0,171.055
898,19.9555,0,19.9555,2.0542e+16,0,167.626
917,19.542,0,19.542,2.01164e+16,0,164.153
936,19.1453,0,19.1453,1.97081e+16,0,160.821
956,18.7448,0,18.7448,1.92958e+16,0,157.456
976,18.3607,0,18.3607,1.89004e+16,0,154.23
996,17.992,0,17.992,1.85208e+16,0,151.133
1017,17.6205,0,17.6205,1.81384e+16,0,148.012
1039,17.2474,0,17.2474,1.77543e+16,0,144.878
1061,16.8897,0,16.8897,1.73862e+16,0,141.874
1083,16.5466,0,16.5466,1.7033e+16,0,138.992
1106,16.2025,0,16.2025,1.66788e+16,0,136.101
1129,15.8725,0,15.8725,1.6339e+16,0,133.329
1153,15.5421,0,15.5421,1.59989e+16,0,130.553
1177,15.2251,0,15.2251,1.56727e+16,0,127.891
1201,14.9209,0,14.9209,1.53595e+16,0,125.336
1227,14.6047,0,14.6047,1.5034e+16,0,122.68
1252,14.3131,0,14.3131,1.47338e+16,0,120.23
1279,14.0109,0,14.0109,1.44228e+16,0,117.692
1306,13.7213,0,13.7213,1.41246e+16,0,115.259
1333,13.4434,0,13.4434,1.38385e+16,0,112.924
1361,13.1668,0,13.1668,1.35538e+16,0,110.601
1390,12.8921,0,12.8921,1.3271e+16,0,108.294
1419,12.6286,0,12.6286,1.29998e+16,0,106.08
1449,12.3671,0,12.3671,1.27307e+16,0,103.884
1479,12.1163,0,12.1163,1.24724e+16,0,101.777
1510,11.8675,0,11.8675,1.22164e+16,0,99.6874
1542,11.6213,0,11.6213,1.19629e+16,0,97.6187
1574,11.385,0,11.385,1.17197e+16,0,95.6341
1607,11.1512,0,11.1512,1.1479e+16,0,93.6702
1641,10.9202,0,10.9202,1.12412e+16,0,91.7294
1676,10.6921,0,10.6921,1.10064e+16,0,89.8138
1711,10.4734,0,10.4734,1.07813e+16,0,87.9766
1747,10.2576,0,10.2576,1.05591e+16,0,86.1637
1783,10.0505,0,10.0505,1.03459e+16,0,84.424
1821,9.84075,0,9.84075,1.013e+16,0,82.6623
1859,9.63959,0,9.63959,9.92294e+15,0,80.9726
1898,9.44152,0,9.44152,9.71904e+15,0,79.3087
1938,9.24665,0,9.24665,9.51844e+15,0,77.6718
1979,9.05508,0,9.05508,9.32125e+15,0,76.0627
2020,8.87129,0,8.87129,9.13205e+15,0,74.5188
2063,8.68638,0,8.68638,8.94171e+15,0,72.9656
2106,8.50902,0,8.50902,8.75914e+15,0,71.4758
2150,8.33488,0,8.33488,8.57988e+15,0,70.013
2195,8.16401,0,8.16401,8.40398e+15,0,68.5777
2242,7.99286,0,7.99286,8.22781e+15,0,67.1401
2289,7.82875,0,7.82875,8.05887e+15,0,65.7615
2337,7.66795,0,7.66795,7.89334e+15,0,64.4108
2386,7.51048,0,7.51048,7.73124e+15,0,63.088
2436,7.35632,0,7.35632,7.57256e+15,0,61.7931
2487,7.20547,0,7.20547,7.41727e+15,0,60.5259
2539,7.0579,0,7.0579,7.26536e+15,0,59.2863
2593,6.91091,0,6.91091,7.11405e+15,0,58.0517
2647,6.76993,0,6.76993,6.96892e+15,0,56.8674
2703,6.62967,0,6.62967,6.82454e+15,0,55.6892
2760,6.49275,0,6.49275,6.6836e+15,0,54.5391
2818,6.35912,0,6.35912,6.54604e+15,0,53.4166
2877,6.22871,0,6.22871,6.4118e+15,0,52.3212
2937,6.10146,0,6.10146,6.28081e+15,0,51.2523
2999,5.97533,0,5.97533,6.15097e+15,0,50.1927
3062,5.85238,0,5.85238,6.02441e+15,0,49.16
3126,5.73257,0,5.73257,5.90107e+15,0,48.1536
3192,5.61404,0,5.61404,5.77906e+15,0,47.1579
3259,5.49862,0,5.49862,5.66025e+15,0,46.1884
3327,5.38623,0,5.38623,5.54456e+15,0,45.2444
3397,5.27524,0,5.27524,5.4303e+15,0,44.312
3469,5.16575,0,5.16575,5.3176e+15,0,43.3923
3542,5.05929,0,5.05929,5.208e+15,0,42.498
3616,4.95575,0,4.95575,5.10142e+15,0,41.6283
3692,4.85374,0,4.85374,4.99641e+15,0,40.7714
3770,4.75332,0,4.75332,4.89304e+15,0,39.9279
3849,4.65575,0,4.65575,4.79261e+15,0,39.1083
3930,4.5598,0,4.5598,4.69383e+15,0,38.3023
4012,4.4666,0,4.4666,4.59789e+15,0,37.5194
4096,4.375,0,4.375,4.5036e+15,0,36.75
4183,4.28401,0,4.28401,4.40993e+15,0,35.9857
4270,4.19672,0,4.19672,4.32008e+15,0,35.2525
4360,8.22018,0,8.22018,4.2309e+15,0,68.4624
4452,8.05031,0,8.05031,4.14347e+15,0,67.0476
4545,7.88559,0,7.88559,4.05869e+15,0,65.6757
4641,7.72247,0,7.72247,3.97473e+15,0,64.3172
4738,7.56437,0,7.56437,3.89336e+15,0,63.0004
4838,7.40802,0,7.40802,3.81289e+15,0,61.6982
4939,7.25653,0,7.25653,3.73491e+15,0,60.4365
5043,7.10688,0,7.10688,3.65789e+15,0,59.1902
5149,6.96057,0,6.96057,3.58259e+15,0,57.9716
5257,6.81758,0,6.81758,3.50899e+15,0,56.7807
5368,6.6766,0,6.6766,3.43643e+15,0,55.6066
5481,6.53895,0,6.53895,3.36558e+15,0,54.4601
5596,6.40457,0,6.40457,3.29642e+15,0,53.341
5713,6.27341,0,6.27341,3.22891e+15,0,52.2486
5833,6.14435,0,6.14435,3.16248e+15,0,51.1737
5956,6.01746,0,6.01746,3.09717e+15,0,50.1169
6081,5.89377,0,5.89377,3.03351e+15,0,49.0867
6209,5.77227,0,5.77227,2.97097e+15,0,48.0747
6339,5.65389,0,5.65389,2.91004e+15,0,47.0888
6473,5.53685,0,5.53685,2.8498e+15,0,46.114
6609,5.42291,0,5.42291,2.79116e+15,0,45.1651
6747,5.31199,0,5.31199,2.73407e+15,0,44.2413
6889,5.2025,0,5.2025,2.67771e+15,0,43.3294
7034,5.09525,0,5.09525,2.62251e+15,0,42.4362
7182,4.99025,0,4.99025,2.56847e+15,0,41.5617
7333,4.88749,0,4.88749,2.51558e+15,0,40.7059
7487,4.78696,0,4.78696,2.46384e+15,0,39.8686
7644,4.68864,0,4.68864,2.41323e+15,0,39.0497
7805,4.59193,0,4.59193,2.36345e+15,0,38.2442
7968,4.49799,0,4.49799,2.3151e+15,0,37.4618
8136,4.40511,0,4.40511,2.2673e+15,0,36.6883
8307,4.31443,0,4.31443,2.22063e+15,0,35.9331
8481,4.22592,0,4.22592,2.17507e+15,0,35.1958
8660,6.20785,0,6.20785,2.13011e+15,0,51.5547
8842,8.10676,0,8.10676,2.08626e+15,0,67.2282
9027,7.94062,0,7.94062,2.04351e+15,0,65.8504
9217,7.77693,0,7.77693,2.00138e+15,0,64.493
9411,7.61662,0,7.61662,1.96013e+15,0,63.1635
9608,7.46045,0,7.46045,1.91994e+15,0,61.8684
9810,7.30683,0,7.30683,1.8804e+15,0,60.5945
10016,7.15655,0,7.15655,1.84173e+15,0,59.3482
10227,7.0089,0,7.0089,1.80373e+15,0,58.1238
10442,6.86459,0,6.86459,1.76659e+15,0,56.927
10661,6.72357,0,6.72357,1.7303e+15,0,55.7576
10885,6.58521,0,6.58521,1.69469e+15,0,54.6102
11114,6.44952,0,6.44952,1.65978e+15,0,53.485
11347,6.31709,0,6.31709,1.62569e+15,0,52.3867
11586,6.18678,0,6.18678,1.59216e+15,0,51.3061
11829,6.05968,0,6.05968,1.55945e+15,0,50.2521
12078,5.93476,0,5.93476,1.5273e+15,0,49.2161
12331,5.81299,0,5.81299,1.49596e+15,0,48.2063
12591,5.69296,0,5.69296,1.46507e+15,0,47.2109
12855,5.57604,0,5.57604,1.43499e+15,0,46.2413
13125,5.46133,0,5.46133,1.40547e+15,0,45.2901
13401,5.34885,0,5.34885,1.37652e+15,0,44.3573
13683,5.23862,0,5.23862,1.34815e+15,0,43.4431
13970,5.13099,0,5.13099,1.32045e+15,0,42.5506
14264,5.02524,0,5.02524,1.29324e+15,0,41.6736
14563,4.92206,0,4.92206,1.26669e+15,0,40.818
14869,4.82077,0,4.82077,1.24062e+15,0,39.9779
15182,4.72138,0,4.72138,1.21504e+15,0,39.1537
15501,4.62422,0,4.62422,1.19004e+15,0,38.348
15826,4.52926,0,4.52926,1.1656e+15,0,37.5605
16159,4.43592,0,4.43592,1.14158e+15,0,36.7864
16498,4.34477,0,4.34477,1.11812e+15,0,36.0305
16845,4.25527,0,4.25527,1.09509e+15,0,35.2883
17199,6.25153,0,6.25153,1.07255e+15,0,51.7686
17560,8.16401,0,8.16401,1.0505e+15,0,67.5572
17929,7.99598,0,7.99598,1.02888e+15,0,66.1668
18306,7.83131,0,7.83131,1.00769e+15,0,64.8041
18691,7.67,0,7.67,9.86932e+14,0,63.4693
19083,7.51245,0,7.51245,9.66658e+14,0,62.1655
19484,7.35783,0,7.35783,9.46764e+14,0,60.8861
19894,7.20619,0,7.20619,9.27252e+14,0,59.6312
20312,7.0579,0,7.0579,9.0817e+14,0,58.4041
20739,6.91258,0,6.91258,8.89471e+14,0,57.2016
21174,6.77057,0,6.77057,8.71198e+14,0,56.0264
21619,6.6312,0,6.6312,8.53265e+14,0,54.8732
22074,6.49452,0,6.49452,8.35677e+14,0,53.7421
22537,6.3611,0,6.3611,8.18509e+14,0,52.6381
23011,6.23006,0,6.23006,8.01649e+14,0,51.5538
23494,6.10198,0,6.10198,7.85168e+14,0,50.4939
23988,5.97632,0,5.97632,7.68999e+14,0,49.4541
24492,5.85334,0,5.85334,7.53174e+14,0,48.4364
25007,5.73279,0,5.73279,7.37663e+14,0,47.4389
25532,5.61491,0,5.61491,7.22495e+14,0,46.4634
26069,5.49925,0,5.49925,7.07612e+14,0,45.5063
26616,5.38623,0,5.38623,6.9307e+14,0,44.5711
27176,5.27524,0,5.27524,6.78788e+14,0,43.6526
27747,5.16668,0,5.16668,6.64819e+14,0,42.7543
28330,5.06036,0,5.06036,6.51138e+14,0,41.8745
28925,4.95627,0,4.95627,6.37744e+14,0,41.0131
29533,4.85423,0,4.85423,6.24615e+14,0,40.1688
30153,4.75442,0,4.75442,6.11771e+14,0,39.3428
30787,4.65651,0,4.65651,5.99173e+14,0,38.5326
31434,4.56067,0,4.56067,5.8684e+14,0,37.7395
32094,4.46688,0,4.46688,5.74772e+14,0,36.9634
32768,4.375,0,4.375,5.6295e+14,0,36.2031
33457,4.82052,0,4.82052,5.51357e+14,0,39.8802
34160,5.2459,0,5.2459,5.4001e+14,0,43.3911
34878,6.67928,0,6.67928,5.28893e+14,0,55.2252
35611,8.05144,0,8.05144,5.18007e+14,0,66.5538
36359,7.88581,0,7.88581,5.0735e+14,0,65.1846
37123,7.72351,0,7.72351,4.96909e+14,0,63.8431
37903,7.56457,0,7.56457,4.86683e+14,0,62.5293
38699,7.40898,0,7.40898,4.76672e+14,0,61.2431
39512,7.25653,0,7.25653,4.66864e+14,0,59.983
40343,7.10706,0,7.10706,4.57248e+14,0,58.7474
41190,6.96091,0,6.96091,4.47845e+14,0,57.5394
42056,6.81758,0,6.81758,4.38623e+14,0,56.3546
42939,6.67738,0,6.67738,4.29603e+14,0,55.1957
43842,6.53985,0,6.53985,4.20755e+14,0,54.0588
44763,6.40529,0,6.40529,4.12098e+14,0,52.9466
45703,6.27355,0,6.27355,4.03622e+14,0,51.8576
46664,6.14435,0,6.14435,3.9531e+14,0,50.7896
47644,6.01797,0,6.01797,3.87179e+14,0,49.7449
48645,5.89413,0,5.89413,3.79212e+14,0,48.7213
49668,5.77273,0,5.77273,3.71401e+14,0,47.7178
50711,5.654,0,5.654,3.63762e+14,0,46.7364
51777,5.53759,0,5.53759,3.56273e+14,0,45.7741
52865,5.42363,0,5.42363,3.48941e+14,0,44.8321
53975,5.31209,0,5.31209,3.41765e+14,0,43.9101
55109,5.20278,0,5.20278,3.34732e+14,0,43.0066
56267,5.0957,0,5.0957,3.27843e+14,0,42.1215
57450,4.99077,0,4.99077,3.21092e+14,0,41.2541
58657,4.88808,0,4.88808,3.14485e+14,0,40.4052
59889,4.78752,0,4.78752,3.08016e+14,0,39.574
61148,4.68895,0,4.68895,3.01674e+14,0,38.7592
62433,4.59244,0,4.59244,2.95465e+14,0,37.9615
63744,4.49799,0,4.49799,2.89388e+14,0,37.1807
65084,4.40538,0,4.40538,2.8343e+14,0,36.4152
66451,4.31476,0,4.31476,2.77599e+14,0,35.6661
67848,5.01828,0,5.01828,2.71883e+14,0,41.4744
69273,6.20848,0,6.20848,2.66291e+14,0,51.3013
70729,7.60084,0,7.60084,2.60809e+14,0,62.7974
72215,7.94073,0,7.94073,2.55442e+14,0,65.6032
73732,7.77736,0,7.77736,2.50186e+14,0,64.2535
75282,7.61723,0,7.61723,2.45035e+14,0,62.9305
76863,7.46055,0,7.46055,2.39995e+14,0,61.6361
78478,7.30702,0,7.30702,2.35056e+14,0,60.3677
80127,7.15664,0,7.15664,2.30219e+14,0,59.1253
81811,7.00933,0,7.00933,2.2548e+14,0,57.9083
83530,6.86508,0,6.86508,2.2084e+14,0,56.7166
85285,6.72381,0,6.72381,2.16295e+14,0,55.5495
87077,6.58544,0,6.58544,2.11844e+14,0,54.4063
88907,6.44989,0,6.44989,2.07484e+14,0,53.2864
90775,6.31716,0,6.31716,2.03214e+14,0,52.1899
92682,6.18718,0,6.18718,1.99033e+14,0,51.116
94630,6.05981,0,6.05981,1.94935e+14,0,50.0638
96618,5.93513,0,5.93513,1.90925e+14,0,49.0337
98648,5.81299,0,5.81299,1.86996e+14,0,48.0247
100721,5.69335,0,5.69335,1.83147e+14,0,47.0362
102838,5.57615,0,5.57615,1.79377e+14,0,46.068
104998,5.46144,0,5.46144,1.75687e+14,0,45.1202
107205,5.349,0,5.349,1.7207e+14,0,44.1914
109457,5.23895,0,5.23895,1.6853e+14,0,43.2822
111757,5.13113,0,5.13113,1.65061e+14,0,42.3914
114105,5.02555,0,5.02555,1.61665e+14,0,41.5191
116503,4.92211,0,4.92211,1.58337e+14,0,40.6645
118951,4.82081,0,4.82081,1.55079e+14,0,39.8276
121450,4.72161,0,4.72161,1.51888e+14,0,39.0081
124002,4.62444,0,4.62444,1.48762e+14,0,38.2053
126608,4.52926,0,4.52926,1.457e+14,0,37.4189
129268,4.43606,0,4.43606,1.42702e+14,0,36.6489
131984,4.34477,0,4.34477,1.39765e+14,0,35.8948
134757,4.78728,0,4.78728,1.36889e+14,0,39.5483
137589,6.12142,0,6.12142,1.34071e+14,0,50.564
140480,7.14351,0,7.14351,1.31312e+14,0,59.0032
143432,7.74611,0,7.74611,1.2861e+14,0,63.9786
146446,7.83142,0,7.83142,1.25963e+14,0,64.6826
149523,7.67026,0,7.67026,1.23371e+14,0,63.3515
152664,7.51245,0,7.51245,1.20832e+14,0,62.0481
155872,7.35783,0,7.35783,1.18345e+14,0,60.7711
159147,7.20642,0,7.20642,1.1591e+14,0,59.5205
162491,7.05811,0,7.05811,1.13525e+14,0,58.2956
165906,6.91283,0,6.91283,1.11188e+14,0,57.0957
169392,6.77057,0,6.77057,1.089e+14,0,55.9207
172951,6.63124,0,6.63124,1.06659e+14,0,54.7699
176585,6.49478,0,6.49478,1.04464e+14,0,53.6428
180296,6.3611,0,6.3611,1.02314e+14,0,52.5387
184084,6.2302,0,6.2302,1.00208e+14,0,51.4576
187952,6.10198,0,6.10198,9.8146e+13,0,50.3986
191901,5.97641,0,5.97641,9.61264e+13,0,49.3615
195933,5.85343,0,5.85343,9.41482e+13,0,48.3457
200050,5.73297,0,5.73297,9.22107e+13,0,47.3507
204254,5.61497,0,5.61497,9.03128e+13,0,46.3761
208546,5.49941,0,5.49941,8.84541e+13,0,45.4217
212928,5.38623,0,5.38623,8.66337e+13,0,44.4869
217402,5.27539,0,5.27539,8.48508e+13,0,43.5714
221970,5.16682,0,5.16682,8.31047e+13,0,42.6747
226634,5.06049,0,5.06049,8.13944e+13,0,41.7965
231396,4.95635,0,4.95635,7.97194e+13,0,40.9364
236258,4.85435,0,4.85435,7.80788e+13,0,40.0939
241222,4.75446,0,4.75446,7.64721e+13,0,39.2689
246291,4.65661,0,4.65661,7.48982e+13,0,38.4607
251466,4.56078,0,4.56078,7.33568e+13,0,37.6692
256750,4.46691,0,4.46691,7.18471e+13,0,36.8939
262144,4.44336,0,4.44336,7.03687e+13,0,36.6992
267653,4.68667,0,4.68667,6.89204e+13,0,38.708
273277,5.18038,0,5.18038,6.7502e+13,0,42.7845
279019,7.00053,0,7.00053,6.61129e+13,0,57.8135
284882,7.7371,0,7.7371,6.47522e+13,0,63.8953
290867,7.88594,0,7.88594,6.34199e+13,0,65.1241
296979,7.72364,0,7.72364,6.21146e+13,0,63.7839
303219,7.5647,0,7.5647,6.08364e+13,0,62.4712
309591,7.409,0,7.409,5.95842e+13,0,61.1854
316096,7.25653,0,7.25653,5.8358e+13,0,59.9263
322738,7.10719,0,7.10719,5.7157e+13,0,58.693
329519,6.96093,0,6.96093,5.59808e+13,0,57.4852
336443,6.81768,0,6.81768,5.48287e+13,0,56.3021
343512,6.67738,0,6.67738,5.37004e+13,0,55.1435
350730,6.53996,0,6.53996,5.25953e+13,0,54.0087
358100,6.40536,0,6.40536,5.15128e+13,0,52.8971
365624,6.27355,0,6.27355,5.04528e+13,0,51.8086
373307,6.14443,0,6.14443,4.94144e+13,0,50.7423
381151,6.01798,0,6.01798,4.83975e+13,0,49.6981
389159,5.89415,0,5.89415,4.74016e+13,0,48.6754
397337,5.77283,0,5.77283,4.64259e+13,0,47.6735
405685,5.65404,0,5.65404,4.54706e+13,0,46.6925
414210,5.53767,0,5.53767,4.45348e+13,0,45.7315
422913,5.42372,0,5.42372,4.36183e+13,0,44.7905
431799,5.3121,0,5.3121,4.27207e+13,0,43.8687
440872,5.20278,0,5.20278,4.18415e+13,0,42.9659
450136,5.0957,0,5.0957,4.09804e+13,0,42.0816
459594,4.99084,0,4.99084,4.0137e+13,0,41.2156
469251,4.88813,0,4.88813,3.9311e+13,0,40.3674
479111,4.78753,0,4.78753,3.8502e+13,0,39.5367
489179,4.689,0,4.689,3.77096e+13,0,38.723
499457,4.59251,0,4.59251,3.69336e+13,0,37.9261
509952,4.49799,0,4.49799,3.61735e+13,0,37.1456
520667,4.47426,0,4.47426,3.54291e+13,0,36.9495
531607,4.61815,4.41589,0.0674182,0,2.14486,0.561497
542777,5.28246,4.32502,0.231108,0,2.10072,1.91301
554182,6.24084,4.23601,0.258688,0,2.05749,2.14064
565827,7.37922,4.14883,0.506727,0,2.01515,4.18864
577716,7.87875,4.06345,0.496299,0,1.97368,4.10244
589855,7.77737,3.97983,0.486086,0,1.93306,4.01802
602249,7.61731,3.89792,0.952164,0,1.89328,7.86641
614904,7.46055,3.8177,0.932568,0,1.85431,7.70451
627824,7.30702,3.73914,0.913377,0,1.81615,7.54596
641016,7.15664,3.66219,0.89458,0,1.77878,7.39067
654485,7.00936,3.58682,0.87617,0,1.74217,7.23857
668237,6.86511,3.51301,1.63583,0,1.70632,13.5111
682278,6.72383,3.44071,1.68096,0,1.6712,13.8837
696615,6.58545,3.3699,1.64636,0,1.63681,13.5979
711252,6.44992,3.30055,1.61248,0,1.60312,13.3181
726197,6.31718,3.23262,1.5793,0,1.57013,13.044
741456,6.18718,3.16609,1.54679,0,1.53782,12.7756
757035,6.05985,3.10094,1.51496,0,1.50617,12.5126
772942,5.93514,3.03712,1.48379,0,1.47517,12.2551
789183,5.813,2.97462,1.47596,0,1.44482,12.1904
805766,5.69337,2.9134,2.37965,0,1.41508,19.6523
822697,5.5762,2.85344,2.7881,0,1.38596,23.0248
839983,5.46144,2.79472,2.73072,0,1.35744,22.551
857633,5.34905,2.73721,2.67452,0,1.3295,22.0869
875654,5.23896,2.68088,2.61948,0,1.30214,21.6324
894053,5.13115,2.62571,2.56557,0,1.27534,21.1872
912839,5.02555,2.57167,2.51278,0,1.2491,20.7512
932020,4.92213,2.51874,2.46106,0,1.22339,20.3241
951603,4.82083,2.46691,2.41042,0,1.19821,19.9058
971599,4.72162,2.41614,2.36081,0,1.17355,19.4962
992014,4.62445,2.36642,2.31223,0,1.1494,19.095
1.01286e+06,4.52928,2.31772,2.26464,0,1.12575,18.702
1.03414e+06,4.43607,2.27002,2.21804,0,1.10258,18.3171
1.05587e+06,4.39569,4.41266,0.0339436,1.13425,2.14329,0.282701
1.07806e+06,4.75404,4.32185,0.13298,1.22671,2.09919,1.10041
1.10071e+06,5.79583,4.23291,0.260487,1.49553,2.05599,2.1532
1.12384e+06,7.30299,4.1458,0.510252,1.88443,2.01367,4.2155
1.14745e+06,7.83985,4.06048,0.499751,2.02296,1.97223,4.12875
1.17156e+06,7.83147,3.97692,0.489467,2.0208,1.93165,4.04378
1.19618e+06,7.6703,3.89507,0.958787,1.97921,1.89189,7.91898
1.22131e+06,7.51245,3.81491,0.939056,1.93848,1.85296,7.75601
1.24698e+06,7.35784,3.7364,0.91973,1.89858,1.81482,7.59639
1.27318e+06,7.20642,3.65951,0.900802,1.85951,1.77748,7.44006
1.29993e+06,7.05811,3.5842,0.882264,1.82125,1.7409,7.28695
1.32724e+06,6.91286,3.51044,1.43118,1.78377,1.70507,11.8194
1.35513e+06,6.77059,3.43819,1.69265,1.74705,1.66998,13.9783
1.3836e+06,6.63126,3.36744,1.65781,1.7111,1.63561,13.6907
1.41268e+06,6.49479,3.29814,1.6237,1.67589,1.60195,13.4089
1.44236e+06,6.36113,3.23026,1.59028,1.6414,1.56898,13.133
1.47267e+06,6.23022,3.16378,1.55755,1.60762,1.53669,12.8627
1.50361e+06,6.102,3.09867,1.5255,1.57453,1.50507,12.598
1.53521e+06,5.97642,3.0349,1.49411,1.54213,1.4741,12.3387
1.56746e+06,5.85343,2.97244,1.46336,1.51039,1.44376,12.0848
1.6004e+06,5.73297,4.34452,0.0895777,2.95862,2.11019,0.741255
1.63403e+06,5.61499,4.25511,0.175468,2.89773,2.06677,1.45043
1.66836e+06,5.49943,4.16754,0.343715,2.8381,2.02423,2.83963
1.70342e+06,5.38626,4.08177,0.336641,2.77969,1.98258,2.7812
1.73921e+06,5.27541,3.99777,0.659426,2.72249,1.94177,5.44645
1.77575e+06,5.16684,3.9155,0.645855,2.66646,1.90181,5.33436
1.81307e+06,5.06051,3.83492,0.632564,2.61159,1.86267,5.22458
1.85116e+06,4.95637,3.756,0.880916,2.55784,1.82434,7.27524
1.89006e+06,4.85436,3.6787,1.21359,2.5052,1.7868,10.0221
1.92977e+06,4.75446,3.60299,1.18862,2.45364,1.75002,9.8159
1.97032e+06,4.65662,3.52884,1.16415,2.40315,1.71401,9.61389
2.01172e+06,4.56079,3.45622,1.1402,2.35369,1.67874,9.41604
2.05399e+06,4.46693,3.38509,1.11673,2.30525,1.64419,9.22226
2.09715e+06,4.39209,3.31543,1.09375,2.26663,1.61035,9.03247
2.14122e+06,4.5193,4.31844,0.133905,2.33228,2.09753,1.10687
2.18621e+06,5.46729,4.22957,0.262299,2.82151,2.05436,2.16701
2.23215e+06,6.97646,4.14252,0.256901,3.60035,2.01208,2.12241
2.27905e+06,7.80003,4.05727,0.503227,4.02537,1.97067,4.15634
2.32694e+06,7.88594,3.97377,0.492871,4.06971,1.93012,4.07081
2.37583e+06,7.72365,3.892,0.656209,3.98596,1.8904,5.41949
2.42575e+06,7.5647,3.8119,0.945588,3.90393,1.85149,7.80891
2.47672e+06,7.40902,3.73345,0.926127,3.82358,1.81339,7.6482
2.52876e+06,7.25654,3.65662,0.907068,3.7449,1.77607,7.4908
2.5819e+06,7.10721,3.58137,0.888401,3.66783,1.73952,7.33665
2.63615e+06,6.96094,4.37778,0.0271912,5.38851,2.12635,0.225493
2.69154e+06,6.81769,4.28769,0.1265,5.27762,2.08259,1.04548
2.7481e+06,6.67738,4.19945,0.208668,5.16901,2.03973,1.72393
2.80584e+06,6.53996,4.11302,0.408748,5.06263,1.99775,3.376
2.8648e+06,6.40537,4.02838,0.400336,4.95844,1.95664,3.30652
2.92499e+06,6.27355,3.94548,0.784194,4.8564,1.91637,6.47608
2.98645e+06,6.14445,3.86428,0.768056,4.75646,1.87694,6.3428
3.0492e+06,6.01799,3.78475,0.752249,4.65857,1.83831,6.21227
3.11327e+06,5.89415,3.70687,0.736768,4.5627,1.80048,6.08442
3.17869e+06,5.77285,4.35782,0.0451004,4.4688,2.11666,0.373205
3.24548e+06,5.65404,4.26814,0.176689,4.37683,2.0731,1.45973
3.31367e+06,5.53768,4.1803,0.346105,4.28676,2.03043,2.85861
3.3833e+06,5.42372,4.09427,0.338983,4.19854,1.98865,2.79978
3.45439e+06,5.3121,4.01001,0.664013,4.11214,1.94772,5.48359
3.52698e+06,5.20278,3.92749,0.650347,4.02751,1.90764,5.37074
3.60108e+06,5.09571,3.84666,0.636964,3.94462,1.86838,5.26021
3.67675e+06,4.99084,4.4011,0.00487387,3.86345,2.13768,0.0409405
3.75401e+06,4.88813,4.31053,0.152754,3.78394,2.09369,1.26199
3.83289e+06,4.78753,4.22182,0.299221,3.70606,2.0506,2.47138
3.91342e+06,4.68901,4.13494,0.293063,3.62979,2.0084,2.42052
3.99565e+06,4.59251,4.04984,0.574064,3.55509,1.96707,4.74077
4.07961e+06,4.498,3.9665,0.56225,3.48193,1.92658,4.6432
4.16533e+06,4.41403,3.88487,0.550679,3.41694,1.88694,4.54765
4.25286e+06,4.48753,4.36112,0.0674182,3.47383,2.11826,0.557284
4.34222e+06,4.99771,4.27137,0.247616,3.86876,2.07466,2.04519
4.43346e+06,6.35806,4.18346,0.258688,4.92182,2.03197,2.1366
4.52661e+06,7.59696,4.09737,0.506728,5.88086,1.99015,4.18469
4.62173e+06,7.90589,4.01305,0.496299,6.12001,1.94919,4.09857
4.71884e+06,7.77737,3.93046,0.493681,6.02052,1.90908,4.07694
4.81799e+06,7.61732,4.33309,0.119021,7.86216,2.10464,0.983301
4.91923e+06,7.46055,4.24392,0.233142,7.70036,2.06133,1.92561
5.02259e+06,7.30702,4.15658,0.456689,7.54189,2.01891,3.77145
5.12813e+06,7.15664,4.07104,0.44729,7.38668,1.97736,3.69384
5.23588e+06,7.00936,3.98726,0.438085,7.23466,1.93667,3.61782
5.3459e+06,6.86511,4.33427,0.107267,7.08577,2.10522,0.886201
5.45822e+06,6.72383,4.24507,0.21012,6.93995,2.06189,1.73546
5.57291e+06,6.58545,4.15771,0.411591,6.79713,2.01946,3.39902
5.69001e+06,6.44993,4.07215,0.40312,6.65725,1.9779,3.32907
5.80957e+06,6.31719,4.38934,0.0370148,6.52024,2.13196,0.306077
5.93164e+06,6.18718,4.29901,0.193349,6.38606,2.08809,1.59695
6.05628e+06,6.05985,4.21053,0.337316,6.25463,2.04512,2.78569
6.18353e+06,5.93514,4.12388,0.370946,6.12592,2.00303,3.06337
6.31346e+06,5.813,4.40516,0.0113535,5.99985,2.13965,0.0941531
6.44612e+06,5.69337,4.31451,0.177918,5.87637,2.09562,1.46949
6.58157e+06,5.5762,4.22572,0.310394,5.75544,2.05249,2.56336
6.71986e+06,5.46145,4.13875,0.34134,5.63699,2.01025,2.81888
6.86106e+06,5.34905,4.38789,0.0417895,5.52098,2.13126,0.345435
7.00523e+06,5.23897,4.29759,0.163718,5.40736,2.0874,1.35221
7.15242e+06,5.13115,4.20915,0.320697,5.29608,2.04444,2.6484
7.30271e+06,5.02555,4.12253,0.314097,5.18709,2.00237,2.5939
7.45615e+06,4.92213,4.34772,0.0769083,5.08034,2.11175,0.635386
7.61282e+06,4.82083,4.25825,0.153005,4.97579,2.06829,1.26372
7.77278e+06,4.72162,4.17061,0.295101,4.87339,2.02573,2.43702
7.93611e+06,4.62445,4.37607,0.0361285,4.7731,2.12552,0.298641
8.10286e+06,4.52928,4.28601,0.14154,4.67487,2.08178,1.16903
8.27312e+06,4.44257,4.19781,0.277255,4.58537,2.03893,2.28964
8.44696e+06,4.41903,4.38297,0.0339436,4.56107,2.12887,0.28058
8.62444e+06,4.72911,4.29277,0.13298,4.88111,2.08506,1.09833
8.80566e+06,5.81822,4.20442,0.260487,6.00523,2.04215,2.15117
8.99069e+06,7.28306,4.37502,0.0318908,9.39644,2.12501,0.263611
9.1796e+06,7.87109,4.28498,0.124938,10.1551,2.08128,1.03191
9.37248e+06,7.82573,4.1968,0.244733,10.0966,2.03844,2.02107
9.56942e+06,7.6703,4.352,0.0599242,9.89606,2.11383,0.49507
9.77049e+06,7.51245,4.26243,0.234764,9.6924,2.07032,1.93874
9.97579e+06,7.35784,4.40465,0.00179635,9.49293,2.1394,0.0150893
1.01854e+07,7.20642,4.314,0.1126,9.29757,2.09537,0.930008
1.03994e+07,7.05812,4.22522,0.220566,9.10623,2.05225,1.82149
1.06179e+07,6.91286,4.35429,0.0540067,8.91883,2.11494,0.446182
1.0841e+07,6.7706,4.26468,0.211581,8.73528,2.07142,1.74729
1.10688e+07,6.63126,4.38738,0.0259034,8.55551,2.13101,0.214119
1.13014e+07,6.49479,4.29709,0.147465,8.37944,2.08716,1.21786
1.15389e+07,6.36113,4.20866,0.198785,8.20699,2.0442,1.64162
1.17813e+07,6.23022,4.31826,0.0973472,8.0381,2.09744,0.804027
1.20289e+07,6.102,4.22939,0.190688,7.87267,2.05428,1.57475
1.22816e+07,5.97643,4.32912,0.0933817,7.71066,2.10271,0.771274
1.25397e+07,5.85343,4.24002,0.18292,7.55197,2.05944,1.5106
1.28032e+07,5.73297,4.33192,0.0895777,7.39656,2.10408,0.739856
1.30722e+07,5.61499,4.24277,0.175468,7.24434,2.06077,1.44906
1.33469e+07,5.49943,4.32866,0.0859286,7.09525,2.10249,0.709717
1.36273e+07,5.38626,4.23957,0.168321,6.94923,2.05922,1.39003
1.39137e+07,5.27541,4.32104,0.0824283,6.80622,2.09879,0.680806
1.4206e+07,5.16684,4.39484,0.0100915,6.66615,2.13464,0.0835071
1.45045e+07,5.06051,4.3044,0.158141,6.52896,2.09071,1.30597
1.48093e+07,4.95637,4.37191,0.0387216,6.3946,2.1235,0.319903
1.51205e+07,4.85437,4.28194,0.151699,6.263,2.0798,1.25277
1.54382e+07,4.75447,4.34356,0.0742885,6.13411,2.10973,0.613577
1.57626e+07,4.65662,4.40082,0.00454748,6.00787,2.13754,0.0377116
1.60938e+07,4.56079,4.31026,0.142525,5.88423,2.09355,1.17701
1.64319e+07,4.46802,4.36223,0.0697958,5.76454,2.1188,0.576469
1.67772e+07,4.41345,4.27246,0.136719,5.69414,2.0752,1.12906
1.71297e+07,4.55382,4.32053,0.133905,5.87524,2.09854,1.10582
1.74897e+07,5.36483,4.36277,0.0655747,8.30591,2.11906,0.541606
1.78572e+07,6.81088,4.40143,0.00200704,10.5447,2.13784,0.0167158
1.82324e+07,7.75678,4.31085,0.125807,12.0092,2.09384,1.03895
1.86155e+07,7.87343,4.34728,0.0616089,12.1898,2.11154,0.508851
1.90066e+07,7.72365,4.37944,0.0301705,11.9579,2.12716,0.249257
1.9406e+07,7.5647,4.28931,0.118198,11.7118,2.08338,0.976113
1.98138e+07,7.40902,4.3168,0.115766,11.4708,2.09673,0.956025
2.02301e+07,7.25655,4.34223,0.0992106,11.2347,2.10909,0.819323
2.06552e+07,7.10721,4.36479,0.0555251,11.0035,2.12004,0.458602
2.10892e+07,6.96094,4.38713,0.0271912,10.777,2.13089,0.224643
2.15323e+07,6.81769,4.4042,0.00166448,10.5552,2.13918,0.0138627
2.19848e+07,6.67738,4.31356,0.104334,10.338,2.09516,0.861618
2.24467e+07,6.53997,4.32778,0.102187,10.1253,2.10206,0.843886
2.29184e+07,6.40537,4.34114,0.100084,9.91689,2.10856,0.826519
2.33999e+07,6.27355,4.35059,0.0980243,9.71281,2.11315,0.80951
2.38916e+07,6.14445,4.35857,0.0502536,9.51292,2.11702,0.415059
2.43936e+07,6.018,4.3651,0.0470156,9.31715,2.12019,0.388319
2.49062e+07,5.89415,4.36737,0.046048,9.1254,2.12129,0.380328
2.54295e+07,5.77285,4.3698,0.0451004,8.9376,2.12248,0.372501
2.59638e+07,5.65404,4.3696,0.0441722,8.75367,2.12238,0.364835
2.65094e+07,5.53768,4.3662,0.0432632,8.57352,2.12073,0.357327
2.70664e+07,5.42372,4.36241,0.0847456,8.39708,2.11889,0.699851
2.76351e+07,5.3121,4.35564,0.0830016,8.22427,2.1156,0.685449
2.82158e+07,5.20278,4.34793,0.0812935,8.05502,2.11185,0.671342
2.88087e+07,5.09571,4.33807,0.0796205,7.88925,2.10706,0.657526
2.9414e+07,4.99084,4.4072,0.00243693,7.72689,2.14064,0.0202091
3.00321e+07,4.88813,4.39287,0.0190943,7.56787,2.13368,0.157749
3.06631e+07,4.78753,4.37786,0.0374026,7.41213,2.12639,0.308922
3.13074e+07,4.68901,4.36103,0.0732658,7.25959,2.11821,0.605048
3.19652e+07,4.59251,4.3436,0.071758,7.11019,2.10975,0.592596
3.26369e+07,4.498,4.39587,0.0175703,6.96386,2.13514,0.145159
3.33227e+07,4.41672,4.37585,0.0344174,6.83803,2.12541,0.284266
3.40228e+07,4.44434,4.35374,0.0674183,6.88079,2.11468,0.556757
3.47377e+07,4.93168,4.39827,0.0165077,8.90784,2.1363,0.13638
3.54676e+07,6.3525,4.37293,0.0646719,11.4742,2.124,0.534077
3.62129e+07,7.58706,4.34727,0.063341,13.7041,2.11153,0.523086
3.69738e+07,7.89233,4.38382,0.0310187,14.2555,2.12928,0.256195
3.77507e+07,7.77453,4.35531,0.0607607,14.0427,2.11544,0.501778
3.85439e+07,7.61732,4.3847,0.0297551,13.7588,2.12971,0.245759
3.93538e+07,7.46056,4.3532,0.0582856,13.4756,2.11441,0.481337
4.01807e+07,7.30702,4.37868,0.0490584,13.1983,2.12679,0.405146
4.1025e+07,7.15664,4.40083,0.0139778,12.9267,2.13755,0.115479
4.1887e+07,7.00936,4.36545,0.0547606,12.6607,2.12036,0.452228
4.27672e+07,6.86511,4.38372,0.0268168,12.4001,2.12923,0.22149
4.36658e+07,6.72383,4.39938,0.0131325,12.1449,2.13684,0.108495
4.45833e+07,6.58545,4.36029,0.0514489,11.895,2.11786,0.424878
4.55201e+07,6.44993,4.37173,0.0503901,11.6502,2.12341,0.416134
4.64766e+07,6.31719,4.38085,0.0381715,11.4104,2.12784,0.315243
4.74531e+07,6.18718,4.38775,0.0241687,11.1756,2.13119,0.199618
4.84502e+07,6.05985,4.39288,0.0236713,10.9456,2.13368,0.19551
4.94683e+07,5.93514,4.39666,0.0115921,10.7204,2.13552,0.0957692
5.05077e+07,5.813,4.39842,0.0113535,10.4997,2.13638,0.0937983
5.1569e+07,5.69337,4.39825,0.0111199,10.2837,2.13629,0.091868
5.26525e+07,5.5762,4.39487,0.021782,10.072,2.13465,0.179906
5.37589e+07,5.46145,4.39076,0.0213338,9.86474,2.13265,0.176204
5.48885e+07,5.34905,4.38463,0.04081,9.66172,2.12968,0.337021
5.60418e+07,5.23897,4.37689,0.0409294,9.46289,2.12592,0.338006
5.72194e+07,5.13115,4.36762,0.0404003,9.26814,2.12141,0.333636
5.84217e+07,5.02556,4.39736,0.0196311,9.07741,2.13586,0.16214
5.96492e+07,4.92213,4.38407,0.0384541,8.8906,2.12941,0.317564
6.09026e+07,4.82083,4.40772,0.00029424,8.70763,2.14089,0.00247162
6.21823e+07,4.72162,4.39136,0.0184438,8.52843,2.13295,0.152335
6.34889e+07,4.62445,4.37325,0.0361285,8.35292,2.12415,0.298359
6.48229e+07,4.52928,4.39134,0.0176925,8.18102,2.13294,0.146129
6.6185e+07,4.44257,4.40602,0.00379059,8.02439,2.14007,0.0313381
6.75756e+07,4.41346,4.38403,0.0339436,7.97182,2.12938,0.280315
6.89956e+07,4.70521,4.39406,0.0166225,9.7129,2.13426,0.137292
7.04453e+07,5.81924,4.40233,0.00814022,12.0126,2.13828,0.0672513
7.19255e+07,7.25964,4.4089,0.000249147,14.986,2.14147,0.00209283
7.34368e+07,7.8584,4.38088,0.0312345,16.222,2.12786,0.257942
7.49799e+07,7.82669,4.38274,0.0305917,16.1565,2.12876,0.252634
7.65554e+07,7.6703,4.38383,0.0299621,15.8337,2.12929,0.247435
7.81639e+07,7.51245,4.38234,0.0293455,15.5078,2.12856,0.242343
7.98063e+07,7.35784,4.40757,0.000449087,15.1887,2.14082,0.00374025
8.14832e+07,7.20642,4.40285,0.00703752,14.8761,2.13853,0.0581412
8.31954e+07,7.05812,4.39538,0.0137854,14.57,2.1349,0.113859
8.49435e+07,6.91286,4.38615,0.0270034,14.2701,2.13041,0.223001
8.67283e+07,6.7706,4.40271,0.00661191,13.9764,2.13846,0.054625
8.85507e+07,6.63126,4.39021,0.0259034,13.6888,2.13239,0.213917
9.04113e+07,6.49479,4.40293,0.00634257,13.4071,2.13857,0.0523998
9.2311e+07,6.36113,4.38706,0.0248482,13.1312,2.13086,0.205203
9.42507e+07,6.23022,4.39488,0.0180625,12.861,2.13466,0.149172
9.62311e+07,6.102,4.40015,0.011918,12.5963,2.13722,0.098435
9.82531e+07,5.97643,4.40371,0.00583635,12.3371,2.13895,0.0482177
1.00318e+08,5.85343,4.40508,0.00285812,12.0832,2.13961,0.0236254
1.02426e+08,5.73297,4.40453,0.0027993,11.8345,2.13934,0.0231392
1.04578e+08,5.61499,4.40282,0.00548339,11.5909,2.13851,0.0453016
1.06775e+08,5.49943,4.39914,0.0107411,11.3524,2.13673,0.0887146
1.09019e+08,5.38626,4.39425,0.0210401,11.1188,2.13435,0.173754
1.11309e+08,5.27541,4.4075,0.000643971,10.89,2.14078,0.00534036
1.13648e+08,5.16684,4.39863,0.0100915,10.6658,2.13648,0.0833494
1.16036e+08,5.06051,4.40787,0.000617738,10.4463,2.14097,0.00512281
1.18474e+08,4.95637,4.39475,0.0193608,10.2314,2.13459,0.159887
1.20964e+08,4.85437,4.39957,0.00948118,10.0208,2.13693,0.0783087
