num_entries,insertion_time,query_time,update_time,memory,FPR,tail-99-q,tail-99.9-q,tail-99-u,tail-99.9-u
2,2680,80,171,8960,0,114,283,214,646
3,412,83,164,5973.33,0,120,129,217,613
4,256,81,155,4480,0,127,135,223,593
5,387,86,153,3584,0,125,134,221,579
6,170,86,150,2986.67,0,119,129,200,572
7,179,86,150,2560,0,114,129,198,639
8,156,87,144,2240,0,113,122,211,590
9,194,89,147,1991.11,0,120,129,204,498
10,196,90,154,1792,0,132,137,237,528
11,181,90,154,1629.09,0,127,133,242,553
12,219,89,155,1493.33,0,125,140,241,527
13,182,90,151,1378.46,0,127,160,237,493
14,183,90,158,1280,0,123,127,238,618
15,152,90,153,1194.67,0,128,141,245,587
16,168,90,154,1120,0,123,132,238,562
17,164,92,150,1054.12,0,126,131,246,660
18,176,90,152,995.556,0,124,133,245,475
19,120,94,147,943.158,0,135,149,244,566
20,131,91,147,896,0,125,132,233,565
21,191,91,148,853.333,0,126,133,243,608
22,150,91,144,814.545,0,122,127,223,538
23,177,93,146,779.13,0,121,126,227,693
24,208,90,146,746.667,0,119,135,221,493
25,187,93,152,716.8,0,119,125,223,613
26,247,92,146,689.231,0,120,131,224,521
27,155,92,149,663.704,0,118,125,222,657
28,246,93,145,640,0,119,130,223,658
29,230,91,149,617.931,0,116,126,222,570
30,183,90,147,597.333,0,118,129,220,519
31,194,92,150,578.065,0,123,140,217,606
32,230,92,149,560,0,135,138,223,628
33,167,97,150,543.03,0,120,130,219,541
34,213,92,152,527.059,0,140,146,220,517
35,229,95,157,512,0,129,148,245,550
36,227,97,154,497.778,0,147,155,236,595
37,158,92,155,484.324,0,123,127,240,533
38,132,102,149,471.579,0,146,154,238,592
39,183,95,155,459.487,0,130,138,237,445
40,1608,95,163,448,0,133,148,242,501
41,215,94,153,437.073,0,124,138,243,510
42,165,94,155,426.667,0,128,139,252,663
43,197,100,161,416.744,0,133,142,258,676
44,161,101,180,407.273,0,138,144,290,571
45,314,113,181,398.222,0,165,180,303,546
46,247,113,185,389.565,0,154,165,305,626
47,244,114,190,381.277,0,156,170,311,684
48,254,114,190,373.333,0,152,165,304,626
49,244,116,192,365.714,0,169,209,306,625
50,138,113,185,358.4,0,149,159,312,664
51,273,119,188,351.373,0,173,183,307,519
52,211,114,190,344.615,0,152,166,304,704
54,258,119,183,331.852,0,164,175,307,577
55,174,114,187,325.818,0,152,171,307,613
56,342,122,189,320,0,182,188,307,589
57,239,118,189,314.386,0,159,176,314,577
58,160,131,186,308.966,0,185,198,321,710
59,205,119,188,303.729,0,159,169,314,567
61,227,116,194,293.77,0,160,185,315,637
62,183,115,191,289.032,0,163,183,320,768
63,248,113,176,284.444,0,146,168,286,606
64,177,106,169,280,0,147,153,293,648
66,192,103,175,271.515,0,141,148,286,705
67,138,104,171,267.463,0,145,159,292,620
69,219,106,178,259.71,0,149,185,268,720
70,274,99,163,256,0,153,167,271,695
72,234,99,170,248.889,0,132,145,272,591
73,245,101,166,245.479,0,150,159,266,551
75,184,97,182,238.933,0,139,339,286,602
76,195,113,192,235.789,0,160,167,288,566
78,235,106,188,229.744,0,145,162,290,583
79,157,113,182,226.835,0,160,166,287,784
81,213,107,185,221.235,0,143,163,289,656
83,537,115,189,215.904,0,165,175,297,730
84,189,109,183,213.333,0,146,151,275,555
86,176,110,178,208.372,0,157,175,274,614
88,196,103,175,203.636,0,149,158,276,627
90,248,99,196,199.111,0,137,148,280,658
92,189,98,174,194.783,0,144,160,271,557
94,190,98,184,190.638,0,133,143,277,688
96,210,101,173,186.667,0,149,165,275,534
98,210,99,179,182.857,0,145,156,271,539
100,165,101,174,179.2,0,150,174,269,582
102,191,102,181,175.686,0,143,168,273,548
104,185,107,191,172.308,0,150,167,297,593
106,228,101,187,169.057,0,134,149,278,586
108,204,102,180,165.926,0,151,158,274,549
110,199,101,182,162.909,0,145,196,275,541
113,194,104,181,158.584,0,147,168,278,564
115,199,109,206,155.826,0,150,174,293,692
117,381,107,184,153.162,0,154,166,277,614
120,204,102,195,149.333,0,154,174,293,552
122,218,109,185,146.885,0,157,169,297,610
125,178,105,186,143.36,0,139,152,279,558
128,241,110,183,140,0,161,168,292,614
130,184,104,186,137.846,0,146,156,283,656
133,215,112,189,134.737,0,161,167,290,663
136,201,106,188,131.765,0,152,164,285,578
139,175,114,195,128.921,0,162,170,288,560
142,177,108,187,126.197,0,153,171,286,590
145,217,103,190,123.586,0,137,153,280,593
148,204,106,191,121.081,0,155,163,290,535
151,227,108,220,118.675,0,151,174,311,488
154,212,109,201,116.364,0,152,162,291,581
157,153,110,196,114.14,0,148,152,281,508
160,183,106,193,112,0,159,166,309,545
164,177,108,226,109.268,0,146,161,309,619
167,210,108,206,107.305,0,157,174,297,777
171,211,107,200,104.795,0,143,148,288,615
174,178,111,198,102.989,0,158,165,285,794
178,201,106,205,100.674,0,149,157,313,671
182,174,116,206,98.4615,0,161,184,293,488
185,226,107,200,96.8649,0,158,165,292,474
189,198,112,210,94.8148,0,163,170,291,600
193,202,113,216,92.8497,0,160,175,286,498
197,183,119,202,90.9645,0,161,181,286,626
201,215,109,200,89.1542,0,152,174,292,614
206,179,116,226,86.9903,0,167,176,339,531
210,188,113,222,85.3333,0,164,181,301,711
214,207,113,207,83.7383,0,160,169,302,701
219,181,111,225,81.8265,0,160,167,353,662
223,208,130,241,80.3587,0,185,200,342,630
228,206,122,233,78.5965,0,178,216,338,601
233,241,129,233,76.9099,0,176,182,340,664
238,180,122,228,75.2941,0,171,182,315,491
243,240,129,263,73.7449,0,181,196,379,611
248,229,124,238,72.2581,0,173,181,361,570
253,213,144,237,70.83,0,182,196,336,644
258,206,121,242,69.4574,0,176,185,369,598
264,212,132,240,67.8788,0,185,218,338,619
269,283,125,240,66.6171,0,172,181,352,531
275,320,130,240,65.1636,0,183,202,351,592
281,210,127,243,63.7722,0,173,193,356,617
287,242,128,252,62.439,0,176,190,352,658
293,297,118,255,61.1604,0,169,178,387,616
299,194,117,243,59.9331,0,161,179,362,619
305,217,119,231,58.7541,0,166,177,365,747
311,213,120,230,57.6206,0,168,177,333,565
318,288,121,249,56.3522,0,172,185,341,510
325,201,119,261,55.1385,0,175,200,401,560
331,241,120,242,54.139,0,164,195,375,496
338,215,124,255,53.0178,0,175,186,392,701
345,214,121,243,51.942,0,169,178,361,470
353,244,122,265,50.7649,0,171,193,389,636
360,216,124,267,49.7778,0,172,189,403,504
368,260,123,258,48.6957,0,176,211,381,475
375,218,127,266,47.7867,0,180,216,445,540
383,211,122,258,46.7885,0,172,187,389,554
391,198,124,252,45.8312,0,175,196,388,549
399,260,123,271,44.9123,0,181,206,431,617
408,192,125,279,43.9216,0,179,190,407,583
416,238,124,266,43.0769,0,179,201,412,586
425,215,126,257,42.1647,0,175,191,412,584
434,268,130,277,41.2903,0,177,198,427,564
443,217,125,265,40.4515,0,170,181,413,614
452,230,127,267,39.646,0,183,211,423,606
462,246,128,272,38.7879,0,180,211,419,522
472,207,127,292,37.9661,0,183,194,438,711
482,253,130,265,37.1784,0,180,200,423,495
492,289,128,289,36.4228,0,185,211,438,626
502,221,134,267,35.6972,0,182,206,459,639
512,263,135,293,35,0,189,208,458,699
523,274,133,296,34.2639,0,188,208,445,564
534,229,134,287,33.5581,0,186,198,455,619
545,263,133,300,32.8807,0,187,205,443,628
557,268,134,297,32.1724,0,202,220,477,545
569,231,130,277,31.4938,0,186,208,457,681
581,308,135,284,30.8434,0,193,243,469,586
593,274,139,306,30.2192,0,202,235,477,531
605,280,137,314,29.6198,0,192,205,487,575
618,262,138,296,28.9968,0,197,209,501,644
631,244,140,319,28.3994,0,198,227,484,757
644,290,136,290,27.8261,0,191,205,487,662
658,292,139,314,27.234,0,198,211,494,740
671,239,137,292,26.7064,0,202,218,512,610
686,252,141,330,26.1224,0,206,227,520,618
700,264,137,319,25.6,0,196,210,524,654
715,270,141,315,25.0629,0,203,233,531,837
730,205,142,329,24.5479,0,200,221,532,609
745,274,142,316,24.0537,0,203,230,547,706
761,239,138,334,23.548,0,202,221,525,644
777,289,143,326,23.0631,0,205,225,533,688
793,308,142,318,22.5977,0,206,228,540,692
810,304,149,318,22.1235,0,214,236,545,773
827,291,147,341,21.6687,0,216,230,552,714
844,343,147,327,21.2322,0,215,262,582,662
862,301,150,335,20.7889,0,215,233,582,651
880,326,151,362,20.3636,0,226,256,603,666
898,352,147,363,19.9555,0,213,228,572,653
917,347,148,339,19.542,0,225,264,593,749
936,355,156,371,19.1453,0,229,259,622,701
956,301,165,371,18.7448,0,218,235,632,760
976,277,151,368,18.3607,0,220,254,624,704
996,319,152,381,17.992,0,222,233,645,808
1017,307,151,375,17.6205,0,230,257,646,817
1039,336,151,375,17.2474,0,231,281,690,833
1061,305,156,396,16.8897,0,234,269,690,730
1083,323,161,402,16.5466,0,233,298,677,770
1106,366,156,397,16.2025,0,236,267,697,770
1129,323,160,400,15.8725,0,237,254,694,847
1153,364,166,404,15.5421,0,247,274,750,922
1177,325,172,406,15.2251,0,258,291,714,806
1201,406,164,411,14.9209,0,241,288,770,983
1227,297,166,424,14.6047,0,249,277,732,807
1252,352,175,420,14.3131,0,256,287,757,883
1279,353,168,426,14.0109,0,260,303,732,877
1306,383,168,426,13.7213,0,261,307,752,808
1333,364,172,434,13.4434,0,244,320,765,898
1361,440,177,443,13.1668,0,266,288,772,848
1390,334,167,449,12.8921,0,272,295,876,996
1419,382,175,455,12.6286,0,258,295,850,988
1449,371,175,469,12.3671,0,276,330,858,1014
1479,379,188,503,12.1163,0,286,336,908,1069
1510,445,193,471,11.8675,0,305,392,877,1054
1542,426,180,470,11.6213,0,280,298,884,982
1574,400,184,495,11.385,0,289,342,888,1081
1607,458,186,495,11.1512,0,277,306,922,1264
1641,440,185,495,10.9202,0,293,335,958,1091
1676,441,186,507,10.6921,0,299,365,976,1267
1711,484,195,539,10.4734,0,288,356,966,1191
1747,533,186,523,10.2576,0,299,334,975,1146
1783,443,190,524,10.0505,0,309,385,1047,1284
1821,536,195,536,9.84075,0,322,414,1019,1425
1859,500,189,542,9.63959,0,304,361,1084,1240
1898,442,194,540,9.44152,0,331,354,1052,1465
1938,522,209,538,9.24665,0,325,415,1056,1466
1979,545,198,590,9.05508,0,321,363,1109,1250
2020,438,204,548,8.87129,0,325,356,1112,1351
2063,535,211,575,8.68638,0,309,372,1144,1234
2106,504,212,602,8.50902,0,330,389,1139,1267
2150,458,208,642,8.33488,0,333,366,1281,1684
2195,515,214,592,8.16401,0,320,363,1270,1628
2242,604,210,601,7.99286,0,356,406,1202,1389
2289,646,211,622,7.82875,0,343,425,1270,1444
2337,563,232,637,7.66795,0,353,404,1321,1469
2386,559,233,642,7.51048,0,358,399,1261,1548
2436,506,226,666,7.35632,0,377,441,1285,1434
2487,645,237,626,7.20547,0,375,435,1326,1490
2539,592,229,649,7.0579,0,377,415,1306,1534
2593,671,237,652,6.91091,0,383,470,1292,1463
2647,652,234,639,6.76993,0,380,430,1313,1404
2703,628,241,674,6.62967,0,378,435,1358,1731
2760,589,225,680,6.49275,0,403,465,1393,1769
2818,699,240,677,6.35912,0,398,560,1414,1721
2877,625,239,687,6.22871,0,387,455,1340,1661
2937,663,235,707,6.10146,0,421,524,1524,1674
2999,823,251,741,5.97533,0,402,456,1569,1758
3062,566,254,764,5.85238,0,434,565,1600,1716
3126,638,258,730,5.73257,0,446,519,1600,1797
3192,786,265,780,5.61404,0,454,502,1666,1805
3259,795,261,783,5.49862,0,433,630,1619,2111
3327,779,262,795,5.38623,0,484,559,1665,1790
3397,856,267,791,5.27524,0,469,597,1722,1865
3469,724,272,829,5.16575,0,447,558,1694,1960
3542,795,277,780,5.05929,0,475,617,1727,2020
3616,848,283,864,4.95575,0,529,640,1890,2396
3692,918,290,880,4.85374,0,521,613,1823,2024
3770,851,286,872,4.75332,0,525,639,1819,2022
3849,894,315,975,4.65575,0,545,637,1981,2237
3930,1121,326,946,4.5598,0,585,650,2045,2367
4012,941,319,998,4.4666,0,565,661,2036,2346
4096,921,305,901,4.375,0,528,731,1850,2093
4183,964,303,950,4.28401,0,517,594,1894,2351
4270,5520,264,650,8.39344,0,431,527,1332,1706
4360,580,244,680,8.22018,0,449,533,1365,1644
4452,571,241,692,8.05031,0,425,477,1446,1686
4545,576,250,706,7.88559,0,429,520,1381,1692
4641,587,258,686,7.72247,0,453,511,1429,1659
4738,634,259,731,7.56437,0,453,544,1442,1868
4838,557,265,753,7.40802,0,444,506,1549,1940
4939,643,268,781,7.25653,0,504,568,1573,1765
5043,661,275,775,7.10688,0,480,537,1571,1711
5149,656,279,778,6.96057,0,503,568,1598,1940
5257,602,276,792,6.81758,0,520,629,1613,1714
5368,643,277,800,6.6766,0,528,625,1612,1774
5481,695,285,787,6.53895,0,517,613,1668,2056
5596,763,287,824,6.40457,0,555,661,1673,1936
5713,652,285,792,6.27341,0,489,586,1724,1950
5833,621,287,819,6.14435,0,553,635,1612,1919
5956,702,298,813,6.01746,0,552,751,1788,2084
6081,775,308,867,5.89377,0,545,777,1786,1952
6209,781,311,858,5.77227,0,587,726,1815,2032
6339,823,310,860,5.65389,0,604,671,1820,2086
6473,783,326,890,5.53685,0,566,665,1799,2091
6609,787,306,885,5.42291,0,613,734,1876,2181
6747,819,319,869,5.31199,0,588,690,1832,2061
6889,812,328,943,5.2025,0,615,736,1925,2178
7034,933,329,922,5.09525,0,641,730,1964,2217
7182,886,338,960,4.99025,0,636,713,2012,2780
7333,868,339,919,4.88749,0,635,749,1938,2364
7487,879,335,986,4.78696,0,634,809,1991,2211
7644,962,335,949,4.68864,0,685,804,2035,2284
7805,949,349,983,4.59193,0,659,727,2044,2394
7968,970,354,1126,4.49799,0,654,728,2151,2477
8136,3769,362,970,6.60767,0,717,852,2220,2368
8307,3469,304,820,8.62887,0,543,661,1665,1894
8481,626,298,776,8.45183,0,525,588,1574,1997
8660,618,286,752,8.27714,0,507,542,1570,1740
8842,556,273,761,8.10676,0,516,577,1565,2011
9027,634,289,783,7.94062,0,507,562,1583,1884
9217,665,283,783,7.77693,0,533,592,1641,1884
9411,628,295,787,7.61662,0,592,664,1626,1824
9608,654,294,814,7.46045,0,565,625,1722,1946
9810,685,302,810,7.30683,0,560,647,1684,2052
10016,665,309,825,7.15655,0,561,617,1637,1931
10227,694,304,837,7.0089,0,587,720,1678,2004
10442,716,314,871,6.86459,0,613,682,1750,2009
10661,668,327,869,6.72357,0,587,665,1755,1983
10885,653,320,884,6.58521,0,628,707,1766,2170
11114,728,323,914,6.44952,0,591,703,1865,2218
11347,812,325,921,6.31709,0,626,697,1952,2462
11586,778,333,952,6.18678,0,635,733,1911,2176
11829,739,353,924,6.05968,0,640,740,1882,2117
12078,806,327,966,5.93476,0,684,760,1910,2076
12331,788,342,945,5.81299,0,677,763,1927,2198
12591,836,348,952,5.69296,0,671,770,2026,2311
12855,744,345,981,5.57604,0,660,712,2022,2363
13125,829,369,1004,5.46133,0,686,787,1940,2207
13401,845,370,1007,5.34885,0,693,778,2086,3084
13683,847,379,1034,5.23862,0,715,765,2037,2371
13970,989,372,1023,5.13099,0,731,809,2049,2258
14264,890,379,1031,5.02524,0,695,759,2069,2292
14563,949,361,1042,4.92206,0,749,809,2070,2296
14869,935,372,1069,4.82077,0,719,846,2088,2329
15182,947,371,1117,4.72138,0,743,821,2144,2318
15501,1015,382,1085,4.62422,0,724,822,2104,2403
15826,1116,397,1125,4.52926,0,730,825,2180,2521
16159,1100,416,1139,4.43592,0,748,778,2224,2395
16498,4660,312,893,7.60335,0,715,870,2046,2322
16845,1810,295,749,8.51054,0,539,559,1565,1843
17199,628,291,796,8.33537,0,553,599,1578,1827
17560,600,301,823,8.16401,0,544,610,1620,1853
17929,603,303,812,7.99598,0,601,676,1700,2101
18306,651,316,803,7.83131,0,583,637,1742,2037
18691,616,314,832,7.67,0,591,660,1738,2074
19083,651,328,827,7.51245,0,595,654,1708,2146
19484,708,325,853,7.35783,0,580,686,1742,1845
19894,671,339,905,7.20619,0,582,680,1756,1876
20312,703,342,903,7.0579,0,622,674,1812,2197
20739,725,333,892,6.91258,0,661,716,1769,1985
21174,723,355,950,6.77057,0,655,795,1869,2045
21619,707,349,906,6.6312,0,641,716,1838,2142
22074,780,350,912,6.49452,0,677,737,1971,2220
22537,748,354,969,6.3611,0,682,818,1857,2170
23011,725,357,933,6.23006,0,648,694,1880,2238
23494,806,367,956,6.10198,0,674,713,2000,2362
23988,806,361,963,5.97632,0,702,767,1961,2217
24492,797,369,1067,5.85334,0,727,760,2010,2478
25007,807,355,998,5.73279,0,724,787,1981,2233
25532,859,380,1040,5.61491,0,707,788,2001,2133
26069,876,368,1017,5.49925,0,723,876,2061,2399
26616,882,382,1041,5.38623,0,766,868,2086,2274
27176,914,387,1010,5.27524,0,748,837,2137,2420
27747,915,393,1059,5.16668,0,749,809,2158,2328
28330,928,398,1028,5.06036,0,778,870,2147,2345
28925,950,411,1107,4.95627,0,752,801,2233,2495
29533,985,409,1116,4.85423,0,762,859,2245,2422
30153,986,399,1155,4.75442,0,766,847,2210,2630
30787,1028,421,1118,4.65651,0,771,859,2177,2303
31434,1638,387,1096,5.13075,0,795,817,2207,2383
32094,1618,385,1067,5.5836,0,773,810,2287,2651
32768,2193,374,1006,6.5625,0,754,881,2201,2435
33457,3221,320,812,8.56981,0,573,610,1649,1860
34160,626,318,828,8.39344,0,608,678,1585,1807
34878,638,320,832,8.22065,0,588,679,1742,2024
35611,653,305,801,8.05144,0,580,627,1667,1883
36359,614,327,826,7.88581,0,613,687,1756,1953
37123,628,322,823,7.72351,0,577,662,1681,1879
37903,643,317,838,7.56457,0,618,749,1774,1970
38699,682,331,875,7.40898,0,612,709,1810,2334
39512,692,345,866,7.25653,0,664,725,1768,1939
40343,709,347,888,7.10706,0,634,687,1795,1990
41190,699,362,917,6.96091,0,668,750,1890,2099
42056,751,351,945,6.81758,0,683,764,1919,2336
42939,744,377,1004,6.67738,0,694,741,2046,2198
43842,750,369,954,6.53985,0,688,847,1964,2261
44763,758,379,963,6.40529,0,737,824,1998,2197
45703,762,368,1019,6.27355,0,723,790,2066,2226
46664,792,383,1009,6.14435,0,712,752,2097,2403
47644,808,389,995,6.01797,0,712,798,2153,2332
48645,850,410,1004,5.89413,0,726,771,2066,2322
49668,818,416,1017,5.77273,0,777,828,2077,2296
50711,864,408,1066,5.654,0,769,812,2109,2294
51777,866,407,1017,5.53759,0,786,887,2125,2466
52865,884,439,1032,5.42363,0,805,859,2155,2367
53975,872,417,1119,5.31209,0,818,899,2218,2457
55109,918,413,1091,5.20278,0,816,923,2216,2464
56267,975,424,1136,5.0957,0,812,868,2157,2487
57450,954,443,1080,4.99077,0,830,922,2123,2329
58657,972,451,1165,4.88808,0,774,865,2302,2583
59889,986,426,1167,4.78752,0,761,843,2193,4760
61148,1038,432,1176,4.68895,0,774,825,2292,2459
62433,1109,416,1129,4.59244,0,783,857,2275,2632
63744,1770,431,1164,5.06024,0,777,843,2225,2407
65084,2989,399,1045,6.60808,0,783,892,2258,2474
66451,2766,352,928,8.09017,0,750,894,2160,2366
67848,1339,346,841,8.45183,0,584,703,1642,1740
69273,635,342,840,8.27797,0,621,685,1684,1879
70729,643,349,881,8.10757,0,647,754,1704,2038
72215,661,344,906,7.94073,0,608,751,1861,2220
73732,681,353,885,7.77736,0,650,754,1695,2125
75282,700,357,874,7.61723,0,646,735,1761,2001
76863,698,368,910,7.46055,0,673,881,1828,1982
78478,687,361,858,7.30702,0,657,776,1815,2247
80127,705,365,917,7.15664,0,622,691,1920,2403
81811,757,402,970,7.00933,0,672,743,1919,2274
83530,756,385,930,6.86508,0,699,772,1891,2132
85285,752,375,967,6.72381,0,705,818,1910,2117
87077,770,383,986,6.58544,0,675,832,1843,2300
88907,764,400,967,6.44989,0,727,800,2010,2383
90775,791,428,1022,6.31716,0,748,810,2007,2574
92682,820,411,1036,6.18718,0,757,825,1960,2234
94630,817,446,1034,6.05981,0,798,846,2037,3058
96618,837,443,1050,5.93513,0,790,895,2069,2429
98648,853,424,1018,5.81299,0,777,851,2066,2496
100721,862,419,1078,5.69335,0,751,838,2114,2483
102838,878,424,1096,5.57615,0,748,860,2047,2438
104998,890,431,1116,5.46144,0,781,900,2219,3885
107205,919,420,1078,5.349,0,753,827,2153,2557
109457,911,445,1091,5.23895,0,791,844,2201,3313
111757,944,434,1104,5.13113,0,788,898,2139,2419
114105,967,465,1175,5.02555,0,786,838,2215,3825
116503,993,446,1129,4.92211,0,776,1117,2238,2382
118951,1028,451,1121,4.82081,0,825,886,2273,2586
121450,1051,476,1098,4.72161,0,810,905,2183,3683
124002,1095,482,1203,4.62444,0,834,880,2216,2306
126608,1487,471,1148,4.81233,0,826,923,2265,3423
129268,3007,425,1087,6.2382,0,818,988,2224,2573
131984,2281,409,960,7.19602,0,797,865,2273,2708
134757,1958,373,921,7.97881,0,732,876,2168,2465
137589,1169,373,866,8.20531,0,669,868,2113,2370
140480,835,369,886,8.16401,0,626,707,1638,1941
143432,676,372,872,7.99598,0,632,741,1741,1911
146446,692,382,922,7.83142,0,653,755,1790,1995
149523,709,397,930,7.67026,0,665,715,1858,2050
152664,704,392,928,7.51245,0,682,808,1884,2306
155872,725,395,930,7.35783,0,673,764,1846,2364
159147,737,393,957,7.20642,0,688,823,1869,2435
162491,747,403,963,7.05811,0,722,816,1937,2542
165906,754,408,958,6.91283,0,725,829,1916,2259
169392,764,390,974,6.77057,0,705,771,1971,2138
172951,758,404,1026,6.63124,0,718,870,2013,2339
176585,763,422,974,6.49478,0,734,805,1934,2082
180296,808,436,1007,6.3611,0,769,837,2062,2471
184084,827,431,1064,6.2302,0,760,857,2075,2256
187952,836,444,1087,6.10198,0,742,876,1998,4512
191901,854,451,1061,5.97641,0,758,850,2142,2926
195933,862,437,1103,5.85343,0,804,883,2171,2449
200050,888,447,1123,5.73297,0,792,813,2085,2303
204254,880,443,1112,5.61497,0,789,844,1952,2099
208546,912,458,1201,5.49941,0,814,902,2265,2611
212928,952,562,1312,5.38623,0,992,1160,2696,4412
217402,1206,565,1391,5.27539,0,966,1080,2790,3424
221970,1002,451,1139,5.16682,0,806,874,2306,2496
226634,1178,600,1558,5.06049,0,1100,1207,2886,3172
231396,1155,475,1201,4.95635,0,838,910,2256,3483
236258,1023,491,1135,4.85435,0,860,991,2390,3145
241222,1064,491,1184,4.75446,0,847,899,2244,2378
246291,1200,509,1229,4.72936,0,862,996,2356,2475
251466,1204,491,1234,4.7033,0,879,956,2309,2632
256750,2334,472,1156,5.51385,0,850,925,2437,4403
262144,2941,446,1015,6.83594,0,868,964,2390,2868
267653,2509,403,965,7.90038,0,788,890,2255,2629
273277,1614,382,911,8.39353,0,664,871,1777,2248
279019,687,460,1081,8.2208,0,770,929,2172,2575
284882,821,456,1116,8.05161,0,788,839,2030,2336
290867,705,405,953,7.88594,0,695,776,1903,2695
296979,709,405,943,7.72364,0,700,750,1865,2075
303219,739,416,959,7.5647,0,719,876,1874,2081
309591,734,413,948,7.409,0,702,836,1952,2451
316096,748,422,965,7.25653,0,741,844,1948,2610
322738,761,425,948,7.10719,0,741,838,1891,2514
329519,773,447,967,6.96093,0,765,825,2031,2701
336443,801,470,1113,6.81768,0,832,929,2169,3766
343512,817,445,1019,6.67738,0,760,839,2031,2430
350730,834,478,1097,6.53996,0,808,918,2176,3252
358100,827,440,995,6.40536,0,793,901,2014,2112
365624,834,460,1044,6.27355,0,778,893,2146,2592
373307,852,458,1106,6.14443,0,807,874,2067,2377
381151,860,457,1075,6.01798,0,787,873,2126,2524
389159,882,467,1090,5.89415,0,793,977,2122,2297
397337,865,448,1107,5.77283,0,789,952,2109,2903
405685,897,480,1154,5.65404,0,826,920,2156,2512
414210,906,469,1095,5.53767,0,821,955,2218,2438
422913,936,475,1171,5.42372,0,841,926,2198,3386
431799,962,482,1162,5.3121,0,843,948,2255,2451
440872,982,500,1204,5.20278,0,860,930,2223,2681
450136,1012,490,1221,5.0957,0,874,1035,2236,4274
459594,1015,491,1141,4.99084,0,873,962,2327,4161
469251,1044,505,1263,4.88813,0,850,1022,2373,2574
479111,1057,491,1240,4.78753,0,839,928,2317,2496
489179,1067,505,1277,4.689,0,882,1015,2405,4705
499457,1333,505,1273,4.73602,0,887,944,2358,2568
509952,1900,487,1217,5.2008,0,867,928,2397,2594
520667,2572,487,1146,6.19513,0,908,949,2397,4395
531607,3087,441,983,7.58455,0,850,957,2377,2626
542777,2216,433,1116,8.28687,0,867,1076,2280,3456
554182,1025,414,918,8.278,0,709,817,1914,2469
565827,700,418,934,8.10764,0,733,823,1869,2802
577716,715,429,972,7.94079,0,741,836,1868,2137
589855,722,426,982,7.77737,0,749,823,1965,2288
602249,725,433,981,7.61731,0,732,779,1891,2330
614904,750,444,1012,7.46055,0,729,832,2104,2409
627824,801,431,981,7.30702,0,759,833,1874,2087
641016,758,455,1018,7.15664,0,754,1032,1914,2074
654485,783,433,994,7.00936,0,776,913,1939,2143
668237,788,456,1069,6.86511,0,774,836,2300,2385
682278,892,448,1070,6.72383,0,769,931,2047,2220
696615,802,447,1099,6.58545,0,793,880,2013,2496
711252,821,460,1091,6.44992,0,810,890,2055,2403
726197,832,483,1035,6.31718,0,807,890,2172,3979
741456,844,465,1081,6.18718,0,820,942,2148,2329
757035,872,467,1111,6.05985,0,847,1005,2158,2498
772942,862,476,1132,5.93514,0,824,936,2289,3588
789183,896,481,1148,5.813,0,825,899,2079,2297
805766,918,487,1129,5.69337,0,841,1052,2259,4446
822697,909,487,1161,5.5762,0,840,932,2179,2508
839983,944,505,1126,5.46144,0,859,930,2328,3767
857633,967,501,1206,5.34905,0,876,953,2382,2622
875654,960,493,1225,5.23896,0,867,978,2234,2592
894053,980,496,1206,5.13115,0,867,973,2285,2487
912839,999,508,1240,5.02555,0,902,971,2267,2499
932020,1019,494,1218,4.92213,0,867,1035,2370,2629
951603,1042,529,1263,4.82083,0,909,1017,2354,2737
971599,1085,518,1240,4.72162,0,894,1018,2399,4382
992014,1149,536,1330,4.64252,0,1005,1058,2473,2684
1.01286e+06,1527,520,1221,4.83006,0,920,1029,2360,4783
1.03414e+06,2494,516,1258,5.64906,0,952,1045,2423,2659
1.05587e+06,3780,515,1205,7.43364,0,950,1051,2796,3338
1.07806e+06,2207,443,988,8.22814,0,801,962,2148,2686
1.10071e+06,1124,432,968,8.3193,0,750,835,1831,2072
1.12384e+06,711,431,936,8.16404,0,744,847,1785,2100
1.14745e+06,724,450,983,7.99602,0,761,976,1859,2024
1.17156e+06,720,445,1038,7.83147,0,775,896,1829,1959
1.19618e+06,736,452,1009,7.6703,0,761,880,1887,2271
1.22131e+06,745,462,1035,7.51245,0,747,1116,1814,2080
1.24698e+06,793,485,1035,7.35784,0,791,923,1971,3702
1.27318e+06,777,460,1056,7.20642,0,800,837,2019,2218
1.29993e+06,793,479,1078,7.05811,0,800,941,2047,2229
1.32724e+06,793,487,1080,6.91286,0,841,972,1945,2342
1.35513e+06,820,512,1106,6.77059,0,883,969,2117,2352
1.3836e+06,834,505,1123,6.63126,0,879,994,2041,2519
1.41268e+06,850,516,1136,6.49479,0,893,964,2210,2531
1.44236e+06,861,509,1141,6.36113,0,909,996,2222,2498
1.47267e+06,863,500,1139,6.23022,0,872,1098,2224,2438
1.50361e+06,863,533,1178,6.102,0,931,1019,2177,2562
1.53521e+06,871,516,1205,5.97642,0,909,993,2284,2395
1.56746e+06,901,535,1183,5.85343,0,904,987,2222,2495
1.6004e+06,936,538,1224,5.73297,0,929,1084,2268,19514
1.63403e+06,936,565,1212,5.61499,0,926,1018,2276,2627
1.66836e+06,946,546,1215,5.49943,0,928,1082,2569,4985
1.70342e+06,961,546,1213,5.38626,0,1000,1091,2241,2502
1.73921e+06,996,550,1284,5.27541,0,965,1176,2206,3140
1.77575e+06,1029,571,1249,5.16684,0,960,1047,2407,2676
1.81307e+06,1042,556,1329,5.06051,0,971,1044,2360,4533
1.85116e+06,1074,596,1336,4.95637,0,992,1115,2415,2622
1.89006e+06,1104,593,1342,4.85436,0,1060,1193,2361,2731
1.92977e+06,1107,596,1329,4.75446,0,999,1136,2415,3903
1.97032e+06,1176,604,1334,4.66571,0,1037,1155,2343,2638
2.01172e+06,1260,617,1329,4.62314,0,1051,1205,2597,4162
2.05399e+06,2438,611,1358,5.29575,0,1023,1083,2517,5315
2.09715e+06,3790,590,1193,6.81885,0,1045,1150,2451,2745
2.14122e+06,3103,554,1143,8.01757,0,991,1141,2345,3278
2.18621e+06,1661,527,1024,8.34438,0,906,1174,2010,2535
2.23215e+06,870,549,1081,8.22082,0,943,1093,1962,2145
2.27905e+06,772,548,1092,8.05164,0,936,1035,2065,3629
2.32694e+06,798,566,1103,7.88594,0,968,1087,1993,2448
2.37583e+06,801,569,1166,7.72365,0,988,1117,2159,2490
2.42575e+06,816,602,1138,7.5647,0,979,1096,2099,2266
2.47672e+06,849,615,1145,7.40902,0,1005,1119,2222,2492
2.52876e+06,854,624,1167,7.25654,0,1010,1075,2076,2346
2.5819e+06,865,608,1228,7.10721,0,1017,1165,2273,2462
2.63615e+06,894,618,1202,6.96094,0,1087,1255,2249,2630
2.69154e+06,891,609,1210,6.81769,0,1084,1235,2171,2677
2.7481e+06,912,623,1237,6.67738,0,1102,1230,2207,2510
2.80584e+06,924,622,1195,6.53996,0,1055,1139,2218,2520
2.8648e+06,931,637,1233,6.40537,0,1073,1218,2358,4109
2.92499e+06,958,639,1308,6.27355,0,1118,1242,2317,2592
2.98645e+06,979,663,1250,6.14445,0,1148,1360,2388,3868
3.0492e+06,990,689,1352,6.01799,0,1135,1239,2377,3063
3.11327e+06,1011,701,1306,5.89415,0,1152,1249,2382,2634
3.17869e+06,1024,687,1327,5.77285,0,1171,1263,2466,4688
3.24548e+06,1027,674,1326,5.65404,0,1183,1332,2382,3884
3.31367e+06,1111,676,1320,5.53768,0,1184,1339,2546,4637
3.3833e+06,1075,707,1459,5.42372,0,1259,1393,2765,5102
3.45439e+06,1102,704,1336,5.3121,0,1166,1299,2472,2632
3.52698e+06,1114,708,1434,5.20278,0,1173,1272,2600,2802
3.60108e+06,1133,698,1420,5.09571,0,1177,1288,2663,4066
3.67675e+06,1165,726,1438,4.99084,0,1223,1285,2671,4060
3.75401e+06,1192,735,1445,4.88813,0,1238,1331,2616,4252
3.83289e+06,1208,743,1445,4.78753,0,1220,1341,2636,4009
3.91342e+06,1262,760,1497,4.68901,0,1280,1371,2670,4753
3.99565e+06,1451,747,1474,4.66427,0,1238,1392,2629,5131
4.07961e+06,2289,804,1525,4.99436,0,1270,1434,2577,4682
4.16533e+06,4024,770,1440,6.16502,0,1254,1428,2768,2969
4.25286e+06,4789,757,1316,7.74467,0,1188,1273,2521,2794
4.34222e+06,2641,689,1274,8.35702,0,1132,1353,2223,2782
4.43346e+06,1097,670,1194,8.278,0,1067,1319,2129,2284
4.52661e+06,878,698,1196,8.10764,0,1084,3662,2129,4492
4.62173e+06,888,693,1298,7.94079,0,1135,1383,2278,2823
4.71884e+06,903,699,1226,7.77737,0,1147,1287,2143,2429
4.81799e+06,919,722,1246,7.61732,0,1132,1273,2331,2663
4.91923e+06,935,722,1271,7.46055,0,1133,1474,2244,2628
5.02259e+06,952,727,1329,7.30702,0,1160,1324,2235,2523
5.12813e+06,964,716,1284,7.15664,0,1165,1379,2378,4759
5.23588e+06,982,715,1333,7.00936,0,1200,1355,2284,2439
5.3459e+06,999,739,1334,6.86511,0,1190,1266,2494,5123
5.45822e+06,1011,758,1343,6.72383,0,1185,1310,2268,4105
5.57291e+06,1034,746,1315,6.58545,0,1263,1476,2328,4495
5.69001e+06,1034,776,1382,6.44993,0,1220,1342,2404,4495
5.80957e+06,1060,781,1369,6.31719,0,1301,1464,2559,2980
5.93164e+06,1062,789,1407,6.18718,0,1259,1376,2492,2783
6.05628e+06,1120,793,1479,6.05985,0,1285,1410,2577,2935
6.18353e+06,1107,767,1409,5.93514,0,1243,1451,2462,5143
6.31346e+06,1119,810,1467,5.813,0,1260,1396,2605,3949
6.44612e+06,1134,806,1481,5.69337,0,1302,1402,2605,2880
6.58157e+06,1148,803,1461,5.5762,0,1236,1325,2655,4239
6.71986e+06,1179,812,1450,5.46145,0,1317,1451,2583,4363
6.86106e+06,1220,841,1505,5.34905,0,1291,1428,2733,3992
7.00523e+06,1226,808,1530,5.23897,0,1288,1470,2632,2886
7.15242e+06,1244,805,1562,5.13115,0,1325,1480,2636,4727
7.30271e+06,1264,816,1529,5.02555,0,1265,1397,2718,4509
7.45615e+06,1288,830,1597,4.92213,0,1293,1379,2738,3073
7.61282e+06,1315,824,1569,4.82083,0,1326,1506,2766,3283
7.77278e+06,1348,859,1584,4.72162,0,1295,1577,2816,3245
7.93611e+06,1433,871,1546,4.64478,0,1337,1471,2601,2810
8.10286e+06,2043,907,1637,4.79246,0,1398,1524,2800,4903
8.27312e+06,3882,906,1625,5.66422,0,1388,1672,2764,3294
8.44696e+06,5592,899,1463,7.24483,0,1511,1695,2880,3148
8.62444e+06,4013,833,1367,8.24269,0,1285,1390,2462,3078
8.80566e+06,1621,750,1304,8.32337,0,1168,1404,2101,2294
8.99069e+06,980,789,1299,8.16404,0,1190,1314,2310,4625
9.1796e+06,961,771,1279,7.99603,0,1184,1302,2200,3907
9.37248e+06,974,768,1290,7.83147,0,1200,1345,2243,3795
9.56942e+06,990,792,1362,7.6703,0,1272,1509,2419,2708
9.77049e+06,996,794,1345,7.51245,0,1212,1275,2324,2522
9.97579e+06,1019,823,1325,7.35784,0,1195,1366,2307,4456
1.01854e+07,1037,813,1409,7.20642,0,1278,1447,2434,4890
1.03994e+07,1064,866,1503,7.05812,0,1301,1464,2582,4534
1.06179e+07,1061,834,1408,6.91286,0,1289,1365,2407,2811
1.0841e+07,1088,801,1412,6.7706,0,1272,1388,2299,3731
1.10688e+07,1092,838,1442,6.63126,0,1308,1410,2658,2993
1.13014e+07,1101,871,1401,6.49479,0,1303,1596,2493,3794
1.15389e+07,1112,845,1468,6.36113,0,1302,1539,2590,2893
1.17813e+07,1137,851,1518,6.23022,0,1340,1592,2605,2951
1.20289e+07,1150,849,1483,6.102,0,1318,1463,2687,4735
1.22816e+07,1164,878,1530,5.97643,0,1382,1530,2629,3025
1.25397e+07,1203,904,1599,5.85343,0,1346,1466,2701,2979
1.28032e+07,1194,865,1582,5.73297,0,1352,3807,2584,5081
1.30722e+07,1212,889,1610,5.61499,0,1369,1628,2795,5034
1.33469e+07,1236,906,1645,5.49943,0,1399,1555,2690,4135
1.36273e+07,1256,863,1552,5.38626,0,1338,1480,2615,3096
1.39137e+07,1282,856,1567,5.27541,0,1339,1467,2726,3142
1.4206e+07,1306,911,1575,5.16684,0,1364,1530,2644,4448
1.45045e+07,1314,902,1566,5.06051,0,1368,1520,2623,4168
1.48093e+07,1350,891,1618,4.95637,0,1329,1386,2680,4837
1.51205e+07,1375,920,1608,4.85437,0,1391,1511,2778,3025
1.54382e+07,1403,886,1647,4.75447,0,1373,1521,2857,3153
1.57626e+07,1522,941,1621,4.66912,0,1349,1472,2767,4700
1.60938e+07,1833,920,1704,4.7022,0,1387,1585,2839,5769
1.64319e+07,3386,1143,1941,5.26849,0,1684,1790,3481,4417
1.67772e+07,5664,1015,1696,6.70135,0,1603,1753,3034,3894
1.71297e+07,5242,970,1477,8.02698,0,1493,1892,2691,2961
1.74897e+07,2378,838,1351,8.34233,0,1300,1535,2440,3942
1.78572e+07,1125,843,1363,8.21982,0,1232,1462,2243,3928
1.82324e+07,998,832,1369,8.05164,0,1252,1334,2287,2568
1.86155e+07,1014,836,1409,7.88594,0,1255,1422,2350,2569
1.90066e+07,1020,837,1415,7.72365,0,1271,1485,2381,2652
1.9406e+07,1036,855,1406,7.5647,0,1254,1358,2487,2939
1.98138e+07,1058,853,1387,7.40902,0,1259,1505,2312,2831
2.02301e+07,1066,868,1377,7.25655,0,1276,1556,2541,4323
2.06552e+07,1076,861,1452,7.10721,0,1302,1453,2446,2842
2.10892e+07,1096,873,1461,6.96094,0,1320,1443,2549,3967
2.15323e+07,1103,872,1433,6.81769,0,1334,1435,2444,2627
2.19848e+07,1124,881,1471,6.67738,0,1373,1525,2607,2819
2.24467e+07,1135,896,1481,6.53997,0,1334,1560,2553,3978
2.29184e+07,1153,898,1497,6.40537,0,1359,1497,2619,4238
2.33999e+07,1174,916,1539,6.27355,0,1365,1566,2691,4616
2.38916e+07,1180,910,1469,6.14445,0,1327,1495,2685,4558
2.43936e+07,1201,923,1510,6.018,0,1359,1419,2589,4729
2.49062e+07,1216,919,1511,5.89415,0,1365,1607,2639,4461
2.54295e+07,1236,946,1669,5.77285,0,1474,3555,2955,5276
2.59638e+07,1250,924,1596,5.65404,0,1405,1491,2788,3030
2.65094e+07,1274,928,1575,5.53768,0,1350,1511,2710,5412
2.70664e+07,1286,954,1680,5.42372,0,1374,1477,2831,4087
2.76351e+07,1307,918,1657,5.3121,0,1363,1661,2983,3375
2.82158e+07,1328,950,1609,5.20278,0,1426,1484,2796,3853
2.88087e+07,1358,943,1632,5.09571,0,1359,1460,2811,4670
2.9414e+07,1385,950,1647,4.99084,0,1360,1621,2929,4172
3.00321e+07,1421,932,1674,4.88813,0,1385,1569,2785,5223
3.06631e+07,1434,972,1720,4.78753,0,1430,1585,2767,3040
3.13074e+07,1482,986,1697,4.69015,0,1423,1591,2781,4282
3.19652e+07,1658,943,1632,4.64465,0,1463,1642,2814,5030
3.26369e+07,2672,1039,1804,4.94494,0,1538,1672,3017,3331
3.33227e+07,5260,1126,1875,6.16395,0,1678,4020,3246,5169
3.40228e+07,6067,1030,1570,7.71149,0,1556,1736,2924,4373
3.47377e+07,3386,933,1451,8.34,0,1372,1475,2479,4748
3.54676e+07,1325,875,1370,8.27346,0,1289,1582,2390,4977
3.62129e+07,1020,863,1393,8.10765,0,1286,1567,2410,2832
3.69738e+07,1026,885,1470,7.94079,0,1296,1460,2676,5049
3.77507e+07,1044,899,1416,7.77737,0,1299,1477,2419,4198
3.85439e+07,1060,890,1429,7.61732,0,1337,1468,2377,2714
3.93538e+07,1069,876,1431,7.46056,0,1330,1424,2395,4119
4.01807e+07,1087,884,1429,7.30702,0,1329,1609,2457,2750
4.1025e+07,1102,885,1451,7.15664,0,1336,1462,2470,2846
4.1887e+07,1119,906,1478,7.00936,0,1365,1623,2466,2670
4.27672e+07,1125,903,1463,6.86511,0,1388,1588,2497,5170
4.36658e+07,1143,991,1541,6.72383,0,1414,1738,2653,4154
4.45833e+07,1157,905,1493,6.58545,0,1349,1492,2501,4630
4.55201e+07,1172,951,1597,6.44993,0,1420,1622,2589,4418
4.64766e+07,1190,935,1516,6.31719,0,1375,1720,2669,4186
4.74531e+07,1201,941,1596,6.18718,0,1379,1577,2637,3058
4.84502e+07,1223,948,1582,6.05985,0,1366,1487,2763,4282
4.94683e+07,1239,959,1577,5.93514,0,1402,1581,2739,2877
5.05077e+07,1269,967,1591,5.813,0,1452,1580,2621,2904
5.1569e+07,1265,953,1631,5.69337,0,1404,1712,2700,4052
5.26525e+07,1278,961,1601,5.5762,0,1452,1587,2758,3947
5.37589e+07,1313,948,1613,5.46145,0,1451,1621,2889,4736
5.48885e+07,1324,970,1653,5.34905,0,1431,1562,2943,3586
5.60418e+07,1350,961,1646,5.23897,0,1402,1622,2819,3094
5.72194e+07,1368,978,1721,5.13115,0,1462,1611,2732,3760
5.84217e+07,1401,992,1710,5.02556,0,1427,1589,3054,3255
5.96492e+07,1423,967,1647,4.92213,0,1449,1596,2776,3475
6.09026e+07,1459,1018,1769,4.82083,0,1490,1692,2947,4200
6.21823e+07,1487,980,1670,4.72335,0,1484,1620,2808,3785
6.34889e+07,1601,995,1703,4.65211,0,1449,1542,2867,4749
6.48229e+07,2174,1037,1747,4.772,0,1558,1665,2800,3100
6.6185e+07,4393,1133,1842,5.6561,0,1600,1750,3063,3906
6.75756e+07,6350,1129,1741,7.25146,0,1682,1915,3200,3506
6.89956e+07,4538,1009,1547,8.24165,0,1535,1681,2767,4473
7.04453e+07,1811,913,1383,8.32159,0,1305,1461,2369,4522
7.19255e+07,1080,924,1491,8.16404,0,1383,1551,2524,2783
7.34368e+07,1045,917,1473,7.99603,0,1386,1528,2384,2932
7.49799e+07,1061,914,1508,7.83147,0,1401,1735,2423,2823
7.65554e+07,1078,916,1415,7.6703,0,1357,1470,2514,3520
7.81639e+07,1095,923,1471,7.51245,0,1382,1505,2574,2828
7.98063e+07,1110,930,1473,7.35784,0,1402,1605,2475,2768
8.14832e+07,1125,916,1485,7.20642,0,1403,1746,2572,2821
8.31954e+07,1133,912,1509,7.05812,0,1391,1574,2526,3486
8.49435e+07,1150,953,1493,6.91286,0,1425,1629,2613,2925
8.67283e+07,1161,968,1544,6.7706,0,1459,1621,2684,4241
8.85507e+07,1179,954,1594,6.63126,0,1413,1531,2593,3863
9.04113e+07,1197,966,1590,6.49479,0,1464,1605,2771,4433
9.2311e+07,1208,960,1570,6.36113,0,1490,1647,2624,4442
9.42507e+07,1225,937,1569,6.23022,0,1455,1555,2777,3153
9.62311e+07,1244,999,1663,6.102,0,1526,1706,3027,4136
9.82531e+07,1258,1002,1646,5.97643,0,1534,2652,2640,2839
1.00318e+08,1274,1011,1717,5.85343,0,1578,1660,2971,4604
1.02426e+08,1296,975,1651,5.73297,0,1473,1593,2848,5272
1.04578e+08,1313,992,1683,5.61499,0,1505,1869,2818,5150
1.06775e+08,1333,995,1659,5.49943,0,1492,1790,2875,4908
1.09019e+08,1351,1038,1721,5.38626,0,1545,1732,2951,4595
1.11309e+08,1373,1009,1698,5.27541,0,1519,1644,2882,3163
1.13648e+08,1399,1040,1756,5.16684,0,1520,1741,2922,3666
1.16036e+08,1421,1036,1705,5.06051,0,1462,1808,2951,4792
1.18474e+08,1451,1030,1793,4.95637,0,1510,1789,3075,4966
1.20964e+08,1483,1076,1857,4.85437,0,1584,1777,3069,5523
