num_entries,insertion_time,query_time,update_time,memory,FPR,fp_bits
1,2199,134,171,2.2824e+09,9.31323e-10,0
2,378,85,122,1.1412e+09,1.86265e-09,0
3,363,84,108,7.60799e+08,2.79397e-09,0
4,340,57,128,5.70599e+08,3.72529e-09,0
5,336,57,135,4.5648e+08,4.65661e-09,0
6,350,87,107,3.804e+08,5.58794e-09,0
7,339,57,179,3.26057e+08,6.51926e-09,0
8,403,59,106,2.853e+08,7.45058e-09,0
9,326,57,106,2.536e+08,8.3819e-09,0
10,342,57,107,2.2824e+08,9.31323e-09,0
11,349,58,107,2.07491e+08,1.02445e-08,0
12,372,59,107,1.902e+08,1.11759e-08,0
13,359,58,156,1.75569e+08,1.21072e-08,0
14,343,57,106,1.63028e+08,1.30385e-08,0
15,543,57,106,1.5216e+08,1.39698e-08,0
16,382,58,106,1.4265e+08,1.49012e-08,0
17,251,59,107,1.34259e+08,1.58325e-08,0
18,353,56,113,1.268e+08,1.67638e-08,0
19,348,61,133,1.20126e+08,1.76951e-08,0
20,332,76,121,1.1412e+08,1.86265e-08,0
21,343,63,112,1.08686e+08,1.95578e-08,0
22,398,60,111,1.03745e+08,2.04891e-08,0
23,363,60,114,9.92347e+07,2.14204e-08,0
24,364,61,111,9.50999e+07,2.23517e-08,0
25,556,60,127,9.12959e+07,2.32831e-08,0
26,353,86,128,8.77845e+07,2.42144e-08,0
27,457,73,116,8.45332e+07,2.51457e-08,0
28,466,65,118,8.15142e+07,2.6077e-08,0
29,353,61,110,7.87034e+07,2.70084e-08,0
30,423,59,111,7.60799e+07,2.79397e-08,0
31,430,59,112,7.36257e+07,2.8871e-08,0
32,260,61,139,7.13249e+07,2.98023e-08,0
33,360,73,124,6.91636e+07,3.07336e-08,0
34,333,61,113,6.71293e+07,3.1665e-08,0
35,356,60,113,6.52114e+07,3.25963e-08,0
36,279,61,111,6.33999e+07,3.35276e-08,0
37,467,61,112,6.16864e+07,3.44589e-08,0
38,389,61,139,6.00631e+07,3.53903e-08,0
39,386,79,125,5.8523e+07,3.63216e-08,0
40,508,68,117,5.70599e+07,3.72529e-08,0
41,346,68,115,5.56682e+07,3.81842e-08,0
42,363,61,115,5.43428e+07,3.91155e-08,0
43,344,61,112,5.3079e+07,4.00469e-08,0
44,248,60,131,5.18727e+07,4.09782e-08,0
45,350,84,130,5.07199e+07,4.19095e-08,0
46,350,80,122,4.96173e+07,4.28408e-08,0
47,406,70,123,4.85617e+07,4.37722e-08,0
48,478,62,115,4.755e+07,4.47035e-08,0
49,358,62,115,4.65795e+07,4.56348e-08,0
50,324,60,126,4.5648e+07,4.65661e-08,0
51,253,89,138,4.47529e+07,4.74975e-08,0
52,520,80,128,4.38923e+07,4.84288e-08,0
54,435,70,119,4.22666e+07,5.02914e-08,0
55,353,64,118,4.14981e+07,5.12227e-08,0
56,369,63,114,4.07571e+07,5.21541e-08,0
57,500,62,115,4.00421e+07,5.30854e-08,0
58,545,62,147,3.93517e+07,5.40167e-08,0
59,259,87,135,3.86847e+07,5.4948e-08,0
61,261,65,121,3.74164e+07,5.68107e-08,0
62,276,62,117,3.68129e+07,5.7742e-08,0
63,456,62,116,3.62285e+07,5.86733e-08,0
64,368,64,116,3.56625e+07,5.96046e-08,0
66,401,65,138,3.45818e+07,6.14673e-08,0
67,325,83,136,3.40656e+07,6.23986e-08,0
69,343,72,126,3.30782e+07,6.42613e-08,0
70,447,69,118,3.26057e+07,6.51926e-08,0
72,386,68,118,3.17e+07,6.70552e-08,0
73,287,66,115,3.12657e+07,6.79865e-08,0
75,416,63,138,3.0432e+07,6.98492e-08,0
76,439,87,133,3.00315e+07,7.07805e-08,0
78,357,84,130,2.92615e+07,7.26432e-08,0
79,353,79,124,2.88911e+07,7.35745e-08,0
81,352,71,122,2.81777e+07,7.54371e-08,0
83,432,66,115,2.74988e+07,7.72998e-08,0
84,336,64,134,2.71714e+07,7.82311e-08,0
86,353,90,135,2.65395e+07,8.00937e-08,0
88,396,84,132,2.59363e+07,8.19564e-08,0
90,369,72,123,2.536e+07,8.3819e-08,0
92,324,120,122,2.48087e+07,8.56817e-08,0
94,377,67,118,2.42808e+07,8.75443e-08,0
96,344,66,135,2.3775e+07,8.9407e-08,0
98,317,91,138,2.32898e+07,9.12696e-08,0
100,318,82,133,2.2824e+07,9.31323e-08,0
102,321,75,129,2.23764e+07,9.49949e-08,0
104,300,72,124,2.19461e+07,9.68575e-08,0
106,260,69,121,2.15321e+07,9.87202e-08,0
108,273,67,125,2.11333e+07,1.00583e-07,0
110,422,92,139,2.07491e+07,1.02445e-07,0
113,323,84,135,2.01982e+07,1.05239e-07,0
115,358,81,132,1.98469e+07,1.07102e-07,0
117,363,75,123,1.95077e+07,1.08965e-07,0
120,322,74,123,1.902e+07,1.11759e-07,0
122,259,68,130,1.87082e+07,1.13621e-07,0
125,292,91,140,1.82592e+07,1.16415e-07,0
128,365,87,134,1.78312e+07,1.19209e-07,0
130,303,77,133,1.75569e+07,1.21072e-07,0
133,410,75,128,1.71609e+07,1.23866e-07,0
136,386,71,120,1.67823e+07,1.2666e-07,0
139,291,66,130,1.64201e+07,1.29454e-07,0
142,357,92,139,1.60732e+07,1.32248e-07,0
145,302,87,136,1.57407e+07,1.35042e-07,0
148,368,86,136,1.54216e+07,1.37836e-07,0
151,386,75,130,1.51152e+07,1.4063e-07,0
154,263,72,129,1.48208e+07,1.43424e-07,0
157,460,73,134,1.45376e+07,1.46218e-07,0
160,262,91,140,1.4265e+07,1.49012e-07,0
164,304,87,139,1.39171e+07,1.52737e-07,0
167,289,83,134,1.36671e+07,1.55531e-07,0
171,338,76,135,1.33474e+07,1.59256e-07,0
174,333,73,128,1.31172e+07,1.6205e-07,0
178,294,71,139,1.28225e+07,1.65775e-07,0
182,366,91,139,1.25406e+07,1.69501e-07,0
185,303,89,139,1.23373e+07,1.72295e-07,0
189,281,86,133,1.20762e+07,1.7602e-07,0
193,323,79,128,1.18259e+07,1.79745e-07,0
197,323,77,128,1.15858e+07,1.83471e-07,0
201,302,76,142,1.13552e+07,1.87196e-07,0
206,338,88,139,1.10796e+07,1.91852e-07,0
210,282,85,133,1.08686e+07,1.95578e-07,0
214,274,85,131,1.06654e+07,1.99303e-07,0
219,336,87,134,1.04219e+07,2.0396e-07,0
223,288,80,133,1.0235e+07,2.07685e-07,0
228,282,78,145,1.00105e+07,2.12342e-07,0
233,286,90,138,9.7957e+06,2.16998e-07,0
238,303,86,138,9.58991e+06,2.21655e-07,0
243,326,88,134,9.39258e+06,2.26311e-07,0
248,339,88,135,9.20322e+06,2.30968e-07,0
253,288,72,133,9.02133e+06,2.35625e-07,0
258,401,90,144,8.8465e+06,2.40281e-07,0
264,334,89,137,8.64545e+06,2.45869e-07,0
269,291,88,144,8.48475e+06,2.50526e-07,0
275,281,86,133,8.29963e+06,2.56114e-07,0
281,323,82,137,8.12241e+06,2.61702e-07,0
287,320,82,147,7.95261e+06,2.6729e-07,0
293,307,93,140,7.78975e+06,2.72878e-07,0
299,293,89,138,7.63344e+06,2.78465e-07,0
305,327,87,138,7.48327e+06,2.84053e-07,0
311,294,87,135,7.3389e+06,2.89641e-07,0
318,327,83,132,7.17735e+06,2.96161e-07,0
325,307,84,152,7.02276e+06,3.0268e-07,0
331,318,91,139,6.89546e+06,3.08268e-07,0
338,290,88,135,6.75266e+06,3.14787e-07,0
345,370,86,138,6.61565e+06,3.21306e-07,0
353,281,87,139,6.46572e+06,3.28757e-07,0
360,363,82,149,6.33999e+06,3.35276e-07,0
368,297,90,142,6.20217e+06,3.42727e-07,0
375,273,140,141,6.08639e+06,3.49246e-07,0
383,319,87,137,5.95926e+06,3.56697e-07,0
391,309,90,138,5.83733e+06,3.64147e-07,0
399,307,86,136,5.72029e+06,3.71598e-07,0
408,311,92,142,5.59411e+06,3.7998e-07,0
416,290,88,139,5.48653e+06,3.8743e-07,0
425,279,88,139,5.37035e+06,3.95812e-07,0
434,298,87,140,5.25898e+06,4.04194e-07,0
443,287,87,136,5.15214e+06,4.12576e-07,0
452,288,82,149,5.04955e+06,4.20958e-07,0
462,315,89,141,4.94025e+06,4.30271e-07,0
472,308,91,138,4.83559e+06,4.39584e-07,0
482,277,91,142,4.73526e+06,4.48897e-07,0
492,282,92,141,4.63902e+06,4.58211e-07,0
502,298,84,148,4.54661e+06,4.67524e-07,0
512,321,94,143,4.45781e+06,4.76837e-07,0
523,301,93,144,4.36405e+06,4.87082e-07,0
534,320,91,137,4.27415e+06,4.97326e-07,0
545,306,88,137,4.18789e+06,5.07571e-07,0
557,299,88,152,4.09766e+06,5.18747e-07,0
569,320,91,142,4.01124e+06,5.29923e-07,0
581,272,94,142,3.9284e+06,5.41098e-07,0
593,291,91,146,3.8489e+06,5.52274e-07,0
605,271,89,141,3.77256e+06,5.6345e-07,0
618,296,88,151,3.6932e+06,5.75557e-07,0
631,314,91,144,3.61711e+06,5.87665e-07,0
644,296,92,144,3.5441e+06,5.99772e-07,0
658,280,95,141,3.46869e+06,6.1281e-07,0
671,293,93,139,3.40149e+06,6.24917e-07,0
686,305,92,142,3.32711e+06,6.38887e-07,0
700,289,92,143,3.26057e+06,6.51926e-07,0
715,311,91,141,3.19216e+06,6.65896e-07,0
730,295,93,145,3.12657e+06,6.79865e-07,0
745,288,92,158,3.06362e+06,6.93835e-07,0
761,301,93,147,2.99921e+06,7.08736e-07,0
777,289,93,142,2.93745e+06,7.23638e-07,0
793,298,93,143,2.87818e+06,7.38539e-07,0
810,291,95,141,2.81777e+06,7.54371e-07,0
827,279,96,154,2.75985e+06,7.70204e-07,0
844,304,92,142,2.70426e+06,7.86036e-07,0
862,299,94,147,2.64779e+06,8.028e-07,0
880,274,92,141,2.59363e+06,8.19564e-07,0
898,279,94,153,2.54165e+06,8.36328e-07,0
917,294,103,144,2.48898e+06,8.54023e-07,0
936,272,98,146,2.43846e+06,8.71718e-07,0
956,287,98,141,2.38745e+06,8.90344e-07,0
976,300,96,146,2.33852e+06,9.08971e-07,0
996,291,93,145,2.29156e+06,9.27597e-07,0
1017,281,96,153,2.24425e+06,9.47155e-07,0
1039,273,99,147,2.19673e+06,9.67644e-07,0
1061,298,96,144,2.15118e+06,9.88133e-07,0
1083,311,96,147,2.10748e+06,1.00862e-06,0
1106,291,93,194,2.06365e+06,1.03004e-06,0
1129,285,100,146,2.02161e+06,1.05146e-06,0
1153,266,93,144,1.97953e+06,1.07381e-06,0
1177,284,98,152,1.93917e+06,1.09617e-06,0
1201,297,104,148,1.90041e+06,1.11852e-06,0
1227,286,100,147,1.86014e+06,1.14273e-06,0
1252,296,97,147,1.823e+06,1.16602e-06,0
1279,291,101,151,1.78452e+06,1.19116e-06,0
1306,288,98,152,1.74762e+06,1.21631e-06,0
1333,275,97,152,1.71223e+06,1.24145e-06,0
1361,293,100,149,1.677e+06,1.26753e-06,0
1390,292,99,151,1.64201e+06,1.29454e-06,0
1419,278,106,148,1.60846e+06,1.32155e-06,0
1449,282,96,149,1.57515e+06,1.34949e-06,0
1479,294,100,157,1.5432e+06,1.37743e-06,0
1510,269,105,154,1.51152e+06,1.4063e-06,0
1542,272,97,152,1.48015e+06,1.4361e-06,0
1574,282,101,149,1.45006e+06,1.4659e-06,0
1607,282,105,152,1.42028e+06,1.49664e-06,0
1641,283,104,149,1.39086e+06,1.5283e-06,0
1676,271,104,153,1.36181e+06,1.5609e-06,0
1711,284,97,162,1.33396e+06,1.59349e-06,0
1747,280,103,156,1.30647e+06,1.62702e-06,0
1783,293,99,150,1.28009e+06,1.66055e-06,0
1821,285,106,152,1.25338e+06,1.69594e-06,0
1859,298,107,154,1.22776e+06,1.73133e-06,0
1898,293,108,153,1.20253e+06,1.76765e-06,0
1938,283,107,152,1.17771e+06,1.8049e-06,0
1979,302,103,154,1.15331e+06,1.84309e-06,0
2020,297,106,153,1.1299e+06,1.88127e-06,0
2063,283,106,154,1.10635e+06,1.92132e-06,0
2106,295,106,166,1.08376e+06,1.96137e-06,0
2150,279,111,154,1.06158e+06,2.00234e-06,0
2195,277,103,153,1.03982e+06,2.04425e-06,0
2242,288,109,160,1.01802e+06,2.08803e-06,0
2289,288,115,155,997116,2.1318e-06,0
2337,293,111,152,976636,2.1765e-06,0
2386,296,114,154,956579,2.22214e-06,0
2436,280,108,167,936945,2.2687e-06,0
2487,276,100,158,917731,2.3162e-06,0
2539,289,111,156,898936,2.36463e-06,0
2593,287,105,157,880215,2.41492e-06,0
2647,282,111,157,862258,2.46521e-06,0
2703,288,109,156,844394,2.51736e-06,0
2760,297,108,166,826956,2.57045e-06,0
2818,284,110,175,809935,2.62447e-06,0
2877,284,109,157,793326,2.67942e-06,0
2937,276,107,164,777119,2.73529e-06,0
2999,285,111,159,761053,2.79304e-06,0
3062,283,113,160,745394,2.85171e-06,0
3126,290,112,182,730134,2.91131e-06,0
3192,287,115,159,715037,2.97278e-06,0
3259,297,117,155,700337,3.03518e-06,0
3327,289,114,164,686023,3.09851e-06,0
3397,279,113,157,671886,3.1637e-06,0
3469,290,114,174,657941,3.23076e-06,0
3542,278,111,163,644381,3.29874e-06,0
3616,277,111,170,631194,3.36766e-06,0
3692,285,114,160,618201,3.43844e-06,0
3770,287,110,169,605411,3.51109e-06,0
3849,284,116,168,592985,3.58466e-06,0
3930,280,125,163,580763,3.6601e-06,0
4012,290,162,157,568893,3.73647e-06,0
4096,279,115,161,557226,3.8147e-06,0
4183,296,125,160,545637,3.89572e-06,0
4270,293,122,163,534519,3.97675e-06,0
4360,283,115,170,523486,4.06057e-06,0
4452,279,117,162,512668,4.14625e-06,0
4545,280,112,173,502178,4.23286e-06,0
4641,278,118,180,491790,4.32227e-06,0
4738,285,115,164,481722,4.41261e-06,0
4838,285,114,179,471765,4.50574e-06,0
4939,281,120,174,462117,4.5998e-06,0
5043,288,129,174,452587,4.69666e-06,0
5149,290,132,172,443270,4.79538e-06,0
5257,292,126,174,434164,4.89596e-06,0
5368,286,123,180,425186,4.99934e-06,0
5481,290,128,172,416420,5.10458e-06,0
5596,291,128,188,407862,5.21168e-06,0
5713,287,129,172,399509,5.32065e-06,0
5833,275,132,174,391291,5.4324e-06,0
5956,301,134,198,383210,5.54696e-06,0
6081,276,127,183,375333,5.66337e-06,0
6209,275,136,183,367595,5.78258e-06,0
6339,287,133,189,360056,5.90365e-06,0
6473,285,130,181,352603,6.02845e-06,0
6609,291,151,184,345347,6.15511e-06,0
6747,279,138,192,338283,6.28363e-06,0
6889,284,135,181,331310,6.41588e-06,0
7034,284,134,197,324481,6.55092e-06,0
7182,292,147,212,317794,6.68876e-06,0
7333,294,161,194,311250,6.82939e-06,0
7487,284,156,198,304848,6.97281e-06,0
7644,280,138,206,298587,7.11903e-06,0
7805,284,158,206,292428,7.26897e-06,0
7968,290,142,217,286445,7.42078e-06,0
8136,276,152,198,280531,7.57724e-06,0
8307,281,155,205,274756,7.7365e-06,0
8481,288,173,226,269119,7.89855e-06,0
8660,284,158,215,263556,8.06525e-06,0
8842,291,157,244,258131,8.23475e-06,0
9027,281,186,234,252841,8.40705e-06,0
9217,279,156,250,247629,8.584e-06,0
9411,294,193,229,242524,8.76468e-06,0
9608,293,173,238,237552,8.94815e-06,0
9810,284,161,228,232660,9.13627e-06,0
10016,301,187,243,227875,9.32813e-06,0
10227,262,390,447,223174,9.52464e-06,0
10442,241,358,402,218579,9.72487e-06,0
10661,230,325,351,214089,9.92883e-06,0
10885,224,298,364,209683,1.01374e-05,0
11114,223,332,356,205362,1.03507e-05,0
11347,217,362,359,201145,1.05677e-05,0
11586,221,319,387,196996,1.07903e-05,0
11829,213,328,393,192949,1.10166e-05,0
12078,216,343,353,188971,1.12485e-05,0
12331,213,315,353,185094,1.14841e-05,0
12591,211,322,333,181272,1.17263e-05,0
12855,217,314,327,177549,1.19722e-05,0
13125,224,326,308,173897,1.22236e-05,0
13401,212,305,343,170315,1.24807e-05,0
13683,210,310,335,166805,1.27433e-05,0
13970,213,303,343,163379,1.30106e-05,0
14264,208,334,355,160011,1.32844e-05,0
14563,209,316,347,156726,1.35629e-05,0
14869,211,313,362,153500,1.38478e-05,0
15182,212,325,368,150336,1.41393e-05,0
15501,209,313,355,147242,1.44364e-05,0
15826,217,313,356,144218,1.47391e-05,0
16159,215,320,346,141246,1.50492e-05,0
16498,213,336,349,138344,1.5365e-05,0
16845,215,303,360,135494,1.56881e-05,0
17199,207,299,341,132705,1.60178e-05,0
17560,217,339,365,129977,1.6354e-05,0
17929,209,318,360,127302,1.66977e-05,0
18306,212,298,351,124680,1.70488e-05,0
18691,209,305,341,122112,1.74074e-05,0
19083,207,318,351,119604,1.77724e-05,0
19484,207,313,349,117142,1.81459e-05,0
19894,207,325,334,114728,1.85277e-05,0
20312,206,302,345,112367,1.8917e-05,0
20739,206,302,349,110053,1.93147e-05,0
21174,205,583,346,107792,1.97198e-05,0
21619,209,323,353,105574,2.01343e-05,0
22074,206,311,327,103398,2.0558e-05,0
22537,208,301,365,101273,2.09892e-05,0
23011,205,322,372,99187.2,2.14307e-05,0
23494,211,282,379,97148.1,2.18805e-05,0
23988,209,315,355,95147.5,2.23406e-05,0
24492,209,325,370,93189.5,2.281e-05,0
25007,202,310,362,91270.4,2.32896e-05,0
25532,205,312,378,89393.6,2.37785e-05,0
26069,208,328,375,87552.2,2.42786e-05,0
26616,206,324,343,85752.8,2.47881e-05,0
27176,221,323,372,83985.8,2.53096e-05,0
27747,213,321,405,82257.5,2.58414e-05,0
28330,213,332,399,80564.7,2.63844e-05,0
28925,208,324,367,78907.4,2.69385e-05,0
29533,208,303,398,77283,2.75047e-05,0
30153,210,317,374,75693.9,2.80822e-05,0
30787,213,299,392,74135.1,2.86726e-05,0
31434,206,329,442,72609.2,2.92752e-05,0
32094,209,317,363,71116,2.98899e-05,0
32768,208,317,347,69653.2,3.05176e-05,0
33457,213,323,350,68218.8,3.11593e-05,0
34160,212,318,358,66814.9,3.1814e-05,0
34878,208,320,367,65439.5,3.24827e-05,0
35611,208,318,381,64092.5,3.31653e-05,0
36359,207,308,359,62773.9,3.3862e-05,0
37123,207,336,368,61482,3.45735e-05,0
37903,211,317,379,60216.8,3.52999e-05,0
38699,208,325,365,58978.2,3.60413e-05,0
39512,210,333,358,57764.7,3.67984e-05,0
40343,208,314,377,56574.8,3.75723e-05,0
41190,208,317,401,55411.5,3.83612e-05,0
42056,207,311,360,54270.4,3.91677e-05,0
42939,210,325,386,53154.4,3.99901e-05,0
43842,206,320,377,52059.6,4.0831e-05,0
44763,208,320,380,50988.5,4.16888e-05,0
45703,209,346,357,49939.8,4.25642e-05,0
46664,209,339,378,48911.3,4.34592e-05,0
47644,207,312,397,47905.2,4.43719e-05,0
48645,211,322,371,46919.5,4.53042e-05,0
49668,212,327,387,45953.1,4.62569e-05,0
50711,207,321,393,45007.9,4.72283e-05,0
51777,210,345,413,44081.3,4.82211e-05,0
52865,208,352,396,43174.1,4.92344e-05,0
53975,208,352,392,42286.2,5.02681e-05,0
55109,208,335,408,41416.1,5.13243e-05,0
56267,213,332,404,40563.7,5.24027e-05,0
57450,208,339,386,39728.4,5.35045e-05,0
58657,210,368,401,38910.9,5.46286e-05,0
59889,209,330,439,38110.5,5.5776e-05,0
61148,209,350,441,37325.8,5.69485e-05,0
62433,211,341,395,36557.6,5.81453e-05,0
63744,212,328,416,35805.7,5.93662e-05,0
65084,208,353,389,35068.5,6.06142e-05,0
66451,214,345,391,34347.1,6.18873e-05,0
67848,208,332,449,33639.9,6.31884e-05,0
69273,213,350,405,32947.9,6.45155e-05,0
70729,212,350,393,32269.6,6.58715e-05,0
72215,217,321,392,31605.6,6.72555e-05,0
73732,208,347,445,30955.3,6.86683e-05,0
75282,208,334,405,30318,7.01118e-05,0
76863,209,362,416,29694.4,7.15842e-05,0
78478,210,336,407,29083.3,7.30883e-05,0
80127,209,346,407,28484.8,7.46241e-05,0
81811,207,361,438,27898.4,7.61924e-05,0
83530,216,353,437,27324.3,7.77934e-05,0
85285,212,337,421,26762,7.94278e-05,0
87077,210,346,455,26211.3,8.10968e-05,0
88907,209,330,414,25671.7,8.28011e-05,0
90775,208,367,420,25143.5,8.45408e-05,0
92682,209,337,413,24626.1,8.63168e-05,0
94630,210,359,436,24119.2,8.81311e-05,0
96618,210,345,486,23622.9,8.99825e-05,0
98648,212,343,428,23136.8,9.18731e-05,0
100721,211,374,436,22660.6,9.38037e-05,0
102838,209,371,416,22194.1,9.57754e-05,0
104998,209,345,426,21737.5,9.7787e-05,0
107205,210,363,443,21290,9.98424e-05,0
109457,208,378,444,20852,0.00010194,0
111757,208,350,455,20422.9,0.000104082,0
114105,209,351,441,20002.6,0.000106269,0
116503,210,347,434,19590.9,0.000108502,0
118951,208,360,480,19187.7,0.000110782,0
121450,208,363,437,18792.9,0.000113109,0
124002,209,363,436,18406.1,0.000115486,0
126608,210,384,409,18027.3,0.000117913,0
129268,207,395,452,17656.3,0.00012039,0
131984,210,386,445,17293,0.00012292,0
134757,211,388,454,16937.1,0.000125502,0
137589,208,390,461,16588.5,0.00012814,0
140480,209,373,490,16247.1,0.000130832,0
143432,218,374,461,15912.8,0.000133581,0
146446,209,387,429,15585.3,0.000136388,0
149523,211,365,498,15264.5,0.000139254,0
152664,209,413,468,14950.5,0.000142179,0
155872,210,388,469,14642.8,0.000145167,0
159147,209,388,504,14341.4,0.000148217,0
162491,209,392,471,14046.3,0.000151332,0
165906,208,377,501,13757.2,0.000154512,0
169392,210,402,454,13474.1,0.000157759,0
172951,210,381,478,13196.8,0.000161073,0
176585,209,390,461,12925.2,0.000164458,0
180296,209,404,478,12659.2,0.000167914,0
184084,210,392,497,12398.7,0.000171442,0
187952,208,408,481,12143.5,0.000175044,0
191901,210,392,476,11893.6,0.000178722,0
195933,211,372,520,11648.9,0.000182477,0
200050,210,391,479,11409.1,0.000186311,0
204254,211,376,470,11174.3,0.000190226,0
208546,210,391,514,10944.3,0.000194224,0
212928,210,401,501,10719.1,0.000198305,0
217402,212,383,507,10498.5,0.000202471,0
221970,208,428,481,10282.5,0.000206726,0
226634,211,385,491,10070.9,0.000211069,0
231396,212,407,574,9863.6,0.000215504,0
236258,210,401,522,9660.62,0.000220032,0
241222,210,397,503,9461.81,0.000224655,0
246291,210,444,510,9267.08,0.000229376,0
251466,210,448,522,9076.37,0.000234196,0
256750,209,415,539,8889.57,0.000239117,0
262144,210,443,542,8706.66,0.000244141,0
267653,210,418,558,8527.45,0.000249271,0
273277,209,450,540,8351.96,0.000254509,0
279019,209,427,510,8180.08,0.000259857,0
284882,209,393,513,8011.73,0.000265317,0
290867,209,461,532,7846.88,0.000270891,0
296979,210,478,540,7685.38,0.000276583,0
303219,209,426,516,7527.23,0.000282395,0
309591,209,453,542,7372.3,0.000288329,0
316096,210,409,530,7220.58,0.000294387,0
322738,210,419,555,7071.98,0.000300573,0
329519,210,420,566,6926.45,0.000306888,0
336443,211,438,563,6783.91,0.000313337,0
343512,209,438,574,6644.3,0.00031992,0
350730,209,421,561,6507.56,0.000326643,0
358100,210,459,539,6373.63,0.000333507,0
365624,210,438,568,6242.47,0.000340514,0
373307,211,443,600,6114,0.000347669,0
381151,211,443,575,5988.17,0.000354975,0
389159,210,446,544,5864.95,0.000362433,0
397337,210,452,540,5744.24,0.000370049,0
405685,211,529,565,5626.03,0.000377824,0
414210,209,499,545,5510.24,0.000385763,0
422913,210,446,601,5396.85,0.000393868,0
431799,211,462,520,5285.79,0.000402144,0
440872,210,470,566,5177.01,0.000410594,0
450136,215,469,658,5070.46,0.000419222,0
459594,212,476,581,4966.12,0.00042803,0
469251,208,465,578,4863.92,0.000437024,0
479111,212,448,587,4763.82,0.000446207,0
489179,213,462,613,4665.77,0.000455583,0
499457,213,488,604,4569.76,0.000465156,0
509952,210,500,588,4475.71,0.00047493,0
520667,210,495,608,4383.6,0.000484909,0
531607,211,464,596,4293.39,0.000495098,0
542777,212,482,611,4205.04,0.0005055,0
554182,210,465,592,4118.5,0.000516122,0
565827,210,498,562,4033.74,0.000526967,0
577716,214,495,606,3950.73,0.00053804,0
589855,211,472,595,3869.42,0.000549345,0
602249,209,472,615,3789.79,0.000560888,0
614904,214,514,632,3711.8,0.000572674,0
627824,217,534,627,3635.41,0.000584707,0
641016,210,470,627,3560.59,0.000596993,0
654485,212,488,652,3487.32,0.000609537,0
668237,211,490,633,3415.55,0.000622344,0
682278,216,501,616,3345.26,0.000635421,0
696615,214,514,610,3276.41,0.000648773,0
711252,214,512,727,3208.99,0.000662405,0
726197,218,511,671,3142.95,0.000676324,0
741456,212,483,618,3078.26,0.000690535,0
757035,212,498,658,3014.92,0.000705044,0
772942,209,493,600,2952.87,0.000719858,0
789183,213,502,635,2892.1,0.000734984,0
805766,211,519,651,2832.58,0.000750428,0
822697,209,501,610,2774.29,0.000766196,0
839983,211,506,642,2717.2,0.000782295,0
857633,209,488,636,2661.28,0.000798733,0
875654,208,510,645,2606.51,0.000815516,0
894053,209,503,623,2552.87,0.000832652,0
912839,209,499,625,2500.33,0.000850148,0
932020,214,493,627,2448.87,0.000868011,0
951603,209,508,622,2398.48,0.000886249,0
971599,213,506,651,2349.11,0.000904872,0
992014,212,514,626,2300.77,0.000923885,0
1.01286e+06,209,502,640,2253.42,0.000943298,0
1.03414e+06,209,512,669,2207.05,0.000963118,0
1.05587e+06,209,475,654,2161.63,0.000983356,0
1.07806e+06,209,505,630,2117.14,0.00100402,0
1.10071e+06,209,509,632,2073.57,0.00102511,0
1.12384e+06,213,497,692,2030.9,0.00104665,0
1.14745e+06,211,689,636,1989.1,0.00106865,0
1.17156e+06,209,487,631,1948.17,0.0010911,0
1.19618e+06,209,518,650,1908.08,0.00111403,0
1.22131e+06,209,507,629,1868.81,0.00113744,0
1.24698e+06,211,496,655,1830.35,0.00116134,0
1.27318e+06,209,533,661,1792.68,0.00118574,0
1.29993e+06,209,505,646,1755.79,0.00121065,0
1.32724e+06,209,502,629,1719.65,0.00123609,0
1.35513e+06,214,514,674,1684.26,0.00126206,0
1.3836e+06,211,514,627,1649.6,0.00128858,0
1.41268e+06,209,511,646,1615.65,0.00131566,0
1.44236e+06,212,517,642,1582.4,0.0013433,0
1.47267e+06,210,534,657,1549.84,0.00137153,0
1.50361e+06,224,509,689,1517.94,0.00140035,0
1.53521e+06,215,512,667,1486.7,0.00142977,0
1.56746e+06,216,554,686,1456.11,0.00145981,0
1.6004e+06,214,529,689,1426.14,0.00149049,0
1.63403e+06,216,534,692,1396.79,0.00152181,0
1.66836e+06,216,543,668,1368.05,0.00155378,0
1.70342e+06,213,530,648,1339.89,0.00158643,0
1.73921e+06,212,515,674,1312.32,0.00161977,0
1.77575e+06,211,505,674,1285.31,0.0016538,0
1.81307e+06,213,549,705,1258.86,0.00168855,0
1.85116e+06,212,505,691,1232.95,0.00172403,0
1.89006e+06,210,517,685,1207.58,0.00176026,0
1.92977e+06,210,528,666,1182.73,0.00179724,0
1.97032e+06,213,509,629,1158.39,0.00183501,0
2.01172e+06,210,522,663,1134.55,0.00187356,0
2.05399e+06,213,540,659,1111.2,0.00191293,0
2.09715e+06,220,613,701,1088.33,0.00195312,0
2.14122e+06,230,592,751,1065.93,0.00199416,0
2.18621e+06,224,554,707,1044,0.00203607,0
2.23215e+06,211,539,654,1022.51,0.00207885,0
2.27905e+06,211,523,688,1001.47,0.00212253,0
2.32694e+06,211,528,688,980.86,0.00216713,0
2.37583e+06,210,549,649,960.674,0.00221266,0
2.42575e+06,211,532,652,940.904,0.00225916,0
2.47672e+06,212,547,665,921.54,0.00230663,0
2.52876e+06,222,551,691,902.575,0.00235509,0
2.5819e+06,222,532,693,884,0.00240458,0
2.63615e+06,209,544,673,865.808,0.00245511,0
2.69154e+06,209,553,692,847.99,0.00250669,0
2.7481e+06,210,550,668,830.538,0.00255936,0
2.80584e+06,210,526,694,813.446,0.00261314,0
2.8648e+06,212,563,667,796.705,0.00266805,0
2.92499e+06,214,559,696,780.31,0.00272411,0
2.98645e+06,211,541,677,764.251,0.00278135,0
3.0492e+06,211,567,694,748.523,0.00283979,0
3.11327e+06,211,533,687,733.119,0.00289946,0
3.17869e+06,211,541,649,718.031,0.00296038,0
3.24548e+06,210,528,695,703.254,0.00302259,0
3.31367e+06,211,539,666,688.782,0.0030861,0
3.3833e+06,212,544,687,674.607,0.00315094,0
3.45439e+06,210,547,662,660.723,0.00321715,0
3.52698e+06,211,556,680,647.126,0.00328475,0
3.60108e+06,210,537,678,633.808,0.00335377,0
3.67675e+06,212,545,674,620.765,0.00342424,0
3.75401e+06,210,535,695,607.99,0.00349619,0
3.83289e+06,210,519,671,595.477,0.00356965,0
3.91342e+06,209,552,658,583.223,0.00364466,0
3.99565e+06,211,551,660,571.22,0.00372124,0
4.07961e+06,210,542,657,559.465,0.00379943,0
4.16533e+06,210,538,677,547.951,0.00387927,0
4.25286e+06,211,558,688,536.674,0.00396078,0
4.34222e+06,209,547,678,525.63,0.004044,0
4.43346e+06,217,538,686,514.812,0.00412898,0
4.52661e+06,210,521,677,504.218,0.00421574,0
4.62173e+06,211,537,672,493.841,0.00430432,0
4.71884e+06,209,528,705,483.678,0.00439476,0
4.81799e+06,211,541,657,473.724,0.0044871,0
4.91923e+06,210,527,652,463.975,0.00458139,0
5.02259e+06,210,539,677,454.426,0.00467765,0
5.12813e+06,209,538,695,445.074,0.00477594,0
5.23588e+06,211,562,702,435.915,0.00487629,0
5.3459e+06,211,570,677,426.944,0.00497875,0
5.45822e+06,211,528,687,418.158,0.00508337,0
5.57291e+06,209,535,663,409.552,0.00519018,0
5.69001e+06,210,672,678,401.124,0.00529924,0
5.80957e+06,213,555,712,392.869,0.00541058,0
5.93164e+06,210,541,704,384.783,0.00552427,0
6.05628e+06,213,538,694,376.865,0.00564035,0
6.18353e+06,211,549,696,369.109,0.00575886,0
6.31346e+06,210,565,686,361.513,0.00587987,0
6.44612e+06,211,555,680,354.073,0.00600342,0
6.58157e+06,211,557,660,346.786,0.00612956,0
6.71986e+06,212,556,702,339.649,0.00625836,0
6.86106e+06,212,552,719,332.66,0.00638986,0
7.00523e+06,213,531,663,325.814,0.00652413,0
7.15242e+06,211,567,708,319.108,0.00666121,0
7.30271e+06,212,559,668,312.541,0.00680118,0
7.45615e+06,212,544,687,306.109,0.00694408,0
7.61282e+06,212,547,701,299.81,0.00708999,0
7.77278e+06,211,545,679,293.64,0.00723897,0
7.93611e+06,212,538,696,287.597,0.00739108,0
8.10286e+06,211,535,685,281.678,0.00754638,0
8.27312e+06,213,526,724,275.881,0.00770494,0
8.44696e+06,213,551,701,270.204,0.00786684,0
8.62444e+06,212,542,682,264.643,0.00803214,0
8.80566e+06,213,542,699,259.197,0.00820091,0
8.99069e+06,214,567,664,253.862,0.00837323,0
9.1796e+06,214,555,678,248.638,0.00854917,0
9.37248e+06,214,575,689,243.521,0.00872881,0
9.56942e+06,215,534,690,238.51,0.00891222,0
9.77049e+06,216,539,712,233.601,0.00909948,0
9.97579e+06,216,559,698,228.794,0.00929068,0
1.01854e+07,214,538,691,224.085,0.0094859,0
1.03994e+07,214,575,751,219.474,0.00968522,0
1.06179e+07,219,572,704,214.957,0.00988872,0
1.0841e+07,214,570,686,210.533,0.0100965,0
1.10688e+07,214,559,673,206.2,0.0103087,0
1.13014e+07,214,538,703,201.957,0.0105253,0
1.15389e+07,216,528,720,197.801,0.0107464,0
1.17813e+07,214,548,690,193.73,0.0109722,0
1.20289e+07,215,552,700,189.743,0.0112028,0
1.22816e+07,216,555,693,185.838,0.0114382,0
1.25397e+07,216,560,693,182.014,0.0116785,0
1.28032e+07,216,561,706,178.268,0.0119239,0
1.30722e+07,216,543,683,174.599,0.0121744,0
1.33469e+07,217,565,719,171.006,0.0124303,0
1.36273e+07,217,578,686,167.487,0.0126914,0
1.39137e+07,216,560,699,164.04,0.0129581,0
1.4206e+07,217,547,716,160.664,0.0132304,0
1.45045e+07,217,517,677,157.358,0.0135084,0
1.48093e+07,218,573,695,154.119,0.0137922,0
1.51205e+07,221,550,693,150.947,0.014082,0
1.54382e+07,220,549,706,147.841,0.0143779,0
1.57626e+07,220,566,690,144.799,0.01468,0
1.60938e+07,219,557,697,141.819,0.0149885,0
1.64319e+07,220,547,691,138.9,0.0153034,0
1.67772e+07,221,606,740,136.042,0.015625,0
1.71297e+07,222,536,709,133.242,0.0159533,0
1.74897e+07,222,536,692,130.5,0.0162885,0
1.78572e+07,223,536,715,127.814,0.0166308,0
1.82324e+07,223,559,690,125.184,0.0169802,0
1.86155e+07,229,578,718,122.607,0.017337,0
1.90066e+07,228,574,711,120.084,0.0177013,0
1.9406e+07,226,548,702,117.613,0.0180733,0
1.98138e+07,227,582,724,115.193,0.018453,0
2.02301e+07,227,569,714,112.822,0.0188407,0
2.06552e+07,228,597,808,110.5,0.0192366,0
2.10892e+07,229,581,700,108.226,0.0196408,0
2.15323e+07,231,573,750,105.999,0.0200535,0
2.19848e+07,234,551,682,103.817,0.0204749,0
2.24467e+07,235,544,694,101.681,0.0209051,0
2.29184e+07,233,547,707,99.5882,0.0213444,0
2.33999e+07,234,583,687,97.5387,0.0217929,0
2.38916e+07,237,597,677,95.5314,0.0222508,0
2.43936e+07,240,571,681,93.5654,0.0227183,0
2.49062e+07,243,605,719,91.6398,0.0231957,0
2.54295e+07,244,566,732,89.7539,0.0236831,0
2.59638e+07,246,569,747,87.9068,0.0241807,0
2.65094e+07,246,588,754,86.0977,0.0246888,0
2.70664e+07,245,589,746,84.3258,0.0252076,0
2.76351e+07,253,593,738,82.5904,0.0257372,0
2.82158e+07,252,582,754,80.8908,0.026278,0
2.88087e+07,253,586,729,79.2261,0.0268302,0
2.9414e+07,256,611,753,77.5956,0.0273939,0
3.00321e+07,256,614,808,75.9987,0.0279695,0
3.06631e+07,261,601,764,74.4347,0.0285572,0
3.13074e+07,261,623,748,72.9028,0.0291573,0
3.19652e+07,264,617,769,71.4025,0.0297699,0
3.26369e+07,263,606,773,69.9331,0.0303955,0
3.33227e+07,266,611,826,68.4939,0.0310341,0
3.40228e+07,267,618,800,67.0843,0.0316862,0
3.47377e+07,266,590,791,65.7037,0.032352,0
3.54676e+07,266,612,744,64.3516,0.0330318,0
3.62129e+07,266,637,722,63.0272,0.0337259,0
3.69738e+07,271,634,790,61.7301,0.0344345,0
3.77507e+07,272,624,748,60.4597,0.0351581,0
3.85439e+07,272,591,757,59.2155,0.0358968,0
3.93538e+07,275,581,782,57.9969,0.0366511,0
4.01807e+07,273,589,771,56.8033,0.0374212,0
4.1025e+07,276,626,819,55.6343,0.0382075,0
4.1887e+07,276,654,791,54.4894,0.0390103,0
4.27672e+07,278,622,788,53.368,0.03983,0
4.36658e+07,278,631,764,52.2697,0.0406669,0
4.45833e+07,278,622,824,51.194,0.0415214,0
4.55201e+07,280,627,800,50.1404,0.0423939,0
4.64766e+07,279,604,759,49.1086,0.0432847,0
4.74531e+07,280,604,788,48.0979,0.0441942,0
4.84502e+07,282,625,813,47.1081,0.0451228,0
4.94683e+07,283,601,883,46.1386,0.0460709,0
5.05077e+07,285,615,776,45.1891,0.047039,0
5.1569e+07,284,638,806,44.2591,0.0480273,0
5.26525e+07,284,589,841,43.3483,0.0490365,0
5.37589e+07,286,622,751,42.4562,0.0500669,0
5.48885e+07,289,612,890,41.5825,0.0511189,0
5.60418e+07,288,686,759,40.7267,0.052193,0
5.72194e+07,289,616,793,39.8886,0.0532897,0
5.84217e+07,290,644,809,39.0677,0.0544094,0
5.96492e+07,291,617,787,38.2637,0.0555527,0
6.09026e+07,292,641,786,37.4762,0.0567199,0
6.21823e+07,290,631,823,36.705,0.0579118,0
6.34889e+07,291,641,804,35.9496,0.0591286,0
6.48229e+07,294,610,804,35.2097,0.060371,0
6.6185e+07,294,613,813,34.4851,0.0616395,0
6.75756e+07,294,672,803,33.7754,0.0629347,0
6.89956e+07,296,638,822,33.0804,0.0642571,0
7.04453e+07,298,643,951,32.3996,0.0656073,0
7.19255e+07,299,663,816,31.7328,0.0669858,0
7.34368e+07,299,709,812,31.0798,0.0683934,0
7.49799e+07,299,621,820,30.4401,0.0698304,0
7.65554e+07,299,653,799,29.8137,0.0712977,0
7.81639e+07,301,609,865,29.2001,0.0727958,0
7.98063e+07,302,654,829,28.5992,0.0743254,0
8.14832e+07,303,663,792,28.0106,0.0758872,0
8.31954e+07,305,637,837,27.4342,0.0774817,0
8.49435e+07,304,619,799,26.8696,0.0791098,0
8.67283e+07,306,658,827,26.3166,0.0807721,0
8.85507e+07,307,651,806,25.775,0.0824692,0
9.04113e+07,307,645,963,25.2446,0.0842021,0
9.2311e+07,310,640,817,24.7251,0.0859714,0
9.42507e+07,312,724,811,24.2162,0.0877778,0
9.62311e+07,319,662,869,23.7179,0.0896222,0
9.82531e+07,314,653,814,23.2298,0.0915054,0
1.00318e+08,314,659,854,22.7517,0.0934281,0
1.02426e+08,316,671,849,22.2835,0.0953912,0
1.04578e+08,316,651,807,21.8249,0.0973956,0
1.06775e+08,317,679,856,21.3757,0.0994421,0
1.09019e+08,319,664,816,20.9358,0.101532,0
1.11309e+08,321,697,829,20.505,0.103665,0
1.13648e+08,322,702,820,20.083,0.105843,0
1.16036e+08,323,639,833,19.6697,0.108067,0
1.18474e+08,324,667,852,19.2649,0.110338,0
1.20964e+08,326,653,871,18.8684,0.112656,0
1.23505e+08,327,674,856,18.4801,0.115023,0
1.26101e+08,329,703,883,18.0998,0.11744,0
1.2875e+08,330,681,861,17.7273,0.119908,0
1.31456e+08,332,674,817,17.3625,0.122428,0
1.34218e+08,333,714,907,17.0052,0.125,0
1.37038e+08,335,623,858,16.6552,0.127627,0
1.39917e+08,336,715,856,16.3125,0.130308,0
1.42857e+08,339,645,846,15.9768,0.133046,0
1.45859e+08,339,680,848,15.648,0.135842,0
1.48924e+08,342,662,886,15.3259,0.138696,0
1.52053e+08,343,656,843,15.0105,0.14161,0
1.55248e+08,344,696,799,14.7016,0.144586,0
1.5851e+08,345,697,810,14.3991,0.147624,0
1.61841e+08,348,733,856,14.1027,0.150726,0
1.65241e+08,348,706,940,13.8125,0.153893,0
1.68713e+08,351,713,906,13.5282,0.157127,0
1.72259e+08,353,679,860,13.2498,0.160428,0
1.75878e+08,354,679,868,12.9772,0.163799,0
1.79574e+08,357,651,909,12.7101,0.167241,0
1.83347e+08,366,759,936,12.4485,0.170755,0
1.87199e+08,363,654,954,12.1923,0.174343,0
1.91133e+08,363,635,899,11.9414,0.178006,0
1.95149e+08,365,653,874,11.6957,0.181747,0
1.99249e+08,367,723,846,11.455,0.185565,0
2.03436e+08,370,766,882,11.2192,0.189465,0
2.07711e+08,372,661,912,10.9884,0.193446,0
2.12075e+08,373,752,880,10.7622,0.19751,0
2.16531e+08,387,744,942,10.5407,0.20166,0
2.21081e+08,385,724,918,10.3238,0.205898,0
2.25726e+08,382,718,903,10.1113,0.210224,0
2.30469e+08,392,731,956,9.90326,0.214641,0
2.35312e+08,408,759,948,9.69945,0.219151,0
2.40256e+08,399,758,926,9.49984,0.223756,0
2.45305e+08,392,793,951,9.30434,0.228458,0
2.50459e+08,394,700,933,9.11285,0.233258,0
2.55722e+08,396,799,955,8.92531,0.23816,0
2.61095e+08,402,718,952,8.74163,0.243164,0
2.66581e+08,405,753,920,8.56173,0.248273,0
2.72183e+08,404,760,862,8.38554,0.25349,0
2.77902e+08,407,745,974,8.21296,0.258816,0
2.83741e+08,410,796,1020,8.04394,0.264255,0
2.89703e+08,412,772,899,7.8784,0.269807,0
2.9579e+08,417,738,913,7.71627,0.275476,0
3.02006e+08,421,727,971,7.55747,0.281265,0
3.08351e+08,422,747,949,7.40194,0.287175,0
3.1483e+08,424,686,986,7.24961,0.293209,0
3.21446e+08,427,818,914,7.10041,0.29937,0
3.282e+08,432,807,963,6.95429,0.30566,0
3.35096e+08,435,762,954,6.81117,0.312083,0
3.42137e+08,437,841,1026,6.671,0.31864,0
3.49326e+08,442,733,969,6.53371,0.325335,0
3.56666e+08,445,700,1028,6.39925,0.332171,0
3.64161e+08,476,781,1126,6.26756,0.339151,0
3.71812e+08,460,754,930,6.13857,0.346277,0
3.79625e+08,456,783,1045,6.01224,0.353553,0
3.87602e+08,459,751,1013,5.88851,0.360982,0
3.95746e+08,463,870,1002,5.76733,0.368567,0
4.04062e+08,467,747,1007,5.64864,0.376312,0
4.12552e+08,488,890,1112,5.53239,0.384219,0
4.2122e+08,497,762,1049,5.41854,0.392292,0
4.30071e+08,481,921,967,5.30702,0.400535,0
4.39108e+08,484,797,1010,5.19781,0.408951,0
4.48334e+08,488,875,1025,5.09084,0.417544,0
4.57755e+08,492,832,1045,4.98607,0.426317,0
4.67373e+08,501,819,1053,4.88346,0.435275,0
4.77194e+08,502,846,1010,4.78296,0.444421,0
4.87221e+08,505,844,1093,4.68453,0.45376,0
4.97458e+08,511,862,1044,4.58812,0.463294,0
5.07911e+08,518,975,1085,4.4937,0.473029,0
5.18583e+08,527,709,1032,4.40122,0.482968,0
5.2948e+08,528,840,1057,4.31064,0.493116,0
5.40605e+08,538,917,1006,4.22193,0.503478,0
5.51964e+08,542,793,1051,4.13505,0.514057,0
5.63562e+08,545,821,1153,4.04995,0.524858,0
5.75404e+08,551,859,1054,3.9666,0.535887,0
5.87494e+08,558,871,1222,3.88497,0.547147,0
5.99839e+08,564,864,1103,3.80502,0.558644,0
6.12443e+08,569,815,1081,3.72671,0.570382,0
6.25312e+08,577,881,1115,3.65002,0.582367,0
6.38451e+08,585,888,1156,3.5749,0.594604,0
6.51866e+08,593,866,1184,3.50133,0.607097,0
6.65563e+08,601,969,1240,3.42927,0.619854,0
6.79548e+08,609,934,1165,3.3587,0.632878,0
6.93827e+08,617,969,1194,3.28958,0.646176,0
7.08405e+08,626,963,1123,3.22188,0.659754,0
7.23291e+08,635,910,1327,3.15558,0.673617,0
7.38488e+08,649,909,1249,3.09063,0.687771,0
7.54006e+08,670,951,1105,3.02703,0.702222,0
7.69849e+08,666,888,1213,2.96473,0.716978,0
7.86025e+08,679,1013,1178,2.90372,0.732043,0
8.02541e+08,693,1024,1357,2.84396,0.747425,0
8.19404e+08,705,883,1306,2.78544,0.76313,0
8.36622e+08,718,987,1192,2.72811,0.779165,0
8.54201e+08,734,1024,1335,2.67197,0.795536,0
8.72149e+08,775,1022,1337,2.61698,0.812252,0
8.90475e+08,772,902,1486,2.56312,0.82932,0
9.09186e+08,810,989,1668,2.51038,0.846745,0
9.2829e+08,835,1147,1662,2.45871,0.864537,0
9.47795e+08,863,997,1865,2.40811,0.882703,0
9.6771e+08,914,1050,2469,2.35855,0.90125,0
