num_entries,ops/sec
2,7.54781e+06
3,7.65389e+06
4,8.08448e+06
5,7.41874e+06
6,7.59886e+06
7,6.76796e+06
8,7.02673e+06
9,7.34417e+06
10,6.67006e+06
11,6.77742e+06
12,6.26851e+06
13,7.45101e+06
14,6.41957e+06
15,6.54525e+06
16,6.96342e+06
17,6.08032e+06
18,6.639e+06
19,6.14444e+06
20,6.15617e+06
21,6.45474e+06
22,6.37781e+06
23,6.28871e+06
24,6.12726e+06
25,6.20506e+06
26,6.19655e+06
27,6.16965e+06
28,6.10482e+06
29,6.38055e+06
30,5.91782e+06
31,6.31403e+06
32,5.93886e+06
33,6.45042e+06
34,5.78825e+06
35,6.15016e+06
36,5.56235e+06
37,5.67247e+06
38,6.12966e+06
39,5.84902e+06
40,6.09872e+06
41,5.48934e+06
42,6.09185e+06
43,5.60106e+06
44,5.86786e+06
45,5.6863e+06
46,5.37743e+06
47,5.82619e+06
48,5.16796e+06
49,5.86824e+06
50,5.24972e+06
51,5.91891e+06
52,5.54508e+06
54,5.7402e+06
55,5.61541e+06
56,5.40263e+06
57,5.88499e+06
58,5.36833e+06
59,5.61707e+06
61,5.39411e+06
62,5.33967e+06
63,5.51785e+06
64,5.59675e+06
66,5.2017e+06
67,5.48077e+06
69,5.26195e+06
70,5.39611e+06
72,5.06361e+06
73,5.41675e+06
75,5.50089e+06
76,5.23855e+06
78,5.53269e+06
79,4.97577e+06
81,5.24284e+06
83,5.38771e+06
84,4.9351e+06
86,5.40398e+06
88,5.23485e+06
90,5.26988e+06
92,5.2222e+06
94,5.11493e+06
96,5.43002e+06
98,4.94199e+06
100,5.2426e+06
102,5.02099e+06
104,5.34534e+06
106,5.05526e+06
108,5.00244e+06
110,4.92223e+06
113,5.004e+06
115,5.22497e+06
117,5.05318e+06
120,5.18736e+06
122,4.7727e+06
125,4.94361e+06
128,5.27155e+06
130,4.72464e+06
133,4.98092e+06
136,4.74704e+06
139,5.38684e+06
142,4.64465e+06
145,4.81246e+06
148,4.97447e+06
151,4.7565e+06
154,5.20772e+06
157,4.65712e+06
160,4.85093e+06
164,4.94915e+06
167,4.97816e+06
171,4.90921e+06
174,4.66802e+06
178,5.06579e+06
182,4.36036e+06
185,4.64121e+06
189,5.09863e+06
193,4.61441e+06
197,4.93258e+06
201,4.69966e+06
206,4.59931e+06
210,4.80091e+06
214,4.3492e+06
219,4.39129e+06
223,4.54706e+06
228,4.36203e+06
233,5.0324e+06
238,4.38957e+06
243,4.41557e+06
248,4.53307e+06
253,4.45792e+06
258,4.56462e+06
264,4.24237e+06
269,4.43127e+06
275,4.49347e+06
281,4.28064e+06
287,4.46463e+06
293,4.21874e+06
299,4.5107e+06
305,4.54938e+06
311,4.19511e+06
318,4.19144e+06
325,4.34367e+06
331,4.16443e+06
338,4.49221e+06
345,4.18128e+06
353,4.06038e+06
360,4.34395e+06
368,4.28011e+06
375,4.4204e+06
383,4.09584e+06
391,4.2348e+06
399,4.40284e+06
408,4.37197e+06
416,4.18912e+06
425,4.18914e+06
434,4.35137e+06
443,3.90929e+06
452,4.45772e+06
462,4.29869e+06
472,4.23175e+06
482,3.95542e+06
492,4.01766e+06
502,4.05351e+06
512,4.02927e+06
523,4.11633e+06
534,4.04711e+06
545,4.12316e+06
557,4.13469e+06
569,4.0269e+06
581,4.2789e+06
593,3.86154e+06
605,3.94479e+06
618,4.33039e+06
631,3.77446e+06
644,4.03244e+06
658,4.1321e+06
671,3.94013e+06
686,4.0335e+06
700,3.85797e+06
715,3.88842e+06
730,3.98845e+06
745,3.80702e+06
761,3.85897e+06
777,4.04996e+06
793,3.74893e+06
810,4.08111e+06
827,3.79095e+06
844,3.94438e+06
862,4.13625e+06
880,3.7654e+06
898,3.79676e+06
917,3.89007e+06
936,3.82422e+06
956,3.79735e+06
976,3.91637e+06
996,3.84945e+06
1017,3.71493e+06
1039,3.80438e+06
1061,3.77423e+06
1083,3.84017e+06
1106,3.74534e+06
1129,3.83393e+06
1153,3.95622e+06
1177,3.76563e+06
1201,3.98655e+06
1227,3.83452e+06
1252,3.65283e+06
1279,3.67426e+06
1306,3.71877e+06
1333,3.56902e+06
1361,3.79359e+06
1390,3.50123e+06
1419,3.55603e+06
1449,4.05632e+06
1479,3.72729e+06
1510,3.65485e+06
1542,3.86389e+06
1574,3.67308e+06
1607,3.65691e+06
1641,3.58711e+06
1676,3.52883e+06
1711,3.61517e+06
1747,3.45565e+06
1783,3.70501e+06
1821,3.55741e+06
1859,3.63964e+06
1898,3.69758e+06
1938,3.66983e+06
1979,3.40556e+06
2020,3.33682e+06
2063,3.57286e+06
2106,3.37083e+06
2150,3.48886e+06
2195,3.481e+06
2242,3.54802e+06
2289,3.37238e+06
2337,3.36125e+06
2386,3.38563e+06
2436,3.34694e+06
2487,3.29465e+06
2539,3.46583e+06
2593,3.37757e+06
2647,3.34867e+06
2703,3.25664e+06
2760,3.32497e+06
2818,3.28387e+06
2877,3.30498e+06
2937,3.25834e+06
2999,3.22435e+06
3062,3.23085e+06
3126,3.37177e+06
3192,3.17817e+06
3259,2.98901e+06
3327,3.06939e+06
3397,2.95306e+06
3469,3.09129e+06
3542,3.01455e+06
3616,2.94734e+06
3692,3.02033e+06
3770,3.10246e+06
3849,2.93282e+06
3906,2.9452e+06
3930,3.13631e+06
4012,3.05438e+06
4096,3.1064e+06
4183,3.05142e+06
4270,3.02021e+06
4360,3.00457e+06
4452,3.07517e+06
4545,2.95528e+06
4641,3.20233e+06
4738,3.04408e+06
4838,3.05838e+06
4939,3.02964e+06
5043,3.13679e+06
5149,2.91975e+06
5257,2.92362e+06
5368,3.00113e+06
5481,2.93722e+06
5596,2.99305e+06
5713,2.96079e+06
5833,2.92023e+06
5956,2.68393e+06
6081,2.68012e+06
6209,2.70101e+06
6339,2.9101e+06
6473,2.91048e+06
6609,2.74316e+06
6747,2.82393e+06
6889,2.80761e+06
7034,2.80962e+06
7182,2.85693e+06
7333,2.84666e+06
7487,2.67251e+06
7644,2.69319e+06
7805,2.75455e+06
7842,2.74776e+06
7968,3.04356e+06
8136,2.93789e+06
8307,3.17109e+06
8481,3.01121e+06
8660,2.88636e+06
8842,3.08835e+06
9027,2.99731e+06
9217,3.08493e+06
9411,3.01975e+06
9608,2.9382e+06
9810,2.97101e+06
10016,2.92399e+06
10227,2.97392e+06
10442,2.97076e+06
10661,2.97902e+06
10885,2.80444e+06
11114,3.09854e+06
11347,2.85469e+06
11586,2.9018e+06
11829,2.86513e+06
12078,2.81239e+06
12331,2.81926e+06
12591,2.96888e+06
12855,3.01759e+06
13125,2.79689e+06
13401,2.84621e+06
13683,2.80538e+06
13970,2.76995e+06
14264,2.72486e+06
14563,2.90127e+06
14869,2.66543e+06
15182,2.68379e+06
15501,2.71268e+06
15725,2.75205e+06
15826,2.74983e+06
16159,2.70356e+06
16498,2.73418e+06
16845,2.80892e+06
17199,2.88049e+06
17560,2.78675e+06
17929,2.81769e+06
18306,2.7985e+06
18691,2.69114e+06
19083,2.65864e+06
19484,2.60644e+06
19894,2.76929e+06
20312,2.59933e+06
20739,2.7719e+06
21174,2.77849e+06
21619,2.62426e+06
22074,2.73622e+06
22537,2.58292e+06
23011,2.71181e+06
23494,2.81715e+06
23988,2.48306e+06
24492,2.51832e+06
25007,2.67097e+06
25532,2.58577e+06
26069,2.7372e+06
26616,2.77388e+06
27176,2.57746e+06
27747,2.5958e+06
28330,2.4125e+06
28925,2.63482e+06
29533,2.7462e+06
30153,2.65655e+06
30787,2.53636e+06
31434,2.48663e+06
31551,2.4706e+06
32094,2.51826e+06
32768,2.28615e+06
33457,2.18328e+06
34160,2.20052e+06
34878,2.18708e+06
35611,2.04099e+06
36359,2.25364e+06
37123,2.06787e+06
37903,2.24249e+06
38699,2.21978e+06
39512,2.18256e+06
40343,2.16846e+06
41190,2.11985e+06
42056,2.27044e+06
42939,2.19809e+06
43842,2.09426e+06
44763,2.08239e+06
45703,2.08413e+06
46664,2.16708e+06
47644,2.03115e+06
48645,2.55935e+06
49668,2.50332e+06
50711,2.38065e+06
51777,2.48436e+06
52865,2.3492e+06
53975,2.45993e+06
55109,2.34625e+06
56267,2.41284e+06
57450,2.33793e+06
58657,2.51584e+06
59889,2.40659e+06
61148,2.35512e+06
62433,2.36558e+06
63321,2.30844e+06
63744,2.19024e+06
65084,2.26696e+06
66451,2.30268e+06
67848,2.24532e+06
69273,2.32008e+06
70729,2.46439e+06
72215,2.34416e+06
73732,2.38262e+06
75282,2.31205e+06
76863,2.39869e+06
78478,2.37831e+06
80127,2.30568e+06
81811,2.46377e+06
83530,2.27742e+06
85285,2.308e+06
87077,2.22775e+06
88907,2.25843e+06
90775,2.37814e+06
92682,2.40175e+06
94630,2.37034e+06
96618,2.25456e+06
98648,2.40247e+06
100721,2.30462e+06
102838,2.24033e+06
104998,2.33112e+06
107205,2.27252e+06
109457,2.17565e+06
111757,2.26954e+06
114105,2.22104e+06
116503,2.14207e+06
118951,2.22967e+06
121450,2.35328e+06
124002,2.18413e+06
126608,2.27693e+06
127075,2.22396e+06
129268,2.12588e+06
131984,2.19275e+06
134757,2.20279e+06
137589,2.23615e+06
140480,2.20791e+06
143432,2.18966e+06
146446,2.21713e+06
149523,2.14513e+06
152664,2.22176e+06
155872,2.09382e+06
159147,2.26847e+06
162491,2.15813e+06
165906,2.23094e+06
169392,2.13932e+06
172951,2.23469e+06
176585,2.30704e+06
180296,2.24395e+06
184084,1.9864e+06
187952,2.19241e+06
191901,2.24051e+06
195933,2.05824e+06
200050,2.18856e+06
204254,2.14843e+06
208546,2.07363e+06
212928,2.12588e+06
217402,2.15363e+06
221970,2.05894e+06
226634,2.07756e+06
231396,2.11148e+06
236258,2.14234e+06
241222,2.07546e+06
246291,2.07205e+06
251466,2.02142e+06
255133,2.09798e+06
255134,2.08314e+06
256750,1.97717e+06
262144,2.05106e+06
267653,2.03667e+06
273277,2.07942e+06
279019,2.15502e+06
284882,2.00833e+06
290867,2.08765e+06
296979,2.15855e+06
303219,2.11031e+06
309591,1.95188e+06
316096,2.07463e+06
322738,2.01045e+06
329519,2.01799e+06
336443,2.01216e+06
343512,2.05981e+06
350730,2.03048e+06
358100,2.07907e+06
365624,2.11691e+06
373307,1.95344e+06
381151,1.99299e+06
389159,2.01221e+06
397337,2.09347e+06
405685,2.10556e+06
414210,1.9586e+06
422913,2.00944e+06
431799,2.02522e+06
440872,1.9053e+06
450136,1.98334e+06
459594,2.06101e+06
469251,1.97574e+06
479111,1.98113e+06
489179,1.90386e+06
499457,1.91914e+06
509952,1.83117e+06
512425,1.87249e+06
520667,1.93446e+06
531607,1.87591e+06
542777,1.92745e+06
554182,1.96148e+06
565827,1.93235e+06
577716,1.90785e+06
589855,1.89847e+06
602249,1.90077e+06
614904,1.81633e+06
627824,1.94841e+06
641016,1.91789e+06
654485,1.91051e+06
668237,1.89725e+06
682278,1.90769e+06
696615,1.82095e+06
711252,1.87445e+06
726197,2.00059e+06
741456,1.88774e+06
757035,1.93009e+06
772942,1.83164e+06
789183,1.8707e+06
805766,1.86527e+06
822697,1.9196e+06
839983,1.99762e+06
857633,1.9078e+06
875654,1.8623e+06
894053,1.79814e+06
912839,1.83508e+06
932020,1.86403e+06
951603,1.88982e+06
971599,1.78075e+06
992014,1.87398e+06
1.01286e+06,1.84695e+06
1.02459e+06,1.77646e+06
1.03414e+06,1.63655e+06
1.05587e+06,1.64569e+06
1.07806e+06,1.70444e+06
1.10071e+06,1.70173e+06
1.12384e+06,1.71569e+06
1.14745e+06,1.65922e+06
1.17156e+06,1.64875e+06
1.19618e+06,1.6691e+06
1.22131e+06,1.70861e+06
1.24698e+06,1.65492e+06
1.27318e+06,1.65005e+06
1.29993e+06,1.6592e+06
1.32724e+06,1.68805e+06
1.35513e+06,1.66635e+06
1.3836e+06,1.67522e+06
1.41268e+06,1.65045e+06
1.44236e+06,1.75924e+06
1.47267e+06,1.69725e+06
1.50361e+06,1.74545e+06
1.53521e+06,1.62464e+06
1.56746e+06,1.69585e+06
1.6004e+06,1.67479e+06
1.63403e+06,1.64018e+06
1.66836e+06,1.64076e+06
1.70342e+06,1.69988e+06
1.73921e+06,1.60102e+06
1.77575e+06,1.65015e+06
1.81307e+06,1.66205e+06
1.85116e+06,1.5937e+06
1.89006e+06,1.67383e+06
1.92977e+06,1.62465e+06
1.97032e+06,1.64146e+06
2.01172e+06,1.6255e+06
2.04906e+06,1.58808e+06
2.05399e+06,1.21655e+06
2.09715e+06,1.24526e+06
2.14122e+06,1.30814e+06
2.18621e+06,1.35742e+06
2.23215e+06,1.41667e+06
2.27905e+06,1.4169e+06
2.32694e+06,1.35882e+06
2.37583e+06,1.45356e+06
2.42575e+06,1.39169e+06
2.47672e+06,1.43277e+06
2.52876e+06,1.39536e+06
2.5819e+06,1.3726e+06
2.63615e+06,1.38869e+06
2.69154e+06,1.40515e+06
2.7481e+06,1.45364e+06
2.80584e+06,1.37826e+06
2.8648e+06,1.38139e+06
2.92499e+06,1.34875e+06
2.98645e+06,1.40106e+06
3.0492e+06,1.39708e+06
3.11327e+06,1.40699e+06
3.17869e+06,1.3869e+06
3.24548e+06,1.34547e+06
3.31367e+06,1.3602e+06
3.3833e+06,1.32227e+06
3.45439e+06,1.33796e+06
3.52698e+06,1.30266e+06
3.60108e+06,1.31739e+06
3.67675e+06,1.29612e+06
3.75401e+06,1.2858e+06
3.83289e+06,1.28199e+06
3.91342e+06,1.29722e+06
3.99565e+06,1.22265e+06
4.07961e+06,1.28435e+06
4.09705e+06,1.20203e+06
4.16533e+06,1.16173e+06
4.25286e+06,1.16411e+06
4.34222e+06,1.21848e+06
4.43346e+06,1.24694e+06
4.52661e+06,1.21847e+06
4.62173e+06,1.26534e+06
4.71884e+06,1.1957e+06
4.81799e+06,1.18038e+06
4.91923e+06,1.2162e+06
5.02259e+06,1.18689e+06
5.12813e+06,1.18971e+06
5.23588e+06,1.1689e+06
5.3459e+06,1.20284e+06
5.45822e+06,1.16187e+06
5.57291e+06,1.12268e+06
5.69001e+06,1.1845e+06
5.80957e+06,1.14069e+06
5.93164e+06,1.15684e+06
6.05628e+06,1.16124e+06
6.18353e+06,1.11484e+06
6.31346e+06,1.14811e+06
6.44612e+06,1.1334e+06
6.58157e+06,1.10341e+06
6.71986e+06,1.09967e+06
6.86106e+06,1.10011e+06
7.00523e+06,1.09638e+06
7.15242e+06,1.09424e+06
7.30271e+06,1.08702e+06
7.45615e+06,1.10408e+06
7.61282e+06,1.10234e+06
7.77278e+06,1.08817e+06
7.93611e+06,1.03019e+06
8.10286e+06,1.03324e+06
8.19427e+06,988546
8.27312e+06,1.12547e+06
8.44696e+06,1.07178e+06
8.62444e+06,1.04791e+06
8.80566e+06,1.07132e+06
8.99069e+06,1.01146e+06
9.1796e+06,1.03515e+06
9.37248e+06,1.09451e+06
9.56942e+06,1.05094e+06
9.77049e+06,1.04414e+06
9.97579e+06,1.0446e+06
1.01854e+07,1.06134e+06
1.03994e+07,1.03256e+06
1.06179e+07,1.01813e+06
1.0841e+07,1.02187e+06
1.10688e+07,1.03065e+06
1.13014e+07,1.01069e+06
1.15389e+07,1.04804e+06
1.17813e+07,1.04213e+06
1.20289e+07,1.02647e+06
1.22816e+07,1.02246e+06
1.25397e+07,998011
1.28032e+07,1.01794e+06
1.30722e+07,1.00795e+06
1.33469e+07,1.04218e+06
1.36273e+07,1.04956e+06
1.39137e+07,990388
1.4206e+07,1.02046e+06
1.45045e+07,1.0116e+06
1.48093e+07,995131
1.51205e+07,980333
1.54382e+07,1.01129e+06
1.57626e+07,1.06384e+06
1.60938e+07,1.05666e+06
1.63846e+07,1.00507e+06
1.64319e+07,949743
1.67772e+07,987752
1.71297e+07,977322
1.74897e+07,970784
1.78572e+07,1.01326e+06
1.82324e+07,983122
1.86155e+07,986151
1.90066e+07,996964
1.9406e+07,969118
1.98138e+07,1.01509e+06
2.02301e+07,1.01372e+06
2.06552e+07,1.04056e+06
2.10892e+07,980985
2.15323e+07,991273
2.19848e+07,1.0102e+06
2.24467e+07,1.00894e+06
2.29184e+07,931974
2.33999e+07,1.04173e+06
2.38916e+07,1.00173e+06
2.43936e+07,961923
2.49062e+07,1.00315e+06
2.54295e+07,1.01063e+06
2.59638e+07,973015
2.65094e+07,981300
2.70664e+07,951059
2.76351e+07,947645
2.82158e+07,961957
2.88087e+07,968368
2.9414e+07,1.02474e+06
3.00321e+07,1.0309e+06
3.06631e+07,944167
3.13074e+07,1.00187e+06
3.19652e+07,967818
3.26369e+07,939782
3.27613e+07,933069
3.33227e+07,904026
3.40228e+07,942766
3.47377e+07,942297
3.54676e+07,905363
3.62129e+07,999428
3.69738e+07,967002
3.77507e+07,981173
3.85439e+07,985433
3.93538e+07,959015
4.01807e+07,974684
4.1025e+07,966732
4.1887e+07,972711
4.27672e+07,954889
4.36658e+07,925585
4.45833e+07,952955
4.55201e+07,951752
4.64766e+07,959145
4.74531e+07,919392
4.84502e+07,931321
4.94683e+07,918467
5.05077e+07,901414
5.1569e+07,935877
5.26525e+07,922171
5.37589e+07,916930
5.48885e+07,910085
5.60418e+07,979689
5.72194e+07,940525
5.84217e+07,988256
5.96492e+07,965518
6.09026e+07,948991
6.21823e+07,929125
6.34889e+07,903506
6.48229e+07,899507
6.55092e+07,910603
6.6185e+07,860232
6.75756e+07,901206
6.89956e+07,943366
7.04453e+07,935179
7.19255e+07,910004
7.34368e+07,901314
7.49799e+07,918421
7.65554e+07,915194
7.81639e+07,927962
7.98063e+07,921888
8.14832e+07,910268
8.31954e+07,923262
8.49435e+07,902997
8.67283e+07,934051
8.85507e+07,896869
9.04113e+07,895363
9.2311e+07,896555
9.42507e+07,885924
9.62311e+07,907941
9.82531e+07,888666
1.00318e+08,892350
1.02426e+08,871439
1.04578e+08,882996
1.06775e+08,913188
1.09019e+08,885438
1.11309e+08,908473
1.13648e+08,884083
1.16036e+08,880845
1.18474e+08,910566
1.20964e+08,869933
