num_entries,insertion_time,non_exs_query_time,memory,tail-99,tail-99-non-exs
500,442,1490,71.68,35800,34966
1000,1147,3494,35.84,61879,40146
1500,1432,4814,23.8933,36750,53606
2000,3775,4035,17.92,40705,35104
2500,1882,4790,14.336,56004,35166
3000,3782,6678,11.9467,72558,68676
3500,4098,7700,10.24,51596,63507
4000,5649,5421,8.96,51437,50924
4500,5883,7555,15.9289,51325,51117
5000,6682,8983,14.336,72478,51488
5500,5177,8055,13.0327,51178,51374
6000,4339,8845,11.9467,51559,65511
6500,6925,7643,11.0277,61484,51066
7000,5317,6025,10.24,61290,51228
7500,5508,9031,9.55733,72402,50811
8000,6279,7549,8.96,81080,70667
8500,6781,11693,16.8659,56892,51242
9000,5118,12682,15.9289,54263,51157
9500,8313,9335,15.0905,51526,51557
10000,5322,10987,14.336,51396,50810
10500,5196,9064,13.6533,71706,61030
11000,6321,9116,13.0327,53400,67696
11500,6849,9142,12.4661,51495,51115
12000,5386,6718,11.9467,51844,50855
12500,4021,10333,11.4688,52838,71119
13000,4692,10065,11.0277,60268,71866
13500,4931,11900,10.6193,58381,71500
14000,5009,8387,10.24,51511,50834
14500,4327,6530,9.8869,51627,69463
15000,6736,8039,9.55733,73304,64803
15500,6858,7359,9.24903,55061,51112
16000,6588,6697,8.96,55051,51232
16500,8583,9852,15.2048,51210,51023
17000,5120,13043,16.8659,51261,51019
17500,5653,12291,16.384,54662,51055
18000,4827,12291,15.9289,72047,71551
18500,4782,9604,15.4984,51826,51561
19000,3861,9547,15.0905,51688,51076
19500,5338,8707,14.7036,52314,51050
20000,4660,6854,14.336,51571,50993
20500,5237,9151,13.9863,51182,55660
21000,6252,8376,13.6533,57329,51258
21500,4508,8015,13.3358,53514,50829
22000,4077,8920,13.0327,57503,51594
22500,4985,7188,12.7431,51345,50835
23000,3357,9426,12.4661,72390,50750
23500,7958,7888,12.2009,71783,51168
24000,4678,6601,11.9467,51410,50945
24500,4125,7059,11.7029,55237,50996
25000,4815,6985,11.4688,51379,50721
25500,4787,8094,11.2439,51302,51362
26000,6371,7456,11.0277,71335,51151
26500,5873,6113,10.8196,52398,50999
27000,4971,7888,10.6193,52429,51027
27500,4938,6535,10.4262,51406,50996
28000,4510,7765,10.24,51464,51097
28500,5379,7733,10.0604,54959,51091
29000,4621,6087,9.8869,51605,51049
29500,6755,6185,9.71932,72854,50658
30000,5970,6388,9.55733,51252,66460
30500,5360,8227,9.40066,51250,50486
31000,6634,10893,10.4052,72556,71884
31500,5309,8090,10.24,57696,55998
32000,8022,8596,11.2,62133,50612
32500,11239,8250,13.2332,71974,50961
33000,8320,11288,15.2048,51141,50849
33500,7694,13035,17.1176,51693,62957
34000,6459,12208,16.8659,53839,50706
34500,5315,10089,16.6214,51737,50847
35000,4537,12403,16.384,51282,71880
35500,5916,10896,16.1532,54414,50648
36000,4847,10992,15.9289,52312,50920
36500,4037,11476,15.7107,51147,71575
37000,5708,9363,15.4984,54250,50855
37500,4306,9385,15.2917,51301,50737
38000,4077,7846,15.0905,51664,50961
38500,4394,9229,14.8945,52366,50754
39000,4006,9051,14.7036,51574,50846
39500,4241,7864,14.5175,72064,71479
40000,3970,7460,14.336,51485,51287
40500,3675,7710,14.159,51522,51017
41000,4220,7911,13.9863,52074,50965
41500,4235,7371,13.8178,57455,50847
42000,4116,7166,13.6533,71906,50589
42500,4828,6680,13.4927,51601,50908
43000,4537,6628,13.3358,53713,51148
43500,4145,12143,13.1825,51381,50988
44000,7114,6286,13.0327,70745,50724
44500,4719,7921,12.8863,51267,50983
45000,5518,9946,12.7431,51569,71466
45500,4338,7640,12.6031,51478,50987
46000,3864,6719,12.4661,51389,50653
46500,5235,7034,12.332,51553,50953
47000,4632,10113,12.2009,72261,70212
47500,4738,7127,12.0724,53976,69681
48000,5045,6193,11.9467,52241,50861
48500,4421,8009,11.8235,75807,67918
49000,7424,7705,11.7029,56285,50669
49500,4270,6179,11.5846,52719,50808
50000,4982,6910,11.4688,72379,69994
50500,4683,8684,11.3552,67048,71554
51000,5892,8576,11.2439,51429,71375
51500,7880,9856,11.1348,72436,71108
52000,6445,8765,11.0277,51977,51158
52500,5851,9009,10.9227,51786,71570
53000,5383,11284,10.8196,53612,71453
53500,5469,6267,10.7185,51311,50948
54000,5463,7698,10.6193,51318,50631
54500,4836,11134,10.5218,72391,71190
55000,6050,7705,10.4262,51356,50793
55500,4878,9966,10.3323,51281,71498
56000,6878,6084,10.24,55375,50700
56500,4808,7457,10.1494,51495,50774
57000,6151,9545,10.0604,51653,71700
57500,5664,7222,9.97287,51393,50641
58000,5260,5822,9.8869,54652,50602
58500,5206,7095,9.80239,57458,50786
59000,5014,10140,9.71932,51122,71224
59500,6574,5862,9.63765,52799,50773
60000,5068,8221,9.55733,54031,51452
60500,7254,7523,9.47835,52727,50739
61000,6224,6994,9.40066,72440,69761
61500,5314,10611,9.32423,55216,71974
62000,6342,8754,9.24903,72952,70237
62500,6781,10045,9.17504,61664,71907
63000,5176,7088,9.10222,51272,50766
63500,9300,6788,10.1594,71476,66716
64000,6394,7721,10.08,51495,50956
64500,9301,13254,11.6688,71093,68008
65000,24513,9753,13.2332,64692,50917
65500,6366,10883,13.6794,51392,50701
66000,10350,10196,15.7479,51494,50726
66500,7785,9001,16.1684,51426,50899
67000,4643,14827,16.0478,51393,50666
67500,11441,11808,16.9908,72348,50991
68000,4912,10580,16.8659,64832,51268
68500,4754,10143,16.7428,51168,50798
69000,4532,11864,16.6214,51111,69221
69500,5093,11747,16.5019,51658,50927
70000,3896,9265,16.384,51443,51332
70500,4151,9479,16.2678,52532,50975
71000,4291,8744,16.1532,72084,50769
71500,4809,10332,16.0403,72690,71952
72000,4641,8178,15.9289,51515,51810
72500,7783,8900,15.819,71886,50846
73000,3217,9175,15.7107,52408,50960
73500,3616,8333,15.6038,52931,50910
74000,4235,10012,15.4984,72149,62062
74500,5486,11164,15.3944,51481,68971
75000,5014,7106,15.2917,53238,51664
75500,5149,10026,15.1905,51373,52011
76000,5419,7996,15.0905,51388,51165
76500,3695,8895,14.9919,51334,51112
77000,3646,10912,14.8945,51312,71625
77500,3676,8060,14.7985,71941,50695
78000,4281,7897,14.7036,72193,53074
78500,5474,10195,14.6099,71984,71742
79000,4804,11609,14.5175,51256,71428
79500,4046,6252,14.4262,51483,50906
80000,4519,8010,14.336,51302,50939
80500,4567,6472,14.247,51302,50776
81000,3774,9779,14.159,51272,71981
81500,4784,8262,14.0721,72092,69681
82000,6216,6844,13.9863,51427,51105
82500,4798,7652,13.9016,51319,50943
83000,4636,6707,13.8178,51326,51259
83500,5461,7535,13.7351,72291,51551
84000,4366,6362,13.6533,75742,51319
84500,6926,6494,13.5725,52379,51143
85000,5386,7570,13.4927,51517,50948
85500,4637,6143,13.4138,51740,51011
86000,4513,7220,13.3358,51726,51331
86500,3748,6093,13.2587,51414,51200
87000,4077,7531,13.1825,51584,51215
87500,4944,7474,13.1072,51549,51181
88000,5018,6365,13.0327,72697,51044
88500,4548,7517,12.9591,51625,51021
89000,3820,6189,12.8863,55526,52586
89500,4968,7287,12.8143,51340,50907
90000,5344,5790,12.7431,72899,50864
90500,7907,7207,12.6727,53714,51020
91000,4880,6996,12.6031,51857,50944
91500,4255,7595,12.5342,51331,65228
92000,5222,6062,12.4661,52401,51905
92500,5225,6481,12.3987,51554,50896
93000,4082,7409,12.332,53624,50832
93500,5597,6498,12.2661,51424,51191
94000,5394,5876,12.2009,69750,50997
94500,4790,6085,12.1363,51293,51044
95000,4774,8335,12.0724,72688,71693
95500,6268,7150,12.0092,51476,50978
96000,5534,7348,11.9467,72537,51052
96500,5104,8298,11.8848,72445,53078
97000,4803,8729,11.8235,51407,71054
97500,5667,8873,11.7629,52454,71416
98000,5661,9222,11.7029,51398,71067
98500,6378,7087,11.6435,52437,51090
99000,4663,7034,11.5846,51359,50987
99500,5679,7011,11.5264,51646,50953
100000,4928,7563,11.4688,51459,50753
100500,4944,7019,11.4117,51463,51044
104500,5921,7892,10.9749,72093,69740
108500,6960,7880,10.5703,51515,68713
112500,6854,7124,10.1945,72023,50981
116500,6216,7028,9.84446,72120,50954
120500,6352,7557,9.51768,72111,50982
124500,7293,7447,9.21189,72167,69110
128500,8169,8887,10.8775,71590,51231
132500,10723,10345,14.6065,52751,51179
136500,8123,9791,16.5415,51460,69840
140500,6204,8781,16.3257,71520,51023
144500,5682,7958,15.8738,71985,70200
148500,6251,7969,15.4462,72148,69974
152500,5734,8456,15.041,71817,66508
156500,5698,6912,14.6566,71663,70856
160500,4824,7943,14.2913,71802,70007
164500,4778,6845,13.9438,71580,51243
168500,5470,6806,13.6128,71290,57645
172500,5008,7574,13.2972,51307,69892
176500,6401,6966,12.9958,71278,51139
180500,5498,7163,12.7078,71972,51421
184500,5037,6641,12.4323,71681,70801
188500,5049,8360,12.1685,72178,51018
192500,5366,7022,11.9156,71331,51138
196500,5039,7698,11.6731,72035,50986
204500,5867,7355,11.2164,72151,69803
208500,5679,7038,11.0012,68777,51376
212500,6501,6830,10.7942,52118,67338
216500,6216,8101,10.5947,54983,69989
220500,6170,7155,10.4025,72041,51146
228500,7052,8213,10.0383,72062,50929
232500,7034,7008,9.86563,71484,51081
236500,5925,7148,9.69877,71574,51223
244500,6636,7300,9.38143,54548,71259
248500,6807,7961,9.37465,71378,70930
256500,8149,10037,10.6193,51536,71239
260500,11752,8684,11.9696,72078,70179
268500,12002,12013,16.1514,72011,67682
272500,8172,10932,16.8349,71597,70394
280500,5954,8479,16.3548,72012,70362
284500,7811,8110,16.1249,51750,68513
292500,7235,7473,15.6838,71748,70621
300500,6478,6851,15.2663,71445,69034
304500,6451,7329,15.0657,71381,51426
312500,6140,7696,14.6801,72129,70411
320500,6547,7997,14.3136,71297,51398
328500,6281,6478,13.9651,72200,51482
336500,6447,7658,13.633,72522,51033
344500,5950,7106,13.3165,71493,69953
352500,6317,6898,13.0142,72115,70202
360500,6094,7658,12.7254,71868,51557
368500,6265,7431,12.4492,71935,70035
376500,6044,7997,12.1846,71964,70867
384500,6878,7600,11.9311,71681,69750
392500,6886,7330,11.6879,67367,51264
400500,7169,7373,11.4545,72112,51104
412500,7043,7286,11.1213,71712,69786
420500,8092,8669,10.9097,72179,69651
432500,8180,7431,10.607,72002,70320
440500,6770,7949,10.4143,72024,50971
452500,6926,8845,10.1382,72269,51281
460500,6646,9431,9.96204,71837,71509
472500,7258,7598,9.70904,71798,69978
484500,8412,7901,9.46857,72434,51273
496500,7891,8938,9.23972,72091,68298
504500,10119,8296,9.80361,71595,70619
516500,12632,9875,11.7269,71601,51486
528500,11850,10368,14.0376,71977,70373
540500,10058,11994,16.3783,71768,51292
556500,7525,9878,16.487,71549,71716
568500,8454,9197,16.139,72006,70936
580500,7223,7535,15.8054,72150,70961
592500,7289,7474,15.4853,60927,70461
608500,7083,6590,15.0781,71957,51228
620500,6936,8154,14.7865,71659,64548
636500,7442,6711,14.4148,51995,51374
652500,7546,6760,14.0614,51715,51341
664500,8423,7697,13.8074,72206,70216
680500,8432,6721,13.4828,72398,70672
696500,8409,7576,13.1731,71958,70161
712500,8082,6841,12.8772,71853,71053
728500,7426,7441,12.5944,71871,71694
748500,8816,8521,12.2579,72154,68856
764500,8892,7727,12.0014,72211,51903
780500,7739,7377,11.7553,72166,68732
800500,7651,7776,11.4616,72078,70422
820500,8175,8045,11.1823,72477,69694
836500,7812,7544,10.9684,72530,52888
856500,8323,6906,10.7122,72011,51699
876500,8035,7077,10.4678,71910,70227
896500,8249,7288,10.2343,71916,68467
920500,9528,7712,9.96745,72072,51233
940500,9404,7083,9.75549,72323,67089
960500,8064,8324,9.55236,72110,69893
984500,8854,8557,9.3559,71678,70162
1.0085e+06,11087,8187,9.45309,52312,69289
1.0325e+06,18452,10062,11.1772,72077,67803
1.0565e+06,24309,11434,15.028,69631,70034
1.0805e+06,12663,12376,16.5517,72024,70569
1.1045e+06,8285,11080,16.5815,72515,70953
1.1285e+06,8724,9642,16.2606,72271,68815
1.1565e+06,8085,10142,15.8669,73048,51619
1.1845e+06,10596,9374,15.4918,72115,70048
1.2085e+06,8769,8848,15.1842,71889,51430
1.2405e+06,8764,7150,14.7925,71727,53090
1.2685e+06,8159,7508,14.466,72163,71805
1.2965e+06,8828,6666,14.1536,71947,71593
1.3285e+06,8179,7478,13.8126,71761,51385
1.3565e+06,8165,7491,13.5275,72347,69830
1.3885e+06,8432,8055,13.2158,72526,71150
1.4205e+06,9892,7669,12.918,71955,70537
1.4565e+06,8645,7224,12.5988,51804,70966
1.4885e+06,8977,7950,12.3279,72276,64364
1.5245e+06,9500,7804,12.0368,72504,70255
1.5605e+06,8576,6684,11.7591,72338,71498
1.5965e+06,9322,8191,11.4939,71985,67308
1.6325e+06,9986,8048,11.2405,72196,67234
1.6685e+06,9589,8241,10.998,72278,52452
1.7085e+06,10515,8014,10.7405,72461,68486
1.7485e+06,10343,9143,10.4948,52125,66798
1.7885e+06,8611,8654,10.26,72528,70601
1.8325e+06,10230,8802,10.0137,72528,69624
1.8725e+06,9700,8429,9.79978,71927,70545
1.9165e+06,10531,9184,9.57479,72662,71648
1.9605e+06,11973,7841,9.3599,72384,71629
2.0085e+06,11510,9919,9.22543,72283,66782
2.0525e+06,25985,10839,10.4944,72212,51424
2.1005e+06,31143,11702,13.8378,72380,71886
2.1525e+06,17533,13314,16.3174,72349,71082
2.2005e+06,12345,12885,16.6781,73090,71162
2.2525e+06,9396,10273,16.2931,72080,71307
2.3045e+06,9680,8748,15.9254,60525,69365
2.3565e+06,10220,8276,15.574,71562,71555
2.4125e+06,9891,7847,15.2125,72001,51456
2.4685e+06,10556,7737,14.8674,72213,71549
2.5245e+06,9287,7512,14.5376,72387,51979
2.5845e+06,10375,7617,14.2001,72068,69596
2.6445e+06,10880,7022,13.8779,71730,70007
2.7085e+06,11073,6800,13.55,72450,51506
2.7685e+06,10042,7477,13.2563,71673,71268
2.8325e+06,9406,7948,12.9568,69479,69027
2.9005e+06,10660,7376,12.653,53141,51753
2.9685e+06,10954,8198,12.3632,72237,70242
3.0365e+06,10840,7771,12.0863,72025,70750
3.1085e+06,9638,6921,11.8064,72122,71584
3.1805e+06,10904,8520,11.5391,72250,70181
3.2525e+06,10766,7034,11.2837,72149,71218
3.3285e+06,10113,8267,11.026,71643,69311
3.4085e+06,12089,7307,10.7672,72117,70182
3.4845e+06,10255,8024,10.5324,71730,70212
3.5685e+06,10099,9633,10.2845,72315,51982
3.6525e+06,11385,7819,10.048,72280,51522
3.7365e+06,11663,8429,9.82207,71896,70724
3.8205e+06,10095,8729,9.60611,72077,69881
3.9125e+06,10170,8672,9.38023,72370,57104
4.0005e+06,15108,9244,9.34411,72514,70490
4.0965e+06,27342,11198,10.3062,69453,51138
4.1925e+06,32632,11148,13.3957,72155,67553
4.2885e+06,18731,13386,16.213,72064,70835
4.3885e+06,11673,11578,16.6929,71704,71688
4.4925e+06,10226,10472,16.3384,72080,69865
4.5965e+06,9909,9055,15.9687,72261,71076
4.7005e+06,9710,8905,15.6154,71634,51414
4.8125e+06,9462,7808,15.252,51667,71777
4.9245e+06,9541,7580,14.9051,70929,70887
5.0365e+06,11087,7752,14.5737,71557,70706
5.1565e+06,11032,8386,14.2345,71492,70931
5.2765e+06,9602,7359,13.9108,72011,71215
5.3965e+06,9528,7665,13.6015,71814,69983
5.5245e+06,10798,8161,13.2863,72702,71845
5.6525e+06,11658,8373,12.9855,72033,51688
5.7845e+06,10911,8437,12.6891,70410,71657
5.9205e+06,9816,8535,12.3977,72716,71268
6.0565e+06,9791,7329,12.1193,68038,51372
6.1965e+06,10520,7697,11.8454,71789,70648
6.3405e+06,10838,8242,11.5764,71862,51772
6.4885e+06,11221,8271,11.3124,72450,70331
6.6405e+06,11035,7731,11.0534,72181,71074
6.7965e+06,11032,7775,10.7997,72270,71958
6.9525e+06,10630,7373,10.5574,53956,68871
7.1165e+06,11118,7742,10.3141,72364,70720
7.2805e+06,10056,8636,10.0818,71064,70057
7.4525e+06,10586,9001,9.84909,72237,51396
7.6245e+06,11824,8568,9.6269,72259,54119
7.8005e+06,12255,8589,9.40969,72247,70446
7.9845e+06,12739,8797,9.30956,72138,68849
8.1685e+06,33493,9187,10.0563,72685,66245
8.3605e+06,33622,10964,12.8519,72585,71599
8.5525e+06,24971,13206,15.9661,72191,71581
8.7525e+06,13615,11496,16.6905,71843,70884
8.9565e+06,9819,9972,16.3904,72286,71713
9.1645e+06,10009,9410,16.0184,53129,51543
9.3805e+06,10447,8028,15.6496,72306,72117
9.5965e+06,9592,8462,15.2973,72242,71069
9.8205e+06,10829,8026,14.9484,72500,51445
1.00485e+07,11012,7693,14.6092,71974,70720
1.02845e+07,11296,7604,14.274,71775,51470
1.05245e+07,10905,6821,13.9485,72165,67560
1.07685e+07,10655,8170,13.6324,71912,69889
1.10205e+07,10666,8623,13.3207,71399,70988
1.12765e+07,10211,8161,13.0183,71590,52459
1.15405e+07,10453,8043,12.7205,72661,70755
1.18085e+07,10831,7627,12.4318,72353,71227
1.20805e+07,11223,7393,12.1519,72331,70749
1.23645e+07,10290,8019,11.8728,72713,70829
1.26525e+07,10866,7573,11.6025,71824,53743
1.29445e+07,10651,8525,11.3408,72405,70524
1.32485e+07,11936,7688,11.0805,72236,51992
1.35565e+07,10751,9047,10.8288,72465,70572
1.38725e+07,12563,8592,10.5821,72156,51748
1.41965e+07,11523,8070,10.3406,72095,70360
1.45245e+07,11225,8833,10.1071,71932,52380
1.48645e+07,11913,7716,9.87592,72448,70330
1.52085e+07,11449,8285,9.65254,51793,51448
1.55645e+07,11737,8618,9.43176,71911,51652
1.59285e+07,13248,9449,9.32423,72126,70826
1.62965e+07,26849,9160,9.84382,72218,70208
1.66765e+07,43701,10967,12.5058,72374,70448
1.70645e+07,37023,12680,15.7247,72570,52096
1.74645e+07,10624,13089,16.6943,72369,70711
1.78685e+07,10322,10521,16.4292,72406,70865
1.82845e+07,11394,8883,16.0574,71649,53300
1.87125e+07,10276,9633,15.6901,72254,70988
1.91485e+07,10442,8519,15.3329,72088,51783
1.95925e+07,10131,7441,14.9854,72338,68478
2.00485e+07,10927,7351,14.6446,72434,72206
2.05165e+07,9966,8169,14.3105,72237,71129
2.09965e+07,10316,7908,13.9833,71439,70839
2.14845e+07,10735,7939,13.6657,72170,69163
2.19845e+07,11343,7801,13.3549,71755,51777
2.24965e+07,10542,7643,13.051,71929,71445
2.30205e+07,10677,8324,12.7539,72224,71514
2.35565e+07,10648,7852,12.4637,72468,70604
2.41045e+07,10149,7926,12.1804,72080,66084
2.46645e+07,10781,7163,11.9038,72064,66660
2.52405e+07,12378,8341,11.6321,72472,51894
2.58285e+07,10217,7283,11.3673,71817,51655
2.64285e+07,10585,7957,11.1093,72212,70778
2.70445e+07,12093,8327,10.8562,72059,70329
2.76765e+07,10338,8196,10.6083,72371,70439
2.83205e+07,11043,7670,10.3671,72146,70578
2.89805e+07,10962,8116,10.131,71788,70850
2.96565e+07,11286,8808,9.90007,53709,51549
3.03445e+07,12081,8723,9.6756,72190,71140
3.10525e+07,12392,8785,9.455,71821,70490
3.17765e+07,13282,9727,9.29146,71888,64761
3.25165e+07,18670,8737,9.68401,72310,67413
3.32725e+07,44797,12192,12.1084,72298,70900
3.40485e+07,36000,14828,15.504,71783,71174
3.48405e+07,13413,13029,16.7018,72187,51831
3.56525e+07,11115,11174,16.4692,72267,70687
3.64845e+07,10569,10893,16.0946,72195,71108
3.73325e+07,10175,8425,15.729,71971,51714
3.82005e+07,10617,8228,15.3716,72282,51986
3.90925e+07,10871,7715,15.0208,72413,71133
4.00005e+07,10626,8556,14.6799,72521,70784
4.09325e+07,10062,8794,14.3456,52129,71801
4.18885e+07,11110,6994,14.0182,72321,51729
4.28645e+07,10427,7049,13.699,72476,56228
4.38605e+07,11517,7459,13.388,72525,71197
4.48845e+07,11474,8383,13.0825,72076,70333
4.59285e+07,10969,7967,12.7851,72440,51826
4.69965e+07,9828,7802,12.4946,72560,51894
4.80925e+07,11454,7294,12.2099,72236,51801
4.92125e+07,10349,7841,11.932,51984,71575
5.03605e+07,11416,7449,11.66,72530,66918
5.15325e+07,10795,8990,11.3948,72509,71713
5.27325e+07,11732,8126,11.1355,72115,70383
5.39605e+07,11778,9590,10.8821,72536,71959
5.52165e+07,11333,8732,10.6345,72446,71174
5.65045e+07,12090,8795,10.3921,72425,71423
5.78205e+07,11725,8937,10.1556,73148,70532
5.91685e+07,12314,9841,9.92424,72339,70156
6.05445e+07,12798,9631,9.69869,72814,71543
6.19565e+07,12505,8809,9.47997,72948,70150
6.33965e+07,12211,9529,9.31043,72179,71154
6.48765e+07,25531,9588,9.57866,72079,69772
6.63845e+07,46684,12532,11.7625,71950,68349
6.79325e+07,36115,12501,15.2113,71988,51763
6.95165e+07,15853,12160,16.6598,51953,69468
7.11325e+07,11536,11674,16.5051,71963,52148
7.27925e+07,9938,9534,16.1336,72871,71409
7.44845e+07,10679,9040,15.7671,71894,52098
7.62205e+07,11235,9362,15.408,69740,71537
7.79965e+07,10073,8852,15.0572,52441,70712
7.98125e+07,11810,7929,14.7146,72224,72069
8.16725e+07,10171,8514,14.3794,71972,71340
8.35725e+07,10505,8097,14.0525,72419,71519
8.55205e+07,12357,8591,13.7324,72263,70271
8.75125e+07,10834,7689,13.4199,72302,56453
8.95525e+07,10649,8793,13.1142,72075,69496
9.16365e+07,10395,7800,12.8159,72546,71841
9.37725e+07,12107,8117,12.524,72237,70782
9.59565e+07,11439,7997,12.2389,72473,71000
9.81925e+07,10397,7605,11.9602,72243,71437
1.00476e+08,12571,8377,11.6884,72033,70507
1.02816e+08,11436,7825,11.4223,72438,71151
1.05212e+08,11136,7334,11.1622,72602,71027
1.07664e+08,10981,8337,10.908,58637,71390
1.10172e+08,11292,8070,10.6597,72371,71740
1.12736e+08,11525,8159,10.4173,72109,69570
1.15364e+08,12297,8046,10.18,72216,68860
1.18052e+08,10925,9215,9.94816,71950,69974
1.208e+08,11215,8004,9.72186,71923,51935
1.23612e+08,12214,8921,9.50273,72138,52699
