num_entries,insertion_time,non_exs_query_time,memory,tail-99,tail-99.9,tail-99.99
100,258,,384.8,,,
200,118,,192.4,,,
300,120,,128.267,,,
400,76,,96.2,,,
500,75,,76.96,,,
600,133,,64.1333,,,
700,84,,54.9714,,,
800,109,,48.1,,,
900,88,,42.7556,,,
1000,81,,38.48,,,
1100,120,,34.9818,,,
1200,95,,32.0667,,,
1300,111,,29.6,,,
1400,115,,27.4857,,,
1500,105,,25.6533,,,
1600,123,,24.05,,,
1700,120,,22.6353,,,
1800,116,,21.3778,,,
1900,112,,20.2526,,,
2000,132,,19.24,,,
2100,143,,18.3238,,,
2200,131,,17.4909,,,
2300,132,,16.7304,,,
2400,202,,16.0333,,,
2500,155,,15.392,,,
2600,150,,14.8,,,
2700,159,,14.2519,,,
2800,170,,13.7429,,,
2900,171,,13.269,,,
3000,185,,12.8267,,,
3100,196,,12.4129,,,
3200,192,,12.025,,,
3300,205,,11.6606,,,
3400,218,,11.3176,,,
3500,245,,10.9943,,,
3600,281,,10.6889,,,
3700,322,,10.4,,,
3800,365,,10.1263,,,
3900,2850,,19.5179,,,
4000,145,,19.03,,,
4100,161,,18.5659,,,
4200,136,,18.1238,,,
4300,139,,17.7023,,,
4400,139,,17.3,,,
4500,155,,16.9156,,,
4600,142,,16.5478,,,
4700,141,,16.1957,,,
4800,155,,15.8583,,,
4900,160,,15.5347,,,
5100,172,,14.9255,,,
5200,167,,14.6385,,,
5300,168,,14.3623,,,
5400,176,,14.0963,,,
5500,163,,13.84,,,
5700,186,,13.3544,,,
5800,204,,13.1241,,,
5900,179,,12.9017,,,
6100,184,,12.4787,,,
6200,195,,12.2774,,,
6400,196,,11.8938,,,
6500,209,,11.7108,,,
6700,270,,11.3612,,,
6800,232,,11.1941,,,
7000,277,,10.8743,,,
7100,314,,10.7211,,,
7300,358,,10.4274,,,
7500,451,,10.1493,,,
7600,490,,10.0158,,,
7800,5191,,18.4,,,
8000,138,,17.94,,,
8200,134,,17.5024,,,
8400,130,,17.0857,,,
8600,136,,16.6884,,,
8800,139,,16.3091,,,
9000,149,,15.9467,,,
9200,147,,15.6,,,
9400,151,,15.2681,,,
9600,152,,14.95,,,
9800,149,,14.6449,,,
10000,164,,14.352,,,
10300,163,,13.934,,,
10500,176,,13.6686,,,
10800,181,,13.2889,,,
11000,162,,13.0473,,,
11300,190,,12.7009,,,
11500,169,,12.48,,,
11800,209,,12.1627,,,
12100,194,,11.8612,,,
12400,200,,11.5742,,,
12600,213,,11.3905,,,
12900,222,,11.1256,,,
13200,237,,10.8727,,,
13500,270,,10.6311,,,
13900,285,,10.3252,,,
14200,284,,10.107,,,
14500,392,,9.89793,,,
14800,410,,9.6973,,,
15200,515,,9.44211,,,
15500,727,,9.25935,,,
15900,170,,17.7857,,,
16300,163,,17.3492,,,
16600,159,,17.0357,,,
17000,184,,16.6348,,,
17400,174,,16.2524,,,
17800,185,,15.8872,,,
18200,187,,15.538,,,
18700,184,,15.1226,,,
19100,193,,14.8059,,,
19500,197,,14.5022,,,
20000,181,,14.1396,,,
20500,205,,13.7947,,,
20900,183,,13.5307,,,
21400,208,,13.2146,,,
21900,194,,12.9129,,,
22400,224,,12.6246,,,
23000,232,,12.2953,,,
23500,248,,12.0337,,,
24000,204,,11.783,,,
24600,231,,11.4956,,,
25200,250,,11.2219,,,
25800,259,,10.9609,,,
26400,258,,10.7118,,,
27000,292,,10.4738,,,
27600,296,,10.2461,,,
28200,336,,10.0281,,,
28900,367,,9.78519,,,
29600,438,,9.55378,,,
30200,514,,9.36397,,,
31000,773,,9.12232,,,
31700,188,,17.4536,,,
32400,170,,17.0765,,,
33200,161,,16.6651,,,
33900,167,,16.3209,,,
34700,168,,15.9447,,,
35500,197,,15.5854,,,
36400,200,,15.2,,,
37200,189,,14.8731,,,
38100,184,,14.5218,,,
39000,192,,14.1867,,,
39900,184,,13.8667,,,
40800,234,,13.5608,,,
41700,224,,13.2681,,,
42700,203,,12.9574,,,
43700,227,,12.6609,,,
44700,237,,12.3776,,,
45800,251,,12.0803,,,
46800,250,,11.8222,,,
47900,248,,11.5507,,,
49000,273,,11.2914,,,
50200,293,,11.0215,,,
51300,269,,10.7852,,,
52500,346,,10.5387,,,
53800,327,,10.284,,,
55000,352,,10.0596,,,
56300,378,,9.82735,,,
57600,487,,9.60556,,,
58900,538,,9.39355,,,
60300,692,,9.17546,,,
61700,944,,8.96726,,,
63100,191,,17.3613,,,
64600,193,,16.9581,,,
66100,194,,16.5733,,,
67700,201,,16.1816,,,
69200,195,,15.8309,,,
70800,185,,15.4731,,,
72500,167,,15.1103,,,
74200,209,,14.7641,,,
75900,198,,14.4334,,,
77700,187,,14.099,,,
79500,208,,13.7798,,,
81300,195,,13.4747,,,
83200,213,,13.167,,,
85200,238,,12.8579,,,
87100,227,,12.5775,,,
89200,223,,12.2813,,,
91300,270,,11.9989,,,
93400,253,,11.7291,,,
95500,249,,11.4712,,,
97800,254,,11.2014,,,
100000,273,,10.955,,,
102400,278,,10.6982,,,
104800,265,,10.4532,,,
107200,345,,10.2192,,,
109700,322,,9.98629,,,
112300,322,,9.75508,,,
114900,383,,9.53434,,,
117500,363,,9.32337,,,
120300,552,,9.10637,,,
123100,726,,8.89924,,,
125900,189,,17.248,,,
128900,215,,16.8465,,,
131900,165,,16.4634,,,
134900,168,,16.0973,,,
138100,170,,15.7243,,,
141300,146,,15.3682,,,
144600,153,,15.0174,,,
148000,173,,14.6724,,,
151400,157,,14.3429,,,
154900,173,,14.0189,,,
158500,173,,13.7004,,,
162200,176,,13.3879,,,
166000,168,,13.0814,,,
169900,178,,12.7812,,,
173800,191,,12.4944,,,
177900,196,,12.2064,,,
182000,217,,11.9314,,,
186300,234,,11.656,,,
190600,209,,11.3931,,,
195000,209,,11.136,,,
199600,246,,10.8794,,,
204200,244,,10.6343,,,
209000,257,,10.39,,,
213800,270,,10.1568,,,
218800,286,,9.92468,,,
223900,338,,9.69862,,,
229100,400,,9.47848,,,
234500,466,,9.26021,,,
239900,721,,9.05177,,,
245500,185,,17.6005,,,
251200,196,,17.2011,,,
257100,181,,16.8063,,,
263100,165,,16.4231,,,
269200,169,,16.0509,,,
275500,214,,15.6839,,,
281900,177,,15.3278,,,
288500,235,,14.9772,,,
295200,179,,14.6372,,,
302000,175,,14.3077,,,
309100,194,,13.979,,,
316300,195,,13.6608,,,
323600,181,,13.3526,,,
331200,211,,13.0462,,,
338900,204,,12.7498,,,
346800,210,,12.4594,,,
354900,242,,12.175,,,
363100,240,,11.9001,,,
371600,219,,11.6279,,,
380200,221,,11.3648,,,
389100,239,,11.1049,,,
398200,250,,10.8511,,,
407400,288,,10.6061,,,
416900,262,,10.3644,,,
426600,316,,10.1287,,,
436600,348,,9.89673,,,
446700,354,,9.67296,,,
457100,477,,9.45288,,,
467800,573,,9.23667,,,
478700,699,,9.02635,,,
489800,195,,17.5641,,,
501200,174,,17.1646,,,
512900,177,,16.773,,,
524900,200,,16.3896,,,
537100,201,,16.0173,,,
549600,179,,15.653,,,
562400,200,,15.2967,,,
575500,194,,14.9485,,,
588900,189,,14.6084,,,
602600,200,,14.2763,,,
616600,209,,13.9521,,,
631000,206,,13.6337,,,
645700,204,,13.3233,,,
660700,209,,13.0209,,,
676100,249,,12.7243,,,
691900,220,,12.4337,,,
708000,221,,12.151,,,
724500,224,,11.8742,,,
741400,249,,11.6036,,,
758600,269,,11.3405,,,
776300,286,,11.0819,,,
794400,295,,10.8294,,,
812900,285,,10.5829,,,
831800,320,,10.3425,,,
851200,307,,10.1068,,,
871000,394,,9.87701,,,
891300,400,,9.65206,,,
912100,436,,9.43195,,,
933300,585,,9.2177,,,
955000,209,,17.9674,,,
977300,192,,17.5575,,,
1e+06,202,,17.1589,,,
1.0233e+06,231,,16.7682,,,
1.0472e+06,205,,16.3855,,,
1.0716e+06,207,,16.0124,,,
1.0965e+06,212,,15.6488,,,
1.1221e+06,209,,15.2918,,,
1.1482e+06,222,,14.9442,,,
1.1749e+06,208,,14.6046,,,
1.2023e+06,219,,14.2717,,,
1.2303e+06,216,,13.9469,,,
1.259e+06,225,,13.629,,,
1.2883e+06,224,,13.319,,,
1.3183e+06,234,,13.0159,,,
1.349e+06,206,,12.7197,,,
1.3804e+06,238,,12.4304,,,
1.4126e+06,247,,12.147,,,
1.4455e+06,243,,11.8706,,,
1.4792e+06,251,,11.6001,,,
1.5136e+06,235,,11.3365,,,
1.5489e+06,284,,11.0781,,,
1.5849e+06,298,,10.8265,,,
1.6219e+06,313,,10.5795,,,
1.6596e+06,360,,10.3392,,,
1.6983e+06,403,,10.1036,,,
1.7379e+06,410,,9.87336,,,
1.7783e+06,558,,9.64905,,,
1.8198e+06,583,,9.42901,,,
1.8621e+06,1009,,9.21481,,,
1.9055e+06,260,,17.9717,,,
1.9499e+06,268,,17.5625,,,
1.9953e+06,248,,17.1629,,,
2.0418e+06,226,,16.772,,,
2.0893e+06,255,,16.3907,,,
2.138e+06,246,,16.0174,,,
2.1878e+06,218,,15.6528,,,
2.2388e+06,250,,15.2962,,,
2.2909e+06,247,,14.9483,,,
2.3443e+06,230,,14.6078,,,
2.3989e+06,242,,14.2753,,,
2.4548e+06,231,,13.9503,,,
2.5119e+06,255,,13.6332,,,
2.5704e+06,242,,13.3229,,,
2.6303e+06,267,,13.0195,,,
2.6916e+06,268,,12.723,,,
2.7543e+06,299,,12.4333,,,
2.8184e+06,258,,12.1506,,,
2.8841e+06,283,,11.8738,,,
2.9513e+06,293,,11.6034,,,
3.02e+06,347,,11.3394,,,
3.0903e+06,301,,11.0815,,,
3.1623e+06,309,,10.8292,,,
3.236e+06,347,,10.5825,,,
3.3114e+06,358,,10.3416,,,
3.3885e+06,382,,10.1063,,,
3.4674e+06,543,,9.87631,,,
3.5482e+06,888,,9.65141,,,
3.6308e+06,924,,9.43184,,,
3.7154e+06,342,,18.4082,,,
3.8019e+06,277,,17.9894,,,
3.8905e+06,289,,17.5797,,,
3.9811e+06,285,,17.1797,,,
4.0739e+06,296,,16.7883,,,
4.1687e+06,302,,16.4065,,,
4.2658e+06,304,,16.0331,,,
4.3652e+06,270,,15.668,,,
4.4669e+06,298,,15.3113,,,
4.5709e+06,299,,14.9629,,,
4.6774e+06,368,,14.6222,,,
4.7864e+06,325,,14.2892,,,
4.8978e+06,327,,13.9642,,,
5.0119e+06,298,,13.6463,,,
5.1287e+06,341,,13.3355,,,
5.2481e+06,335,,13.0321,,,
5.3704e+06,326,,12.7354,,,
5.4955e+06,342,,12.4454,,,
5.6235e+06,333,,12.1622,,,
5.7544e+06,348,,11.8855,,,
5.8885e+06,396,,11.6148,,,
6.0256e+06,401,,11.3506,,,
6.166e+06,455,,11.0921,,,
6.3096e+06,377,,10.8397,,,
6.4566e+06,535,,10.5929,,,
6.607e+06,544,,10.3517,,,
6.7609e+06,560,,10.1161,,,
6.9184e+06,722,,9.8858,,,
7.0795e+06,1107,,9.66084,,,
7.2444e+06,340,,18.8625,,,
7.4132e+06,338,,18.433,,,
7.5858e+06,344,,18.0136,,,
7.7625e+06,331,,17.6036,,,
7.9433e+06,317,,17.2029,,,
8.1284e+06,337,,16.8111,,,
8.3177e+06,330,,16.4285,,,
8.5114e+06,326,,16.0547,,,
8.7097e+06,332,,15.6891,,,
8.9126e+06,356,,15.332,,,
9.1202e+06,361,,14.983,,,
9.3326e+06,397,,14.642,,,
9.55e+06,379,,14.3087,,,
9.7724e+06,356,,13.983,,,
1e+07,358,,13.6648,,,
1.0233e+07,392,,13.3536,,,
1.04713e+07,407,,13.0497,,,
1.07152e+07,415,,12.7527,,,
1.09648e+07,386,,12.4624,,,
1.12202e+07,414,,12.1787,,,
1.14816e+07,460,,11.9014,,,
1.1749e+07,395,,11.6306,,,
1.20227e+07,414,,11.3658,,,
1.23027e+07,520,,11.1071,,,
1.25893e+07,535,,10.8543,,,
1.28825e+07,648,,10.6072,,,
1.31826e+07,684,,10.3658,,,
1.34897e+07,1351,,10.1298,,,
1.38039e+07,1622,,9.89921,,,
1.41254e+07,2675,,9.6739,,,
1.44544e+07,363,,18.8941,,,
1.47911e+07,394,,18.464,,,
1.51357e+07,365,,18.0436,,,
1.54882e+07,388,,17.633,,,
1.5849e+07,422,,17.2315,,,
1.62182e+07,369,,16.8393,,,
1.65959e+07,397,,16.456,,,
1.69825e+07,397,,16.0814,,,
1.73781e+07,392,,15.7153,,,
1.77828e+07,373,,15.3577,,,
1.81971e+07,375,,15.008,,,
1.86209e+07,393,,14.6665,,,
1.90547e+07,424,,14.3326,,,
1.94985e+07,449,,14.0063,,,
1.99527e+07,422,,13.6875,,,
2.04174e+07,400,,13.376,,,
2.0893e+07,462,,13.0715,,,
2.13797e+07,409,,12.7739,,,
2.18777e+07,427,,12.4832,,,
2.23873e+07,445,,12.199,,,
2.29087e+07,472,,11.9214,,,
2.34423e+07,479,,11.65,,,
2.39884e+07,520,,11.3848,,,
2.45471e+07,536,,11.1257,,,
2.51189e+07,525,,10.8724,,,
2.5704e+07,943,,10.6249,,,
2.63027e+07,1280,,10.3831,,,
2.69154e+07,2314,,10.1467,,,
2.75423e+07,2960,,9.91576,,,
2.81839e+07,432,,19.3701,,,
2.88404e+07,415,,18.9292,,,
2.95121e+07,389,,18.4983,,,
3.01996e+07,403,,18.0772,,,
3.0903e+07,388,,17.6658,,,
3.16228e+07,415,,17.2637,,,
3.23594e+07,383,,16.8707,,,
3.31132e+07,445,,16.4866,,,
3.38845e+07,404,,16.1114,,,
3.46737e+07,424,,15.7446,,,
3.54814e+07,432,,15.3862,,,
3.63079e+07,426,,15.036,,,
3.71536e+07,411,,14.6937,,,
3.8019e+07,401,,14.3593,,,
3.89046e+07,468,,14.0324,,,
3.98108e+07,444,,13.713,,,
4.07381e+07,441,,13.4008,,,
4.1687e+07,463,,13.0958,,,
4.2658e+07,469,,12.7977,,,
4.36516e+07,460,,12.5064,,,
4.46684e+07,491,,12.2217,,,
4.57089e+07,526,,11.9435,,,
4.67736e+07,530,,11.6717,,,
4.78631e+07,531,,11.406,,,
4.89779e+07,622,,11.1464,,,
5.01188e+07,769,,10.8926,,,
5.12862e+07,674,,10.6447,,,
5.24808e+07,2196,,10.4024,,,
5.37032e+07,4591,,10.1656,,,
5.49541e+07,414,,19.8613,,,
5.62342e+07,400,,19.4092,,,
5.7544e+07,449,,18.9674,,,
5.88844e+07,427,,18.5357,,,
6.0256e+07,412,,18.1138,,,
6.16596e+07,441,,17.7014,,,
6.30958e+07,394,,17.2985,,,
6.45655e+07,415,,16.9047,,,
6.60694e+07,497,,16.5199,,,
6.76083e+07,429,,16.1439,,,
6.91831e+07,438,,15.7764,,,
7.07946e+07,474,,15.4173,,,
7.24436e+07,430,,15.0664,,,
7.41311e+07,458,,14.7234,,,
7.58578e+07,490,,14.3883,,,
7.76248e+07,428,,14.0607,,,
7.94329e+07,511,,13.7407,,,
8.12831e+07,484,,13.4279,,,
8.31764e+07,487,,13.1223,,,
8.51139e+07,475,,12.8236,,,
8.70964e+07,490,,12.5317,,,
8.91251e+07,489,,12.2464,,,
9.12011e+07,493,,11.9676,,,
9.33255e+07,554,,11.6952,,,
9.54993e+07,559,,11.429,,,
9.77238e+07,1498,,11.1688,,,
1e+08,2094,,10.9146,,,
1.02329e+08,4955,,10.6662,,,
1.04713e+08,5359,,10.4234,,,
1.07152e+08,14793,,10.1861,,,
1.09648e+08,428,,19.9034,,,
1.12202e+08,412,,19.4504,,,
1.14815e+08,416,,19.0076,,,
1.1749e+08,429,,18.575,,,
1.20226e+08,418,,18.1521,,,
1.23027e+08,416,,17.739,,,
1.25893e+08,466,,17.3352,,,
