num_entries,memory_including_ptr
2,82656
3,55104
4,41328
5,33062.4
6,27552
7,23616
8,20664
9,18368
10,16531.2
11,15028.4
12,13776
13,12716.3
14,11808
15,11020.8
16,10332
17,9724.24
18,9184
19,8700.63
20,8265.6
21,7872
22,7514.18
23,7187.48
24,6888
25,6612.48
26,6358.15
27,6122.67
28,5904
29,5700.41
30,5510.4
31,5332.65
32,5166
33,5009.45
34,4862.12
35,4723.2
36,4592
37,4467.89
38,4350.32
39,4238.77
40,4132.8
41,4032
42,3936
43,3844.47
44,3757.09
45,3673.6
46,3593.74
47,3517.28
48,3444
49,3373.71
50,3306.24
51,3241.41
52,3179.08
54,3061.33
55,3005.67
56,2952
57,2900.21
58,2850.21
59,2801.9
61,2710.03
62,2666.32
63,2624
64,2583
66,2504.73
67,2467.34
69,2395.83
70,2361.6
72,2296
73,2264.55
75,2204.16
76,2175.16
78,2119.38
79,2092.56
81,2040.89
83,1991.71
84,1968
86,1922.23
88,1878.55
90,1836.8
92,1796.87
94,1758.64
96,1722
98,1686.86
100,1653.12
102,1620.71
104,1589.54
106,1559.55
108,1530.67
110,1502.84
113,1462.94
115,1437.5
117,1412.92
120,1377.6
122,1355.02
125,1322.5
128,1291.5
130,1271.63
133,1242.95
136,1215.53
139,1189.29
142,1164.17
145,1140.08
148,1116.97
151,1094.78
154,1073.45
157,1052.94
160,1033.2
164,1008
167,989.892
171,966.737
174,950.069
178,928.719
182,908.308
185,893.578
189,874.667
193,856.539
197,839.147
201,822.448
206,802.485
210,787.2
214,772.486
219,754.849
223,741.309
228,725.053
233,709.494
238,694.588
243,680.296
248,666.581
253,653.407
258,640.744
264,626.182
269,614.543
275,601.135
281,588.299
287,576
293,564.205
299,552.883
305,542.007
311,531.55
318,519.849
325,508.652
331,499.432
338,489.089
345,479.165
353,468.306
360,459.2
368,449.217
375,440.832
383,431.624
391,422.793
399,414.316
408,405.176
416,397.385
425,388.969
434,380.903
443,373.165
452,365.735
462,357.818
472,350.237
482,342.971
492,336
502,329.307
512,322.875
523,316.084
534,309.573
545,303.325
557,296.79
569,290.531
581,284.53
593,278.772
605,273.243
618,267.495
631,261.984
644,256.696
658,251.234
671,246.367
686,240.98
700,236.16
715,231.206
730,226.455
745,221.895
761,217.23
777,212.757
793,208.464
810,204.089
827,199.894
844,195.867
862,191.777
880,187.855
898,184.089
917,180.275
936,176.615
956,172.921
976,169.377
996,165.976
1017,162.549
1039,159.107
1061,155.808
1083,152.643
1106,149.468
1129,146.423
1153,143.376
1177,140.452
1201,137.645
1227,134.729
1252,132.038
1279,129.251
1306,126.579
1333,124.015
1361,121.464
1390,118.929
1419,116.499
1449,114.087
1479,111.773
1510,109.478
1542,107.206
1574,105.027
1607,102.87
1641,100.739
1676,98.6348
1711,96.6172
1747,94.6262
1783,92.7156
1821,90.7809
1859,88.9252
1898,87.098
1938,85.3003
1979,83.5331
2020,81.8376
2063,80.1318
2106,78.4957
2150,76.8893
2195,75.313
2242,73.7342
2289,72.2202
2337,70.7368
2386,69.2842
2436,67.8621
2487,66.4704
2539,65.1091
2593,63.7532
2647,62.4526
2703,61.1587
2760,59.8957
2818,58.6629
2877,57.4599
2937,56.286
2999,55.1224
3062,53.9882
3126,52.8829
3192,51.7895
3259,50.7248
3327,49.688
3397,48.6641
3469,47.6541
3542,46.6719
3616,45.7168
3692,44.7757
3770,43.8493
3849,42.9493
3930,42.0641
4012,41.2044
4096,40.3594
4183,39.52
4270,38.7148
4360,75.8312
4452,74.2642
4545,72.7446
4641,71.2398
4738,69.7813
4838,68.339
4939,66.9415
5043,65.561
5149,64.2113
5257,62.8921
5368,61.5917
5481,60.3218
5596,59.0822
5713,57.8722
5833,56.6816
5956,55.5111
6081,54.37
6209,53.2492
6339,52.1571
6473,51.0774
6609,50.0263
6747,49.0031
6889,47.993
7034,47.0037
7182,46.0351
7333,45.0871
7487,44.1597
7644,43.2527
7805,42.3605
7968,41.494
8136,40.6372
8307,39.8007
8481,38.9841
8660,57.2674
8842,74.7849
9027,73.2522
9217,71.7422
9411,70.2633
9608,68.8226
9810,67.4055
10016,66.0192
10227,64.6571
10442,63.3258
10661,62.025
10885,60.7486
11114,59.4969
11347,58.2751
11586,57.073
11829,55.9006
12078,54.7481
12331,53.6248
12591,52.5175
12855,51.439
13125,50.3808
13401,49.3432
13683,48.3262
13970,47.3334
14264,46.3578
14563,45.406
14869,44.4716
15182,43.5547
15501,42.6584
15826,41.7824
16159,40.9213
16498,40.0805
16845,39.2549
17199,57.6703
17560,75.313
17929,73.763
18306,72.2439
18691,70.7558
19083,69.3023
19484,67.876
19894,66.4771
20312,65.1091
20739,63.7686
21174,62.4585
21619,61.1729
22074,59.9119
22537,58.6811
23011,57.4723
23494,56.2908
23988,55.1316
24492,53.9971
25007,52.885
25532,51.7976
26069,50.7306
26616,49.688
27176,48.6641
27747,47.6627
28330,46.6818
28925,45.7216
29533,44.7803
30153,43.8595
30787,42.9563
31434,42.0722
32094,41.207
32768,40.3594
33457,44.4693
34160,48.3934
34878,61.6164
35611,74.2746
36359,72.7466
37123,71.2494
37903,69.7832
38699,68.3478
39512,66.9415
40343,65.5626
41190,64.2144
42056,62.8921
42939,61.5988
43842,60.3301
44763,59.0888
45703,57.8735
46664,56.6816
47644,55.5157
48645,54.3734
49668,53.2534
50711,52.1582
51777,51.0843
52865,50.033
53975,49.004
55109,47.9956
56267,47.0079
57450,46.0399
58657,45.0925
59889,44.1649
61148,43.2556
62433,42.3653
63744,41.494
65084,40.6397
66451,39.8036
67848,46.2936
69273,57.2732
70729,70.1178
72215,73.2533
73732,71.7461
75282,70.2689
76863,68.8235
78478,67.4072
80127,66.02
81811,64.661
83530,63.3303
85285,62.0271
87077,60.7506
88907,59.5002
90775,58.2758
92682,57.0767
94630,55.9018
96618,54.7515
98648,53.6248
100721,52.5212
102838,51.44
104998,50.3818
107205,49.3446
109457,48.3293
111757,47.3347
114105,46.3607
116503,45.4064
118951,44.472
121450,43.5569
124002,42.6605
126608,41.7824
129268,40.9226
131984,40.0805
134757,44.1627
137589,56.4701
140480,65.8989
143432,71.4579
146446,72.2448
149523,70.7581
152664,69.3023
155872,67.876
159147,66.4792
162491,65.1111
165906,63.7709
169392,62.4585
172951,61.1732
176585,59.9143
180296,58.6811
184084,57.4736
187952,56.2908
191901,55.1324
195933,53.9979
200050,52.8866
204254,51.7981
208546,50.7321
212928,49.688
217402,48.6655
221970,47.664
226634,46.6831
231396,45.7223
236258,44.7814
241222,43.8599
246291,42.9572
251466,42.0732
256750,41.2073
262144,40.99
267653,43.2345
273277,47.789
279019,64.5799
284882,71.3747
290867,72.7478
296979,71.2506
303219,69.7843
309591,68.348
316096,66.9415
322738,65.5638
329519,64.2146
336443,62.8931
343512,61.5988
350730,60.3311
358100,59.0895
365624,57.8735
373307,56.6824
381151,55.5159
389159,54.3735
397337,53.2544
405685,52.1585
414210,51.085
422913,50.0338
431799,49.0041
440872,47.9956
450136,47.0079
459594,46.0405
469251,45.093
479111,44.165
489179,43.256
499457,42.3659
509952,41.494
520667,41.2751
531607,21.1274
542777,24.0365
554182,27.0109
565827,31.8978
577716,33.2374
589855,32.7396
602249,34.9988
614904,34.2785
627824,33.5731
641016,32.8822
654485,32.2055
668237,36.3338
682278,36.0715
696615,35.3292
711252,34.6021
726197,33.89
741456,33.1926
757035,32.5095
772942,31.8404
789183,31.3251
805766,36.4349
822697,38.5031
839983,37.7108
857633,36.9347
875654,36.1746
894053,35.4301
912839,34.701
932020,33.9868
951603,33.2874
971599,32.6024
992014,31.9314
1.01286e+06,31.2743
1.03414e+06,30.6307
1.05587e+06,20.2347
1.07806e+06,21.808
1.10071e+06,25.6538
1.12384e+06,31.6814
1.14745e+06,33.1351
1.17156e+06,32.9219
1.19618e+06,35.1978
1.22131e+06,34.4734
1.24698e+06,33.7639
1.27318e+06,33.0691
1.29993e+06,32.3886
1.32724e+06,35.2156
1.35513e+06,36.2831
1.3836e+06,35.5364
1.41268e+06,34.8051
1.44236e+06,34.0888
1.47267e+06,33.3873
1.50361e+06,32.7002
1.53521e+06,32.0272
1.56746e+06,31.3681
1.6004e+06,24.574
1.63403e+06,24.6088
1.66836e+06,25.1611
1.70342e+06,24.6433
1.73921e+06,26.1674
1.77575e+06,25.6289
1.81307e+06,25.1015
1.85116e+06,26.1951
1.89006e+06,27.8172
1.92977e+06,27.2448
1.97032e+06,26.6841
2.01172e+06,26.1349
2.05399e+06,25.5971
2.09715e+06,25.1227
2.14122e+06,21.0893
2.18621e+06,24.6532
2.23215e+06,29.1152
2.27905e+06,33.0297
2.32694e+06,33.1051
2.37583e+06,33.4926
2.42575e+06,34.6693
2.47672e+06,33.9558
2.52876e+06,33.257
2.5819e+06,32.5726
2.63615e+06,28.002
2.69154e+06,28.041
2.7481e+06,27.9861
2.80584e+06,28.6693
2.8648e+06,28.0793
2.92499e+06,29.917
2.98645e+06,29.3013
3.0492e+06,28.6983
3.11327e+06,28.1077
3.17869e+06,24.442
3.24548e+06,24.7554
3.31367e+06,25.312
3.3833e+06,24.7911
3.45439e+06,26.3263
3.52698e+06,25.7845
3.60108e+06,25.2539
3.67675e+06,21.8622
3.75401e+06,22.3239
3.83289e+06,22.7862
3.91342e+06,22.3173
3.99565e+06,23.6263
4.07961e+06,23.1401
4.16533e+06,22.6902
4.25286e+06,20.6458
4.34222e+06,23.1859
4.43346e+06,27.292
4.52661e+06,32.4886
4.62173e+06,33.2457
4.71884e+06,32.7131
4.81799e+06,30.5126
4.91923e+06,30.6028
5.02259e+06,31.3798
5.12813e+06,30.734
5.23588e+06,30.1015
5.3459e+06,28.137
5.45822e+06,28.2052
5.57291e+06,28.8926
5.69001e+06,28.298
5.80957e+06,26.107
5.93164e+06,26.5376
6.05628e+06,26.9029
6.18353e+06,26.5992
6.31346e+06,24.4275
6.44612e+06,24.9523
6.58157e+06,25.2775
6.71986e+06,24.9873
6.86106e+06,23.1676
7.00523e+06,23.4473
7.15242e+06,23.9526
7.30271e+06,23.4597
7.45615e+06,22.0161
7.61282e+06,22.0416
7.77278e+06,22.4828
7.93611e+06,20.8948
8.10286e+06,21.1188
8.27312e+06,21.5581
8.44696e+06,20.2621
8.62444e+06,21.6884
8.80566e+06,25.68
8.99069e+06,29.0139
9.1796e+06,31.2552
9.37248e+06,31.7233
9.56942e+06,30.339
9.77049e+06,30.7994
9.97579e+06,29.1016
1.01854e+07,29.1856
1.03994e+07,29.2644
1.06179e+07,27.9849
1.0841e+07,28.3866
1.10688e+07,26.9981
1.13014e+07,27.1946
1.15389e+07,26.9698
1.17813e+07,26.1066
1.20289e+07,26.1567
1.22816e+07,25.3206
1.25397e+07,25.363
1.28032e+07,24.5553
1.30722e+07,24.5905
1.33469e+07,23.8124
1.36273e+07,23.8408
1.39137e+07,23.093
1.4206e+07,22.4243
1.45045e+07,22.8762
1.48093e+07,21.9217
1.51205e+07,22.1715
1.54382e+07,21.48
1.57626e+07,20.8356
1.60938e+07,21.2574
1.64319e+07,20.6023
1.67772e+07,20.714
1.71297e+07,21.1982
1.74897e+07,23.3252
1.78572e+07,27.4221
1.82324e+07,30.9488
1.86155e+07,30.9648
1.90066e+07,30.3599
1.9406e+07,30.2813
1.98138e+07,29.8301
2.02301e+07,29.2987
2.06552e+07,28.6054
2.10892e+07,28.0159
2.15323e+07,27.445
2.19848e+07,27.5129
2.24467e+07,27.0997
2.29184e+07,26.6942
2.33999e+07,26.2916
2.38916e+07,25.6135
2.43936e+07,25.2158
2.49062e+07,24.8337
2.54295e+07,24.4598
2.59638e+07,24.0897
2.65094e+07,23.7225
2.70664e+07,23.6232
2.76351e+07,23.2604
2.82158e+07,22.9034
2.88087e+07,22.5504
2.9414e+07,21.8562
3.00321e+07,21.6228
3.06631e+07,21.405
3.13074e+07,21.2991
3.19652e+07,20.9682
3.26369e+07,20.4224
3.33227e+07,20.2474
3.40228e+07,20.5025
3.47377e+07,21.7483
3.54676e+07,26.3612
3.62129e+07,30.098
3.69738e+07,30.8885
3.77507e+07,30.6684
3.85439e+07,30.0394
3.93538e+07,29.688
4.01807e+07,29.1985
4.1025e+07,28.5545
4.1887e+07,28.3019
4.27672e+07,27.7148
4.36658e+07,27.2209
4.45833e+07,26.9748
4.55201e+07,26.57
4.64766e+07,26.1015
4.74531e+07,25.6271
4.84502e+07,25.2415
4.94683e+07,24.7906
5.05077e+07,24.4174
5.1569e+07,24.0492
5.26525e+07,23.7508
5.37589e+07,23.3903
5.48885e+07,23.1567
5.60418e+07,22.8087
5.72194e+07,22.4612
5.84217e+07,22.0539
5.96492e+07,21.8332
6.09026e+07,21.3228
6.21823e+07,21.1063
6.34889e+07,20.8906
6.48229e+07,20.5123
6.6185e+07,20.1827
6.75756e+07,20.2466
6.89956e+07,21.0488
7.04453e+07,24.4226
7.19255e+07,28.7975
7.34368e+07,30.7815
7.49799e+07,30.6832
7.65554e+07,30.2017
7.81639e+07,29.712
7.98063e+07,29.0977
8.14832e+07,28.6673
8.31954e+07,28.2433
8.49435e+07,27.8659
8.67283e+07,27.3289
8.85507e+07,27.0023
9.04113e+07,26.4825
9.2311e+07,26.1633
9.42507e+07,25.732
9.62311e+07,25.3091
9.82531e+07,24.8921
1.00318e+08,24.4989
1.02426e+08,24.1286
1.04578e+08,23.781
1.06775e+08,23.4539
1.09019e+08,23.1633
1.11309e+08,22.7176
1.13648e+08,22.43
1.16036e+08,22.0595
1.18474e+08,21.8363
1.20964e+08,21.4701
